tree
version=v4
num_class=1
num_tree_per_iteration=1
label_index=0
max_feature_idx=35
objective=binary sigmoid:1
feature_names=Column_0 Column_1 Column_2 Column_3 Column_4 Column_5 Column_6 Column_7 Column_8 Column_9 Column_10 Column_11 Column_12 Column_13 Column_14 Column_15 Column_16 Column_17 Column_18 Column_19 Column_20 Column_21 Column_22 Column_23 Column_24 Column_25 Column_26 Column_27 Column_28 Column_29 Column_30 Column_31 Column_32 Column_33 Column_34 Column_35
feature_infos=[0:5] [0:5] [0:5] [0:3] [0:2] [0:3] [1:23] [157:359] [0:15726029.105792876] [50000:1238600] [0.88760406839622641:5] [-20053077.66100065:14850409.775792876] [-0.95010774461291858:5] [0:12650589.371514391] [0:14179667.197754033] [2.5:7.5] [0:37.5] [0:37.494999999999997] [0:25] [0:90] [0:90] [0:90] [0:3] [0:1] [0:1] [0:99] [0:1] [0:21135719.731000651] [0:18666677.178939711] [0:21135719.731000651] [0:90] [0:90] [0:90] [0:3] [0:3] [0:3]
tree_sizes=6692 6827 6844 6821 6841 6824 6828 6837 6825 6872 6852 6853 6846 6840 6859 6824 6826 6870 6856 6888 6844 6863 6880 6853 6879 6873 6863 6878 6867 6893 6879 6927 6923 6915 6893 6908 6884 6891 6870 6912 6902 6918 6853 6874 6916 6909 6909 6886 6886 6890

Tree=0
num_leaves=63
num_cat=0
split_feature=22 0 6 6 0 19 17 0 17 2 17 6 16 16 15 14 15 27 17 17 13 9 9 16 17 16 29 9 9 9 9 14 16 6 1 14 5 0 15 11 17 12 17 13 8 15 16 10 16 9 5 17 10 8 19 9 11 13 16 7 16 16
split_gain=136285 1280.25 520.664 403.636 183.644 179.594 150.927 131.1 124.775 116.918 107.36 93.7034 119.29 89.3862 86.2508 85.9684 85.6953 79.5043 75.7438 72.959 118.303 69.5213 71.8968 70.3265 64.4809 70.6235 62.2682 82.251 61.4589 59.048 103.973 58.5828 58.2392 57.4895 83.1159 57.0938 54.694 54.5969 51.7271 61.319 53.7183 51.5194 51.0312 50.4742 67.1661 50.6172 45.782 45.7303 44.8469 41.9486 36.3813 31.4839 26.0936 25.9604 22.3669 20.6334 20.2038 15.0533 13.1164 7.74872 5.0557 9.05444
threshold=1.0000000180025095e-35 3.5000000000000004 8.5000000000000018 7.5000000000000009 1.5000000000000002 45.000000000000007 2.8085000000000004 4.5000000000000009 7.8265000000000002 2.5000000000000004 30.827500000000004 13.500000000000002 33.63750000000001 17.642000000000003 7.4730000000000016 333.70019094857804 2.5485000000000002 270346.55500000005 16.265500000000007 5.3110000000000008 160943.54333333336 270150.00000000006 284950.00000000006 20.364500000000003 8.8520000000000021 23.284000000000002 264242.58500000002 262850.00000000006 118650.00000000001 411200.00000000006 387550.00000000006 239.0648889596915 5.7430000000000012 4.5000000000000009 4.5000000000000009 1166.2801142012579 1.0000000180025095e-35 2.5000000000000004 7.0135000000000014 -452.79999999999558 13.841000000000003 -0.0013275160383080498 4.1125000000000007 185937.60666666669 166354.75500000003 3.7245000000000004 12.151000000000002 0.98022239911899967 20.149500000000003 97650.000000000015 1.5000000000000002 10.089500000000003 0.97787639389259273 72256.020000000004 75.000000000000014 117550.00000000001 -116.76999999999678 144749.23500000002 19.012500000000003 238.50000000000003 6.4175000000000013 5.8520000000000012
decision_type=2 2 2 2 2 2 2 2 2 2 2 2 2 2 2 2 2 2 2 2 2 2 2 2 2 2 2 2 2 2 2 2 2 2 2 2 2 2 2 2 2 2 2 2 2 2 2 2 2 2 2 2 2 2 2 2 2 2 2 2 2 2
left_child=1 2 4 7 18 59 13 14 31 24 15 12 37 28 19 43 51 -18 33 20 -3 23 -23 -11 25 -9 27 -13 53 30 -20 42 -26 49 -35 -30 58 -8 40 -40 -17 -28 -6 44 -5 -45 -21 -33 52 -1 -31 -10 -15 -4 -7 -50 -14 -16 -12 -2 61 -61
right_child=5 3 6 10 8 54 11 9 16 21 36 26 56 48 57 38 17 -19 29 46 -22 22 -24 -25 32 -27 41 -29 35 50 -32 47 -34 34 -36 -37 -38 -39 39 -41 -42 -43 -44 45 -46 -47 -48 -49 55 -51 -52 -53 -54 -55 -56 -57 -58 -59 -60 60 -62 -63
leaf_value=-1.2660294725938208 -1.1149783605946286 -1.289142920899196 -1.2955498680544266 -1.2748295776456204 -1.303592961702341 -1.1089583389217468 -1.2614612913326626 -1.3110713347937961 -1.2843915022828538 -1.2970464051237247 -1.1688876493085065 -1.2582550625876241 -1.3801200585825566 -1.2565158937590422 -1.3349219109544703 -1.2952751981163815 -1.2854156848511484 -1.2765088348049618 -1.2683366971738401 -1.2909954667144825 -1.3139528524707451 -1.3636597151917722 -1.3067586802343452 -1.2678896327504925 -1.3441046848326643 -1.2829406497601672 -1.2289680193095969 -1.3227548813000363 -1.2882131479355365 -1.3247989934362865 -1.1822721154883689 -1.2928705645299243 -1.3159486833911913 -1.2724775042725038 -1.212323998591802 -1.3613622469596356 -1.2893166947920431 -1.2767559330517086 -1.3832873704950845 -1.2857794053024223 -1.2726952474786539 -1.2611227826193265 -1.2909375025183161 -1.2084831934125098 -1.2417437987596762 -1.292150497006479 -1.2999541372171779 -1.2837874861337333 -1.2336412880327281 -1.2840325804399499 -1.2614162307907417 -1.3816830258961701 -1.1902036042721016 -1.365585629244044 -1.1027208473262831 -1.2914936353956581 -1.2936062231559637 -1.4005980798947553 -1.2206918918743808 -1.1197250798623932 -1.1177530851563904 -1.1311735574464614
leaf_weight=355.26871962845325 1707.8447835743427 738.26210756599903 18.131692409515381 878.38136106729507 1392.126155436039 3960.4040493220091 1271.7470707148314 2974.2767980992794 11.473458155989645 1403.4418336600065 27.126599952578545 1297.9637809097767 27.90360215306282 30.404968217015266 14.500707760453222 1108.5741518735886 9620.8760443627834 3387.6239746510983 1854.8543437123299 3658.1221104413271 1376.1212280243635 61.877190738916397 539.91255058348179 242.55774380266666 259.60918699204922 241.20922715961933 344.02923136949539 51.383730232715607 316.92793917655945 72.872057795524597 35.768891111016273 2538.9538311064243 627.7798098474741 410.31482434272766 66.769850760698318 29.126974850893021 20.539304360747337 1078.1434605121613 33.009078159928322 31.518684193491936 345.48948165774345 195.28358931839466 1861.9639330804348 18.83734056353569 185.84880873560905 447.86519229412079 2337.2562133520842 3050.8338971287012 19.394198551774025 3625.887126788497 32.843970000743866 30.209300994873047 28.969610303640366 48.960631057620049 2255.8918392956257 75.067684531211853 8.9011534303426725 21.904138997197151 22.233109161257744 2031.0183199495077 4238.4322731345892 188.75616569817066
leaf_count=1452 3175 3269 82 3704 6461 7011 5112 14132 50 6378 72 5156 161 120 74 5009 42072 14369 7644 16298 6597 342 2531 998 1360 1046 1218 253 1399 361 102 11382 3028 1716 220 160 91 4577 192 138 1446 784 8294 61 693 2003 10722 13268 70 15782 132 175 86 272 3786 335 40 133 76 3918 8053 396
internal_value=-1.24898 -1.28744 -1.28166 -1.29834 -1.28425 -1.1131 -1.26651 -1.30185 -1.28643 -1.30723 -1.28202 -1.26329 -1.26988 -1.29075 -1.29765 -1.28343 -1.28333 -1.2831 -1.27684 -1.2973 -1.30529 -1.29807 -1.31261 -1.29275 -1.31225 -1.30896 -1.25497 -1.26071 -1.30286 -1.26874 -1.26671 -1.29102 -1.32419 -1.28046 -1.26406 -1.29437 -1.22075 -1.26848 -1.29185 -1.33566 -1.28991 -1.24061 -1.29635 -1.27506 -1.26905 -1.28877 -1.29449 -1.28791 -1.25821 -1.28243 -1.30511 -1.3549 -1.22416 -1.34666 -1.10669 -1.27962 -1.3592 -1.37444 -1.19222 -1.11797 -1.11877 -1.1207
internal_weight=65189.6 50807.2 33191 17616.3 28348.6 14382.3 4842.34 14496.8 21894.1 6350.66 3119.42 4275.36 2386.7 566.984 8146.17 3049.52 13050.2 13008.5 6454.58 8109.76 2114.38 2247.79 601.79 1646 4102.88 3215.49 1888.66 1349.35 413.147 1996.34 1890.62 8843.88 887.389 4458.24 477.085 346.055 69.899 2349.89 1518.59 64.5278 1454.06 539.313 3254.09 1530.93 1064.23 466.703 5995.38 5589.79 153.836 3981.16 105.716 41.6828 59.3746 67.0923 6216.3 94.4619 36.8048 36.4048 49.3597 8166.05 6458.21 2219.77
internal_count=250037 223698 143305 80393 123480 26339 19825 66908 96071 29815 13485 17301 9890 2524 37093 13246 56666 56441 27409 36886 9866 10249 2873 7376 19566 15178 7411 5409 1913 8239 7746 39405 4388 19170 1936 1559 239 9689 6785 330 6455 2002 14755 6461 4397 2064 27020 24650 611 17234 493 225 206 354 10797 405 201 207 148 15542 12367 4314
is_linear=0
shrinkage=1


Tree=1
num_leaves=63
num_cat=0
split_feature=22 0 6 6 17 17 0 19 2 6 28 0 28 17 10 15 17 15 15 0 10 10 17 13 9 14 29 17 28 14 28 15 5 18 29 15 15 5 15 10 14 28 13 10 9 26 10 15 3 17 15 9 9 3 18 7 1 15 14 13 19 7
split_gain=99745.8 1059.93 426.375 336.823 144.596 121.638 111.099 111.005 99.6567 89.5952 87.8346 85.1419 87.5439 84.0619 109.966 76.7208 76.7087 75.9922 70.0373 66.9991 62.3402 61.8619 61.4794 100.315 60.7299 57.1055 56.2839 55.9911 56.2403 53.1532 64.5619 55.0909 48.7133 48.6706 118.892 58.8029 48.431 46.9301 64.8364 47.1839 43.7456 80.0914 63.6301 58.5286 43.5806 43.4029 41.8804 74.2694 62.0799 41.1694 39.8179 39.6041 37.1406 29.909 28.9577 24.7855 22.0967 20.2798 17.4291 14.4214 13.6895 4.82348
threshold=1.0000000180025095e-35 3.5000000000000004 7.5000000000000009 7.5000000000000009 8.3500000000000032 2.8085000000000004 4.5000000000000009 45.000000000000007 2.5000000000000004 13.500000000000002 213556.56500000003 1.5000000000000002 529042.19000000006 14.821000000000002 0.98450128580931773 2.7770000000000006 30.827500000000004 7.4730000000000016 2.5695000000000001 2.5000000000000004 0.98053466945966961 0.95165545401493945 5.3110000000000008 160943.54333333336 437850.00000000006 415158.17044587672 145263.62500000003 8.9570000000000025 296875.18500000006 156.20188555013246 220586.02500000002 5.4615000000000009 1.5000000000000002 1.5000000000000002 276279.24500000005 4.2415000000000012 7.4730000000000016 2.5000000000000004 6.5435000000000008 0.93082031504033069 1166.2801142012579 276344.31000000006 260117.72500000003 0.96018957528285476 397050.00000000006 1.0000000180025095e-35 0.97959083354911103 6.0065000000000008 2.5000000000000004 27.177500000000006 6.7975000000000003 348550.00000000006 416900.00000000006 1.0000000180025095e-35 11.000000000000002 228.50000000000003 2.5000000000000004 6.0810000000000004 1818314.125717131 144749.23500000002 75.000000000000014 238.50000000000003
decision_type=2 2 2 2 2 2 2 2 2 2 2 2 2 2 2 2 2 2 2 2 2 2 2 2 2 2 2 2 2 2 2 2 2 2 2 2 2 2 2 2 2 2 2 2 2 2 2 2 2 2 2 2 2 2 2 2 2 2 2 2 2 2
left_child=1 2 4 6 18 40 17 61 27 19 16 36 15 14 50 -13 37 22 20 45 21 -1 23 -3 25 -10 -21 44 -29 31 -31 -20 -14 34 -11 -35 52 39 -39 -5 41 42 -4 -43 -8 -7 47 -15 -48 -26 -12 -24 -6 -38 58 -18 -22 -16 -42 -19 -9 -2
right_child=7 3 5 10 11 9 8 60 24 33 13 12 32 46 57 -17 55 59 29 26 56 -23 51 -25 49 -27 -28 28 -30 30 -32 -33 -34 35 -36 -37 53 38 -40 -41 54 43 -44 -45 -46 -47 48 -49 -50 -51 -52 -53 -54 -55 -56 -57 -58 -59 -60 -61 -62 -63
leaf_value=0.10789970905470736 0.18655525569242171 0.044619329493279021 0.04162860022064746 0.032553116016848453 0.059411975432505995 0.068930747710557266 0.028392119718802317 0.19100373070784052 0.036670426017857576 0.046902211941323366 0.042471447034506088 0.022701830047666027 0.077131524399651069 0.064695330065344087 0.0095118954538632727 0.049391245244177671 0.16632899722722649 0.0024195208554885026 0.029012302420791631 0.035904544758771327 0.073064271062860495 0.019596488854766433 0.041356563894713316 0.022032986767275681 -0.0076745644273760894 0.072289859016612695 0.058847259596351356 0.0063293333863985723 0.038433613296480679 0.049272432087821644 0.0407304216890019 0.044807613520846168 0.040038887123609403 0.09270158658084425 0.10095414815202096 0.07181750907232913 -0.063977168387734804 0.044531103881899535 -0.041865635045897839 0.061594540883786908 -0.038503497409429176 0.14909161714580982 -0.063804781811893599 0.06526842431798982 0.0079411033978421114 0.012523124840341167 0.067772889134265921 -0.003683490684853399 0.15436082911445725 0.064524643496272474 0.00096554640449247452 0.029401858053261423 0.03905300227259767 0.03098342411095777 0.069736439863368624 0.092431988841121193 0.1134402913320371 -0.034093191514165282 0.039706855265408514 -0.062322478228448691 0.19558442652650054 0.18374278581201409
leaf_weight=26.631374388933182 1928.4107337296009 759.10668188333511 480.53556853532791 154.27245406806469 4050.3569981306791 1655.0832678824663 2992.840249940753 4485.5004744231701 2040.7166986763477 377.2065476924181 825.16651064157486 275.48344555497169 425.38568349182606 152.47778840363026 49.412305623292923 11922.895803451538 18.163075551390648 14.522314026951788 1100.8722511529922 358.75638902187347 66.794528484344482 77.707308053970337 5350.0900437086821 1395.0305821895599 115.93195044994354 119.09013296663761 1048.8779767900705 716.66628676652908 168.48535522818565 5128.5664120018482 3889.8077004998922 1107.2698699384928 111.77149713039398 526.56805947422981 139.30715830624104 936.56308023631573 11.780754491686819 133.40722379088402 25.937110766768456 1497.2447472661734 30.959147453308105 26.839372023940086 14.749456003308294 92.927698850631714 285.33291612565517 34.81967905163765 135.97149786353111 53.694574281573296 24.417600780725479 23.797720670700073 62.133802518248558 795.8475960791111 237.13030424714088 27.999447733163834 11.411942884325979 30.237333625555038 68.778422057628632 57.918768212199211 9.2522364258766157 21.097462803125381 2563.0168216824532 7278.290251776576
leaf_count=90 3175 3269 2089 693 16347 6398 13817 7011 9088 1573 3594 1280 1613 604 239 50257 43 74 5009 1579 259 364 23398 6597 596 468 4261 3582 762 21730 16937 4777 485 1828 460 3550 69 568 144 6002 177 74 87 370 1405 164 535 267 64 97 314 3622 1042 123 45 100 226 318 42 133 3786 12367
internal_value=0.0797679 0.04614 0.0513015 0.0363225 0.0487992 0.0637304 0.0331335 0.187947 0.0282134 0.066367 0.0509765 0.0517172 0.0496584 0.0413259 0.0337827 0.0487885 0.0580418 0.0369482 0.0444569 0.0610571 0.0711881 0.042135 0.0372609 0.0299923 0.0365677 0.0386345 0.053 0.023599 0.0124403 0.0438857 0.0455881 0.0369328 0.0694133 0.0746754 0.0614804 0.0793335 0.0577765 0.0563815 0.030468 0.0588817 0.0436507 0.0473614 0.0384888 0.0840529 0.0266121 0.0677685 0.0617935 0.0468871 0.080955 0.00462187 0.039565 0.0398085 0.058286 0.00286121 -0.000558468 0.120163 0.0935477 -0.0140186 -0.0205081 -0.0359269 0.192669 0.184332
internal_weight=68547.3 52292.1 34273.1 18019 28529.2 5743.86 14798.6 16255.2 6462.86 5077.18 3220.45 17062.8 12735.5 1361.19 994.631 12198.4 1859.26 8335.69 11466.4 3097.54 239.912 104.339 8300.07 2154.14 2299.54 2159.81 1407.63 4163.32 885.152 11226.5 9018.37 2208.14 537.157 1979.64 516.514 1463.13 4327.27 1810.86 159.344 1651.52 666.675 615.052 495.285 119.767 3278.17 1689.9 366.561 206.172 160.389 139.73 887.3 6145.94 4287.49 39.7802 51.6233 48.4004 135.573 107.331 40.2114 35.6198 7048.52 9206.7
internal_count=250037 223698 143305 80393 120608 22697 66908 26339 29815 19813 13485 71216 53635 5935 4465 51537 7550 37093 49392 12402 939 454 36886 9866 10249 9556 5840 19566 4344 48453 38667 9786 2098 7411 2033 5378 17581 7407 712 6695 2884 2620 2176 444 15222 6562 1470 871 599 693 3908 27020 17389 192 264 143 485 557 219 207 10797 15542
is_linear=0
shrinkage=0.05


Tree=2
num_leaves=63
num_cat=0
split_feature=22 0 7 7 2 2 7 10 1 17 0 13 25 22 7 11 7 0 27 1 0 0 1 18 8 10 28 7 7 18 13 9 17 9 17 11 9 28 27 9 29 17 17 10 3 29 13 13 11 13 7 5 17 8 4 10 12 17 8 29 1 28
split_gain=77338.1 886.698 178.967 145.378 142.838 140.121 105.085 104.428 114.778 88.2311 87.8674 82.1379 79.913 79.8861 77.6639 99.5872 68.8897 66.0936 71.9072 58.5083 77.9168 56.653 54.4274 53.5109 66.8834 53.1626 64.1857 53.0695 74.9811 64.4037 55.3714 52.824 50.7209 64.1914 58.981 50.172 49.4381 47.503 47.3905 43.1994 41.5936 71.3277 50.4673 40.0943 46.0768 38.6755 37.9293 55.9091 44.0106 37.8386 37.338 35.8884 34.8888 34.2299 32.6823 32.14 28.9155 26.5923 34.2798 24.1502 57.1477 47.0019
threshold=1.0000000180025095e-35 3.5000000000000004 353.50000000000006 338.50000000000006 2.5000000000000004 2.5000000000000004 345.50000000000006 0.98464176583853191 3.5000000000000004 3.1675000000000004 1.0000000180025095e-35 296428.1650000001 8.5000000000000018 1.5000000000000002 357.50000000000006 -369.68000000000751 337.50000000000006 4.5000000000000009 405991.22000000003 2.5000000000000004 1.0000000180025095e-35 2.5000000000000004 4.5000000000000009 1.5000000000000002 84581.380000000019 0.98450128580931773 77236.955000000016 353.50000000000006 340.50000000000006 22.500000000000004 185937.60666666669 295450.00000000006 4.6475000000000009 397050.00000000006 5.1950000000000012 -82.510000000005661 88350.000000000015 146866.94500000004 116038.31500000002 643950.00000000012 335326.58500000002 16.146000000000004 11.143000000000002 0.99460403842948353 2.5000000000000004 72564.085000000006 298532.1783333334 308268.15500000009 -629.49500000002433 64388.834999999999 351.50000000000006 1.0000000180025095e-35 5.3110000000000008 384574.88000000006 1.5000000000000002 0.98503570805981255 -0.0020724507419464496 31.512500000000006 146562.43000000002 303500.7900000001 1.5000000000000002 258349.73500000002
decision_type=2 2 2 2 2 2 2 2 2 2 2 2 2 2 2 2 2 2 2 2 2 2 2 2 2 2 2 2 2 2 2 2 2 2 2 2 2 2 2 2 2 2 2 2 2 2 2 2 2 2 2 2 2 2 2 2 2 2 2 2 2 2
left_child=1 2 3 11 7 10 9 8 14 56 25 23 57 -2 15 -3 49 18 52 20 53 50 -11 31 -25 35 -27 28 29 -14 -30 -1 33 -13 -34 -4 -18 -22 -16 55 42 -42 -21 45 -45 -12 48 -48 -19 -10 -8 -23 -9 -7 -20 -29 -5 59 -59 61 -61 -6
right_child=13 4 5 6 12 19 21 17 16 22 43 32 27 -15 38 -17 36 46 54 40 37 51 -24 24 -26 26 -28 39 30 -31 -32 -33 34 -35 -36 -37 -38 -39 -40 -41 41 -43 -44 44 -46 -47 47 -49 -50 -51 -52 -53 -54 -55 -56 -57 -58 58 -60 60 -62 -63
leaf_value=0.05376089178113852 0.16013714693475917 0.028035070107976956 0.028669686587189804 -0.027545833920265037 0.049332287684794633 0.070806975229548083 0.06493438300428972 0.025359901911286606 -0.040650842980030105 0.072039929952324611 0.0190255317519821 0.053747823062032907 0.038707909712886478 0.16690374998413215 0.041319117328919304 0.045189681187684648 0.00034346201784901523 -0.03193858745590502 0.010876443160709254 0.068069819304964752 0.050148778790168408 0.040464196955120359 0.10562495602820335 0.062239331965807436 0.041784763805121854 0.02967807361884351 0.073484937736260761 0.026287688076978358 0.071363447173621614 -0.030675867285457931 0.043762878878596777 -0.0010625093094982782 0.097863587221812709 0.012912329496013938 0.0573228472402793 0.11606412196517535 0.060913944326183245 0.039405299397206071 0.016633676565294683 -0.021237864492325502 0.041973784289137957 0.08141427826968882 0.049313867251322099 0.046308513427013615 0.024882955302500426 0.038086335906923591 0.081114606484236851 0.025340639473318549 0.01668515632167944 0.03702590185259215 0.049312481024171254 0.055570757399417685 0.036713052037819521 0.012640281166174428 -0.044901394610673405 0.037078052810750606 0.043998895246365244 0.12619238084022133 0.050092182852818294 0.064965697510798046 0.0059732893529147032 0.084373195891780828
leaf_weight=2036.4709184914827 10043.491536095738 2002.353629514575 198.1652118563652 15.56362411379814 564.21413394808769 360.8124653249979 1268.5625847280025 1089.2994586676359 16.148053258657455 953.72897392511368 276.26901169121265 294.86804689466953 1797.2813721299171 7710.46023234725 236.76146417856216 1465.0084477961063 35.367726072669029 47.846035152673721 208.77782230079174 406.37967093288898 1628.5955135077238 869.74652780592442 138.10078957676888 430.81768605113029 5523.831917449832 103.08050993084908 442.84143817424774 984.92894923686981 333.927500218153 34.079484969377518 398.64773361384869 44.906773209571838 93.823592409491539 142.86363504827023 2049.161130130291 17.90620356798172 709.47732709348202 2794.1477134078741 1087.2564151138067 35.979847341775894 180.5278991907835 314.05954128503799 3053.6967869400978 2652.1141295880079 277.15665552020073 7251.5503711551428 48.60828685760498 594.16084437072277 1701.2122516483068 538.71506260335445 547.60553628206253 717.47936256229877 1786.5147034972906 27.199510425329208 30.040973708033562 2305.4220718443394 152.53249153494835 27.821212098002434 31.613222077488899 78.040176153182983 86.619460627436638 115.24562327563763
leaf_count=8067 15542 8981 862 82 2300 1321 4693 4943 88 3374 1252 1182 7665 10797 1014 6073 171 260 995 1531 6561 3616 419 1653 22930 447 1632 4400 1214 181 1635 214 313 660 7978 54 2813 11677 5084 192 749 1109 12298 10926 1228 30716 182 2728 8013 2338 2190 2817 7691 126 168 9936 628 76 129 301 410 412
internal_value=0.0726174 0.0426861 0.0473279 0.0514014 0.0337857 0.0442133 0.0587602 0.0304131 0.0349242 0.0710963 0.0405126 0.0481691 0.0395429 0.163076 0.0313495 0.0352831 0.0481025 0.025423 0.0302234 0.0489499 0.0452462 0.0541934 0.076288 0.0456769 0.0432646 0.0569047 0.0652134 0.037419 0.0428247 0.0374168 0.056344 0.052578 0.0559298 0.0404202 0.0590978 0.0359122 0.0580379 0.0433614 0.0210479 0.0332522 0.0534554 0.0670182 0.0515167 0.0393181 0.0442813 0.0373868 0.019172 0.0295584 0.015355 0.0347653 0.0602241 0.0472929 0.0324127 0.0667295 0.00386016 0.0338481 0.0373747 0.0533885 0.0857146 0.0511124 0.0339326 0.0552757
internal_weight=71409.9 53655.9 35264.6 15280.1 18391.4 19984.5 4663.32 11597.5 6091.09 1259.93 11219.1 10616.7 6793.82 17754 4791.38 3467.36 1299.71 5506.46 3114.63 8765.42 4810.76 3403.39 1091.83 8036.03 5954.65 761.993 545.922 5890.27 2563.94 1831.36 732.575 2081.38 2580.72 437.732 2142.98 216.071 744.845 4422.74 1324.02 3326.33 3954.66 494.587 3460.08 10457.1 2929.27 7527.82 2391.83 642.769 1749.06 554.863 1816.17 1587.23 2875.81 388.012 238.819 3290.35 168.096 903.554 59.4344 844.119 164.66 679.46
internal_count=250037 223698 143305 60816 80393 82489 17819 51542 26562 4503 47117 42997 28851 26339 21152 15054 5410 24980 13797 35372 19685 13316 3793 32864 24583 2995 2079 25223 10695 7846 2849 8281 10133 1842 8291 916 2984 18238 6098 14528 15687 1858 13829 44122 12154 31968 11183 2910 8273 2426 6883 6433 12634 1447 1163 14336 710 3628 205 3423 711 2712
is_linear=0
shrinkage=0.05


Tree=3
num_leaves=63
num_cat=0
split_feature=22 6 17 17 1 18 18 25 15 16 9 9 15 17 17 6 16 14 11 19 17 14 1 16 15 18 29 9 17 14 9 8 1 14 15 10 11 9 15 15 10 3 7 17 18 9 15 15 15 15 16 16 6 16 7 7 4 15 14 14 19 7
split_gain=62500.9 528.721 180.302 132.462 83.0359 168.062 103.774 98.6833 79.3822 78.0609 76.4751 73.2409 74.5809 72.1072 82.975 69.7834 75.9492 65.5643 64.1621 63.6632 61.8417 57.5834 57.0316 130.679 87.4983 56.2617 85.0569 61.9022 55.8728 53.291 52.1665 51.3385 66.8434 51.1568 48.7941 46.9022 46.303 44.9742 43.6572 42.4056 41.8131 38.3406 54.1811 37.2244 37.0572 36.9738 35.8548 35.5826 48.4713 33.319 53.9592 32.5113 41.0702 36.8535 31.9972 29.8436 24.9227 24.7116 21.5785 10.8189 9.83847 3.45954
threshold=1.0000000180025095e-35 7.5000000000000009 8.3500000000000032 2.8085000000000004 3.5000000000000004 9.5000000000000018 15.500000000000002 9.5000000000000018 7.4730000000000016 17.642000000000003 82350.000000000015 391350.00000000006 6.6145000000000005 17.703500000000002 14.522500000000003 13.500000000000002 33.63750000000001 286.66952206861589 -1195.2950000000126 45.000000000000007 10.817000000000002 120.05345503783421 3.5000000000000004 16.426000000000005 2.5245000000000002 1.5000000000000002 276279.24500000005 117550.00000000001 4.9690000000000003 244.61976893606672 295450.00000000006 125946.48000000003 2.5000000000000004 157.9698195160905 4.5885000000000007 0.96652366285154845 -192.9350000000122 305550.00000000006 6.3885000000000014 4.2055000000000016 0.98968387448791695 1.5000000000000002 358.50000000000006 8.0270000000000028 4.5000000000000009 65650.000000000015 7.230500000000001 6.9765000000000006 6.6005000000000011 6.8765000000000009 21.493500000000004 32.115000000000009 1.5000000000000002 23.015000000000004 356.50000000000006 167.50000000000003 1.5000000000000002 7.2115000000000009 117.89966312799606 181.86878283705252 75.000000000000014 238.50000000000003
decision_type=2 2 2 2 2 2 2 2 2 2 2 2 2 2 2 2 2 2 2 2 2 2 2 2 2 2 2 2 2 2 2 2 2 2 2 2 2 2 2 2 2 2 2 2 2 2 2 2 2 2 2 2 2 2 2 2 2 2 2 2 2 2
left_child=1 2 11 9 5 8 7 33 18 31 45 21 41 14 -7 16 28 -15 -4 61 -9 51 23 -23 -24 26 29 44 34 -17 -12 32 36 -6 -5 -18 -3 -28 -30 -29 -10 43 -43 -13 -27 -8 55 48 -33 54 -51 53 -53 -1 -14 -11 -57 -49 -37 -34 -21 -2
right_child=19 3 4 15 6 13 10 20 40 46 30 12 49 17 -16 25 35 -19 -20 60 -22 22 24 -25 -26 27 37 39 38 -31 -32 47 59 -35 -36 58 -38 -39 -40 -41 -42 42 -44 -45 -46 -47 -48 57 -50 50 -52 52 -54 -55 -56 56 -58 -59 -60 -61 -62 -63
leaf_value=0.026641413967835738 0.14412625417595501 0.056523565017447201 0.053768072229284286 0.041051680702127835 0.0033555163485257944 0.022984360018679269 0.015902580759990768 0.064799916086942841 0.030187011513797147 -0.0048777699514718732 0.036829196822416387 0.026543696462812016 0.028475107601373402 0.0225358881596937 -0.011539334095046667 0.053947916331383287 0.082672498791324947 0.050974982331123887 0.039589658394848987 0.14692122971825156 0.048814102527769056 0.035478372343371894 0.12144231089414757 0.014082481668250164 0.040402808686133426 0.10627061346775549 0.10814181996304569 0.06853189766525232 0.054376983623680403 0.023386123968322518 0.01556801776459054 0.033274427950834948 -0.01957620136370317 0.037895874544538188 -0.00010399304614864082 0.034073783943898595 -0.003574246477381646 0.058829285948766755 0.042761102577549254 0.053572780195258365 -0.026952475160150025 0.027895337981996501 -0.0075053431243009066 -0.028498975446827286 0.070825977072760921 0.094114480747591489 -0.016210118065767602 -0.047287190281114416 0.092686764568891356 0.016455951965970387 0.074463755539277296 -0.018842878353092563 0.071477430168056397 0.04753233023330844 0.097282251440550638 0.059504937079707214 0.10441754544397051 0.026909815425886226 -0.033900763899640425 -0.06468593490243478 0.15051403073565725 0.1419184143268723
leaf_weight=2168.8147114962339 2244.6241433620453 58.085054829716682 838.19994895160198 491.48626765608788 133.08303728699684 972.13352105021477 18.894014924764633 737.65067870914936 62.207453206181526 15.88000927865505 1326.7338753938675 979.71544252336025 24.566151395440102 423.4177211523056 211.99505932629108 252.7542540282011 14.147210597991942 388.719996124506 16607.162877365947 5237.7954722642899 3364.1547962427139 10503.93038828671 33.606795370578766 765.6681260317564 3743.7784140408039 106.01450280845165 64.351044088602066 731.00065729022026 3357.1513488292694 327.40446774661541 368.67920623719692 653.033745855093 25.418133407831192 551.16055585443974 84.384169593453407 15.289702057838438 71.505921140313148 164.25835101306438 1065.6598139852285 1346.2203517109156 65.970817476511002 184.94640477001667 260.07605040073395 31.710454195737839 242.23471754789352 75.466995924711227 15.628342017531393 22.057770758867264 36.234629109501839 115.00130246579647 61.543991044163704 70.314062640070915 15.330404028296469 233.87209942936897 54.11510157585144 222.42883847653866 35.869783133268356 22.843762964010239 49.388863787055016 27.861137449741364 2995.0360418558121 8467.4546495079994
leaf_count=9438 3175 226 3202 1948 606 4350 85 2691 268 76 5583 4280 107 1864 1049 936 48 1555 67412 7011 13035 44102 93 3460 15350 304 180 2512 12580 1376 1680 2734 129 2219 385 62 341 582 4195 4970 344 798 1267 165 832 250 77 121 120 518 223 350 55 937 180 822 109 99 259 159 3786 12367
internal_value=0.0666144 0.0395975 0.0373508 0.0503117 0.0400545 0.0384212 0.0449155 0.0487565 0.0399828 0.0348325 0.0346441 0.033678 0.0238059 0.0246734 0.0168036 0.0525593 0.0489028 0.0361479 0.0402709 0.144922 0.0516889 0.0346417 0.0358069 0.0340247 0.0411238 0.0582996 0.0468794 0.0621077 0.0496707 0.0367008 0.0322058 0.0276839 0.00397976 0.0311779 0.035021 0.000206063 0.0233627 0.0727102 0.0515782 0.0588371 0.000778449 0.0194368 0.00720679 0.024818 0.0816161 0.078454 0.0574529 0.0335882 0.0363977 0.0487379 0.0366776 0.0275959 -0.0026755 0.0286749 0.075799 0.0616517 0.0657419 -0.00953929 -0.0178319 -0.0431653 0.148228 0.142381
internal_weight=73856.1 54911.2 45392.6 9518.59 26145.6 19569.8 6575.82 4786.05 17573.5 1206.85 1789.77 19247 1711.67 1996.27 1184.13 8311.75 5077.51 812.138 17445.4 18944.9 4101.81 17535.3 15047 11269.6 3777.39 3234.24 808.768 2425.47 4998.68 580.159 1695.41 917.04 182.87 684.244 575.87 78.8258 129.591 228.609 4422.81 2077.22 128.178 1456.45 445.022 1011.43 348.249 94.361 289.807 734.17 689.268 255.227 176.545 2488.33 85.6445 2402.69 78.6813 274.179 258.299 44.9015 64.6786 53.2793 8232.83 10712.1
internal_count=250037 223698 187516 36182 106193 80044 26149 18551 71226 5013 7598 81323 7538 8818 5399 31169 19477 3419 70614 26339 15726 73785 63005 47562 15443 11692 3074 8618 19108 2312 7263 3929 855 2825 2333 369 567 762 16775 7482 612 6510 2065 4445 1136 335 1084 3074 2854 1028 741 10780 405 10375 287 1007 931 220 321 288 10797 15542
is_linear=0
shrinkage=0.05


Tree=4
num_leaves=63
num_cat=0
split_feature=22 0 6 6 0 2 0 11 0 7 8 8 15 15 19 29 16 14 17 14 15 10 16 12 16 7 17 29 17 18 14 25 8 17 8 17 25 15 15 17 16 14 14 7 15 16 10 17 29 1 16 4 15 7 7 3 29 29 17 16 10 24
split_gain=52116.9 702.938 263.209 224.675 96.3982 94.1053 96.2087 89.9341 79.7085 71.7436 64.9296 100.346 73.0476 60.1559 54.5136 52.0187 51.8826 66.5179 54.196 50.5383 65.2355 51.0559 53.0894 64.6852 59.5438 50.4226 47.9177 46.3347 46.2342 66.1302 80.5563 65.2048 44.5782 52.273 43.2822 42.4708 40.7795 51.0545 39.6004 38.9194 72.8678 68.2379 46.7711 86.1848 37.9207 36.2876 36.2645 35.5759 35.36 32.0551 42.7041 30.4097 29.7648 29.6923 28.3221 26.6292 25.9966 23.6593 21.3085 18.7072 26.8131 12.6063
threshold=1.0000000180025095e-35 3.5000000000000004 6.5000000000000009 9.5000000000000018 1.5000000000000002 2.5000000000000004 4.5000000000000009 -461.60999999999325 2.5000000000000004 178.50000000000003 270371.49500000005 228934.52500000002 7.3375000000000012 7.4535000000000009 45.000000000000007 461938.44500000001 27.444500000000001 180.28349322975765 8.9570000000000025 454.45472594199242 6.7245000000000008 0.9863748364223246 18.880500000000005 -0.00081818862620874997 18.441500000000001 238.50000000000003 2.6015000000000006 98237.740000000005 14.756500000000001 1.0000000180025095e-35 871.37767096730727 4.5000000000000009 111649.22000000002 17.703500000000002 160460.16500000004 20.935000000000006 6.5000000000000009 2.9375000000000004 7.4730000000000016 4.4105000000000008 14.582500000000001 954.19233516216093 650.16714960044828 221.50000000000003 7.4025000000000007 24.775500000000005 0.98053466945966961 30.185000000000006 407077.35000000003 4.5000000000000009 24.775500000000005 1.5000000000000002 4.8685000000000009 351.50000000000006 350.50000000000006 1.0000000180025095e-35 407077.35000000003 148589.43500000003 14.821000000000002 13.629500000000002 0.97713102321803857 1.0000000180025095e-35
decision_type=2 2 2 2 2 2 2 2 2 2 2 2 2 2 2 2 2 2 2 2 2 2 2 2 2 2 2 2 2 2 2 2 2 2 2 2 2 2 2 2 2 2 2 2 2 2 2 2 2 2 2 2 2 2 2 2 2 2 2 2 2 2
left_child=1 2 4 5 28 6 7 46 15 49 11 -11 -12 36 -2 26 18 -18 -8 21 27 22 24 -24 -5 61 54 -21 29 31 -31 -1 57 -34 -9 58 37 -7 48 40 41 -10 43 -41 -38 -29 -3 -37 -30 50 -6 -44 -51 -28 -4 -40 -42 -23 -17 60 -22 -15
right_child=14 3 8 19 9 13 16 34 39 10 12 -13 -14 25 -16 35 17 -19 -20 20 59 32 23 -25 -26 -27 53 45 38 30 -32 -33 33 -35 -36 47 44 -39 55 42 56 -43 51 -45 -46 -47 -48 -49 -50 52 -52 -53 -54 -55 -56 -57 -58 -59 -60 -61 -62 -63
leaf_value=0.016331427489951554 0.12874944263658336 0.02402270991586428 0.041805959451175614 0.046270787011077133 0.053026826591757496 0.089345526547805865 0.019969677228334856 0.037354113585500545 0.029281501654768845 0.036822493164201005 0.042136099861066138 0.026029966922626366 0.010918027876549974 0.07343920137591349 0.13403177318067969 0.075985867620034842 0.0082637300335796204 0.058359820847492395 0.0059010891785915617 0.10063419011908943 -0.023910601241180048 0.087634994765417404 0.077410051897438131 0.018540409331667465 -0.053584898444341403 -0.046874187986304439 0.056781624581745897 0.032210123437108204 0.051799621133025081 0.038717162003123085 0.0099621166618012388 0.050640358419622847 -0.049995219930894966 0.039633686128626722 0.027293497773267634 -0.023876649276063477 0.03051912591933369 0.039911223739316687 -0.063799494913065732 0.0050567964823696266 0.061499177424699264 -0.028795136120144945 0.053578926645758154 0.045869108739160586 0.072100638466085318 0.080060578855740638 0.0079647485658116118 0.086582578694743687 0.025676333499640554 0.12283552902598041 -0.030028905213703095 0.082633612666756812 0.05334856097012456 0.043455901911698208 0.0042963679768705729 0.025997979867993889 -0.0053030551002382284 0.0046161693108604631 0.11308590120869672 -0.03839766136543591 0.070570175970244592 0.0053426837477645525
leaf_weight=150.34830367565155 11239.023055464029 866.53659772872925 256.92285637557507 1293.0461613535881 508.0193152576685 57.749904796481133 3438.174271568656 1961.8385635912418 416.29598134756088 13695.200098052621 5962.3489411324263 2555.6547184437513 193.46486741304398 13.711940228939056 8638.1033711582422 153.20393264293671 106.84000357985497 174.47128592431545 854.73075914382935 27.4884372651577 18.572144418954853 23.521316021680832 276.72223368287086 56.125996649265289 15.103379651904104 44.133164346218109 2747.529080465436 779.73490266501904 2276.0284479260445 2217.9631773084402 273.60897545516491 1755.2022353261709 37.535420045256615 28.710264727473259 2349.1827456951141 17.655806913971904 5377.7247226387262 546.39739896357059 11.520586043596266 138.73633277416229 208.38969446718693 57.572950482368469 454.74673794209957 1913.3168949335814 55.394497916102409 41.742180436849594 591.65606051683426 12.415133327245711 137.35508459806442 31.288967922329903 15.962719336152075 112.29663664102554 30.369469612836838 493.0395899862051 62.583066716790199 29.135044693946838 15.658087357878683 13.51204554736614 51.785234674811363 36.649163126945496 12.606562152504919 13.475610211491585
leaf_count=636 15542 3746 1010 4842 1892 186 15269 7942 1696 54597 23153 10590 839 48 10797 488 491 666 4062 84 94 74 901 233 79 248 9492 3158 8287 8706 1188 6536 202 109 10015 82 22366 2155 68 602 728 293 1624 7090 195 138 2726 38 567 84 79 353 113 1866 280 122 71 60 135 198 45 61
internal_value=0.06148 0.0368183 0.0408445 0.0290336 0.0387845 0.0268534 0.0239473 0.0282411 0.0494883 0.0372333 0.0367818 0.0351252 0.041155 0.0317741 0.131045 0.0544369 0.0185317 0.0393337 0.0171686 0.0425128 0.0330084 0.0475083 0.0496543 0.0674833 0.0451179 -0.013877 0.0529327 0.0367783 0.0439904 0.0409219 0.0355595 0.0479334 0.0134099 -0.0111509 0.0318718 0.0772181 0.0323134 0.0446366 0.0494885 0.0438264 0.0333345 0.0222255 0.0466222 0.0431098 0.0309431 0.0346416 0.0175073 0.0217277 0.0503128 0.0545093 0.0504966 0.0593329 0.0886102 0.0547542 0.0344588 0.00055207 0.0568306 0.0573446 0.0853582 -0.014178 0.014291 0.0396869
internal_weight=75945.8 56068.7 36955.6 19113.1 29843.5 16452 10343.4 5769.21 7112.15 22992.3 22406.7 16250.9 6155.81 6108.59 19877.1 3795.13 4574.22 281.311 4292.91 2661.07 916.793 1744.28 1641 332.848 1308.15 71.3207 3560.07 848.966 6851.16 4397.12 2491.57 1905.55 103.279 66.2457 4311.02 235.06 6037.27 604.147 2454.04 3317.01 697.917 473.869 2619.1 2052.05 5433.12 821.477 1458.19 30.0709 2413.38 585.64 523.982 567.043 61.6584 3240.57 319.506 40.6556 224.048 37.0334 204.989 67.8279 31.1787 27.1876
internal_count=250037 223698 143305 80393 117457 70176 44917 24429 25848 91347 89179 65187 23992 25259 26339 13391 20488 1157 19331 10217 3717 6500 6055 1134 4921 357 12648 3380 26110 17066 9894 7172 445 311 17957 743 24902 2341 9044 12457 2788 1989 9669 7692 22561 3296 6472 120 8854 2168 1971 1977 197 11358 1290 190 799 134 623 337 139 109
is_linear=0
shrinkage=0.05


Tree=5
num_leaves=63
num_cat=0
split_feature=22 0 0 7 17 7 2 9 9 9 17 28 17 9 13 15 9 8 7 1 10 28 9 16 8 22 7 29 9 15 9 16 16 7 13 9 16 18 28 3 13 0 35 16 16 10 10 15 10 15 7 15 17 9 8 9 15 15 1 15 5 1
split_gain=44204.8 564.141 186.746 147.559 123.647 105.79 92.6165 113.434 74.0871 66.6602 65.3015 94.6411 62.6305 57.3003 56.2372 92.8205 53.7508 63.922 52.0714 52.8064 64.4532 51.9818 50.6497 66.4177 55.7845 50.3763 48.0984 47.9255 46.8664 57.2881 45.9374 45.3302 44.948 68.9915 58.0005 44.8716 56.736 44.5173 58.1188 47.0341 40.0439 38.0886 44.6744 46.5 39.924 61.0454 37.5345 36.7225 36.1229 33.22 58.6388 47.6109 32.9898 32.9829 119.038 59.5094 32.9177 32.8965 73.1091 37.4803 22.2058 29.5424
threshold=1.0000000180025095e-35 2.5000000000000004 4.5000000000000009 351.50000000000006 3.5645000000000002 339.50000000000006 3.5000000000000004 105950.00000000001 380300.00000000006 606600.00000000012 5.4130000000000011 117158.50000000001 13.760500000000002 141950.00000000003 106769.32666666668 3.0505000000000004 148950.00000000003 91058.525000000009 167.50000000000003 3.5000000000000004 0.98866561593578839 401892.27500000008 116650.00000000001 18.696000000000005 115913.01500000001 1.5000000000000002 354.50000000000006 105745.88000000002 103350.00000000001 7.2115000000000009 59850.000000000007 6.5890000000000013 19.358000000000004 353.50000000000006 255567.18833333338 116650.00000000001 4.7945000000000011 11.000000000000002 66818.840000000011 2.5000000000000004 108840.67166666668 1.0000000180025095e-35 1.0000000180025095e-35 2.7055000000000002 3.7650000000000001 0.96533621676296277 0.97338800290927174 7.1520000000000001 0.99928463557649805 4.8095000000000008 354.50000000000006 3.2335000000000007 8.9570000000000025 248750.00000000003 266919.15000000008 246350.00000000003 5.7795000000000014 3.0735000000000006 1.0000000180025095e-35 5.9840000000000009 1.5000000000000002 2.5000000000000004
decision_type=2 2 2 2 2 2 2 2 2 2 2 2 2 2 2 2 2 2 2 2 2 2 2 2 2 2 2 2 2 2 2 2 2 2 2 2 2 2 2 2 2 2 2 2 2 2 2 2 2 2 2 2 2 2 2 2 2 2 2 2 2 2
left_child=1 3 4 5 37 16 18 28 47 -10 11 49 22 14 15 -6 17 30 60 52 -21 31 23 -7 -24 -2 -23 -19 29 -8 -1 -13 33 -15 -34 56 -37 57 48 -40 -16 42 43 -12 45 -43 -46 -9 -39 51 -51 -5 -20 55 -55 -18 -14 58 -3 -59 61 -4
right_child=25 2 6 10 13 12 7 8 9 -11 41 21 35 32 40 -17 53 27 19 20 -22 26 24 -25 -26 -27 -28 -29 -30 -31 -32 -33 34 -35 -36 36 -38 38 39 -41 -42 44 -44 -45 46 -47 -48 -49 -50 50 -52 -53 -54 54 -56 -57 -58 59 -60 -61 -62 -63
leaf_value=0.0054045178315942112 0.1178858859033502 0.0046706245525786252 0.042354701375930004 -0.0035355098266053953 0.060838127515106866 0.0025649043883670948 0.044932155172417353 0.035477405605879767 -0.016553402405969152 0.065122043692366446 0.070088328809359432 0.027810593007931084 0.067490465577778519 0.035502593240306246 0.066354456888469887 0.029266720469842085 0.048675830519876555 0.017478640865924964 0.021638005506740589 0.037583406914450536 0.015319631698826894 0.076241413615520087 0.10996030720004357 0.08372270589191548 0.050208486950128077 0.12288363900210507 0.0046122053230496455 0.037141087686275991 0.11477246655792619 0.12958242667425121 0.057432759243041642 0.045206669945783227 0.032242330838669259 0.028561187014546227 0.045228098047693108 0.087013386026260575 0.053440064709757484 -0.00073310878766693103 0.032624387018756466 0.062531652121398204 0.041585813331828474 -0.03384378534933756 0.0057455304494849254 0.044890079730350314 0.054537907355418129 0.032770954897282725 0.03898048670852583 -0.0048213220664630246 0.078065913231787451 0.10063136338310413 -0.011319299971118137 0.032428162253879511 0.013236438763618449 0.018422167600538369 0.047551066600855479 0.096630204447310006 0.11426769971232309 0.014893757301021042 0.03898718371636764 0.028591256460732201 0.004548511292887949 0.10348498856373974
leaf_weight=47.301892474293709 11630.677780479193 205.67624050378799 45.777524203062057 133.9414778649807 261.83777412772179 111.55025884509087 142.10383801162243 1291.2064446657896 136.38187409937382 30.584036469459534 216.65511371195316 577.55913959443569 74.281843483448029 6446.8650232851505 172.2262274324894 2099.7542759180069 2347.9258758276701 466.28556743264198 3346.5320511013269 908.12956202030182 506.32275462150574 26.652189090847969 40.617651209235191 32.570010125637054 1019.7129771262407 8900.9113219678402 194.23660276830196 924.07450726628304 44.249875649809837 23.258298113942146 411.54633902013302 1064.9975926876068 1949.3587472140789 8048.7666584849358 1538.5394358187914 163.197085916996 549.69473740458488 170.1497568488121 1265.0918830037117 146.70688211917877 3107.4352160990238 35.108001813292503 62.980674609541893 1181.5834487080574 415.06872853636742 1685.373900860548 5879.6891577392817 59.119699344038963 15.90325555205345 12.5218009352684 177.56013205647469 294.08697599172592 1795.2048186510801 443.69834806025028 1673.9839062541723 66.527831390500069 76.181147292256355 1650.3089365810156 632.46806389093399 716.12798917293549 16.174017146229744 34.77969266474247
leaf_count=199 15530 919 178 604 915 470 534 5105 660 110 705 2327 229 24826 591 8359 8498 1910 14480 3599 2236 86 101 93 3465 10741 856 3506 123 56 1416 4011 7677 32517 5742 461 1827 775 5063 522 11798 172 267 4266 1477 6583 22285 269 54 36 823 1174 7962 1819 6049 196 184 7096 2491 2930 71 101
internal_value=0.0571154 0.0345302 0.0308333 0.041198 0.0327669 0.0462561 0.0242736 0.034591 0.029828 -0.00159248 0.0376241 0.0304037 0.0560846 0.0342537 0.0386502 0.0327672 0.0430713 0.0358873 0.0215955 0.0210582 0.0296138 0.0360274 0.0487173 0.0209059 0.0524974 0.120053 0.0132549 0.0305469 0.0690684 0.0568383 0.0520693 0.0390898 0.0328745 0.0316483 0.0379705 0.0663625 0.0611258 0.025453 0.0322705 0.0357322 0.0428865 0.0395149 0.046939 0.0487945 0.0381615 0.0314116 0.0400063 0.0337131 0.0060024 0.0134497 -0.00394446 0.0211742 0.0187047 0.0460025 0.041448 0.0499972 0.0911743 0.0220538 0.0305661 0.0190389 0.0580127 0.068747
internal_weight=77745.8 57214.2 36807 20407.2 28427.2 8449.15 8379.82 1726.9 1517.29 166.966 11958 2481.56 2067.81 23624.8 5641.25 2361.59 6381.34 1849.21 6652.92 6556.19 1414.45 1863.45 1204.45 144.12 1060.33 20531.6 220.889 1390.36 209.612 165.362 458.848 1642.56 17983.5 14495.6 3487.9 863.355 712.892 4802.43 1597.85 1411.8 3279.66 9476.46 1461.22 1398.24 8015.24 1720.48 6294.76 1350.33 186.053 618.11 190.082 428.028 5141.74 4532.14 2117.68 2414.45 150.463 3204.58 838.144 2366.44 96.7312 80.5572
internal_count=250125 223854 147759 76095 112275 30423 35484 6857 6144 770 45672 9917 6830 92425 21663 9274 23593 7031 28627 28277 5835 7280 4129 563 3566 26271 942 5416 713 590 1615 6338 70762 57343 13419 2701 2288 19850 6414 5585 12389 35755 5238 4971 30517 6755 23762 5374 829 2637 859 1778 22442 16562 7868 8694 413 13436 3410 10026 350 279
is_linear=0
shrinkage=0.05


Tree=6
num_leaves=63
num_cat=0
split_feature=22 6 2 16 16 16 17 6 9 13 18 15 14 9 9 18 16 28 18 15 7 16 17 9 4 9 18 19 17 18 17 25 18 29 16 15 17 8 18 17 18 16 13 15 15 27 16 13 13 9 15 16 17 10 25 15 14 6 21 15 9 9
split_gain=38511.5 416.108 164.187 118.316 100.177 87.2812 77.7693 64.4059 58.9127 54.5489 53.9951 53.9579 51.2581 50.8149 76.9668 75.3838 104.193 54.5121 50.7963 125.588 78.0601 76.9194 69.3823 66.7783 50.3988 49.9756 53.8021 47.0785 45.7239 69.5536 49.9957 44.2743 41.8289 41.7318 41.2779 38.9342 73.6524 50.4187 38.6728 36.3202 61.9417 71.0752 42.8945 35.9983 57.8067 52.146 35.3683 41.5529 71.5323 61.5315 50.4482 38.0865 30.8643 30.2046 36.0263 35.9314 28.888 26.0216 24.4468 22.987 20.0121 15.2835
threshold=1.0000000180025095e-35 6.5000000000000009 2.5000000000000004 16.140000000000004 23.284000000000002 24.260000000000002 2.8085000000000004 11.500000000000002 135250.00000000003 135685.02750000005 3.5000000000000004 7.4535000000000009 1019768.5727362147 229350.00000000003 247450.00000000003 5.5000000000000009 7.0360000000000005 244152.27000000002 7.0000000000000009 5.4215000000000009 357.50000000000006 6.3175000000000008 10.089500000000003 326350.00000000006 1.5000000000000002 131950.00000000003 13.500000000000002 45.000000000000007 20.155000000000005 3.5000000000000004 23.360500000000005 20.500000000000004 13.500000000000002 318014.2900000001 2.9745000000000004 3.9285000000000001 23.089000000000006 97835.60000000002 15.500000000000002 15.190500000000002 1.0000000180025095e-35 14.804500000000003 453346.72333333344 5.7600000000000007 5.6125000000000016 69598.070000000022 3.4235000000000002 125907.8016666667 132741.33333333337 120550.00000000001 7.230500000000001 4.5380000000000011 21.107000000000003 0.95659445267214971 4.5000000000000009 5.347500000000001 126.23725076368187 15.500000000000002 13.500000000000002 2.5885000000000002 168850.00000000003 133050.00000000003
decision_type=2 2 2 2 2 2 2 2 2 2 2 2 2 2 2 2 2 2 2 2 2 2 2 2 2 2 2 2 2 2 2 2 2 2 2 2 2 2 2 2 2 2 2 2 2 2 2 2 2 2 2 2 2 2 2 2 2 2 2 2 2 2
left_child=1 2 4 8 18 25 46 13 35 34 33 -12 28 15 38 16 -8 -16 20 22 23 -22 -20 -1 -17 56 -27 -2 29 -5 -30 -21 -11 -7 -10 37 -37 -4 -15 43 41 -41 -42 44 -9 -45 53 49 61 51 -50 -48 60 55 -55 57 -6 -3 -54 -56 -14 -49
right_child=27 6 3 12 5 10 7 39 9 32 11 -13 52 14 17 24 -18 -19 19 31 21 -23 -24 -25 -26 26 -28 -29 30 -31 -32 -33 -34 -35 -36 36 -38 -39 -40 40 42 -43 -44 45 -46 -47 47 48 50 -51 -52 -53 58 54 59 -57 -58 -59 -60 -61 -62 -63
leaf_value=0.03482651725602303 0.10907106893466226 -0.0021545073349158658 0.058431384827655392 0.071959922189095069 0.054724186481391934 0.048848982336385807 0.041305348239065287 0.04528878377327436 0.037321855439780442 0.030644771194681487 0.032183292501447108 -0.025168585844894387 0.096619051370459397 0.011241741313418237 0.078878407117646029 0.029406753604105634 0.068208617959079954 0.033902790622596761 0.025999428546705762 0.031020488657829526 0.021777830856965257 0.030968284653573333 0.050032913748888956 0.020710222541849198 0.054553243797998752 0.068104387454973297 0.025811771745900602 0.11384246167315107 0.026038427723305075 0.041739638103126656 0.039767458426927665 0.011101599136900352 0.015326182399726385 0.11504536715018131 -0.018399968213486672 0.025814506598429772 0.045845156411351895 0.03640423290851557 -0.066405679323976327 0.042463743051690754 0.060410256362222019 -0.025289274598958029 0.02708513121532289 -0.041570820266264137 0.091759476843098445 0.036932697120092582 0.10701858230389974 0.064536865546401589 0.037347730531067477 -0.049391846491062118 -0.025618021242828821 0.018459911635117957 0.073369374175505472 0.072485152307961404 -0.066045975045241914 0.096581645799687449 0.11700267635243825 0.065414517216885404 0.13958459735779855 0.0027430409580184237 0.030503278509354775 0.1232890274185125
leaf_weight=5201.6054287999868 11933.603269785643 41.544103354215622 425.69567292928696 212.26132270693779 29.778522908687592 112.67463371157646 1213.0551738739014 2303.5926477909088 49.314336135983467 10578.712851449847 2574.0533798485994 41.674923181533813 13.932591363787649 227.35712280869484 70.277886971831322 1168.1651700139046 511.69701384007931 1629.3003517538309 5534.7749889492989 321.83502142131329 5853.4452612400055 3725.8313399404287 317.5282439738512 998.62970504164696 240.22907300293446 167.64537551999092 136.36728449165821 9121.2018295526505 997.81677295267582 1848.4844954758883 1976.9451879560947 2094.6960227787495 465.23330983519554 30.187728866934776 101.93812288343906 1241.4731960594654 728.04755042493343 666.56357760727406 17.252692207694054 333.11586970090866 1170.4784497618675 43.797210887074471 105.24218007922173 21.641540348529816 68.922837138175964 938.06906226277351 13.172518521547316 18.778893992304802 904.57785400748253 32.879421547055244 32.970433384180069 155.01616811752319 87.944544553756714 17.774549603462219 13.026411488652228 20.944528743624687 49.691261485219002 21.687037035822868 16.565063908696175 179.41383728384972 64.107657760381699 26.961445048451424
leaf_count=20013 15530 185 1442 652 105 389 4350 7880 185 40792 9987 200 39 922 215 4433 1574 6051 22466 1292 24071 14482 1169 4052 819 549 549 10741 3886 6785 7283 9077 1965 74 466 4861 2615 2502 93 1151 3701 193 382 103 187 3377 37 62 3419 167 160 646 277 58 71 60 128 75 36 788 241 65
internal_value=0.0531893 0.0322276 0.0301252 0.0336296 0.0276152 0.0360114 0.0407285 0.042302 0.0312719 0.029591 0.0329043 0.0312695 0.0400715 0.0383383 0.0319884 0.0422786 0.049287 0.0357625 0.0265182 0.0233438 0.0281817 0.0253524 0.0273034 0.0325529 0.033696 0.0583622 0.0491337 0.111138 0.0391279 0.0448524 0.0351624 0.0137544 0.0299995 0.0628367 -0.000232431 0.0374178 0.033219 0.0449891 0.00576515 0.0463391 0.0523995 0.0345909 0.0576611 0.0433335 0.0466388 0.0351624 0.0300219 0.0338771 0.0381122 0.0131663 0.0351334 0.0253958 0.0660987 0.014512 0.00437737 0.0398214 0.093666 0.0210203 0.0838647 -0.00191333 0.042307 0.0991681
internal_weight=79261.2 58206.4 46665.5 19475 27190.4 3142.07 11540.9 10062.2 14257 11195.2 2758.59 2615.73 5218.06 5077.33 1944.19 3133.15 1724.75 1699.58 24048.3 8268.83 15779.5 9579.28 5852.3 6200.24 1408.39 383.482 304.013 21054.8 5035.51 2060.75 2974.76 2416.53 11043.9 142.862 151.252 3061.78 1969.52 1092.26 244.61 4984.86 1652.63 376.913 1275.72 3332.23 2372.52 959.711 1478.75 1184.36 983.289 201.068 937.548 168.189 182.55 294.39 210.215 84.1757 79.4698 63.2311 104.51 192.44 78.0402 45.7403
internal_count=250125 223854 182630 74027 108603 11981 41224 35431 54828 43408 10650 10187 19199 18457 7281 11176 5924 6266 96622 34004 62618 38553 23635 24065 5252 1331 1098 26271 18606 7437 11169 10369 42757 463 651 11420 7476 3944 1015 16974 5427 1344 4083 11547 8067 3480 5793 4556 3706 850 3579 683 593 1237 917 320 233 260 313 859 280 127
is_linear=0
shrinkage=0.05


Tree=7
num_leaves=63
num_cat=0
split_feature=22 0 0 7 7 2 8 2 9 16 1 12 16 29 18 13 2 7 15 0 16 8 13 16 9 9 19 10 15 16 0 15 2 10 9 9 8 7 16 29 28 2 34 8 15 29 10 16 9 16 7 9 29 26 12 18 16 13 4 29 11 0
split_gain=34081.2 455.324 155.869 113.844 81.4329 74.242 91.3751 71.4956 66.017 59.0822 57.2139 54.5866 96.0992 51.2435 65.7043 46.7845 46.6959 46.6686 46.6312 46.4664 58.6882 99.8927 51.2057 47.4433 46.0064 52.9952 45.2337 45.0349 43.6777 55.7698 42.6021 42.2792 40.7681 40.5408 37.7555 74.694 36.0148 53.0268 73.9212 37.0424 35.8697 35.7178 34.1429 30.9555 70.1001 46.0613 43.0548 37.809 30.7225 25.8815 30.1767 25.0976 31.8124 23.6914 22.963 28.3811 22.0536 27.6163 21.2005 19.3332 19.2732 11.431
threshold=1.0000000180025095e-35 2.5000000000000004 4.5000000000000009 351.50000000000006 339.50000000000006 3.5000000000000004 109545.07000000002 2.5000000000000004 387550.00000000006 13.489000000000003 3.5000000000000004 -0.0011366457436374497 15.512 401321.49500000005 11.000000000000002 64388.834999999999 3.5000000000000004 358.50000000000006 7.4345000000000008 1.5000000000000002 3.4235000000000002 272079.50500000006 290409.83333333343 3.1495000000000002 148950.00000000003 93350.000000000015 45.000000000000007 0.92079361096708012 7.2115000000000009 11.821000000000002 1.5000000000000002 7.0935000000000015 1.0000000180025095e-35 0.98229836523339853 100750.00000000001 109650.00000000001 193073.66000000003 358.50000000000006 16.710500000000003 200149.09000000005 159885.14000000004 1.5000000000000002 1.5000000000000002 111649.22000000002 6.682500000000001 99513.915000000008 0.99705677194687459 29.146000000000004 416900.00000000006 35.612500000000004 178.50000000000003 690550.00000000012 376036.53500000009 1.0000000180025095e-35 -0.0047953175914106491 15.500000000000002 26.742000000000004 136673.12916666668 1.0000000180025095e-35 179366.72500000003 -524.60999999998592 1.5000000000000002
decision_type=2 2 2 2 2 2 2 2 2 2 2 2 2 2 2 2 2 2 2 2 2 2 2 2 2 2 2 2 2 2 2 2 2 2 2 2 2 2 2 2 2 2 2 2 2 2 2 2 2 2 2 2 2 2 2 2 2 2 2 2 2 2
left_child=1 3 7 4 24 11 28 10 40 -10 13 12 27 32 -15 33 42 -14 -17 43 21 23 -23 -21 25 30 -2 -4 29 -7 -1 -27 -3 -12 41 -36 54 39 -39 -38 -8 -22 53 44 45 -5 -46 48 -45 50 -26 52 -13 -6 59 -56 57 -18 -49 -9 -51 -58
right_child=26 2 5 19 16 6 8 36 9 -11 15 51 17 14 -16 18 56 -19 -20 20 34 22 -24 -25 49 31 -28 -29 -30 -31 -32 -33 -34 -35 35 -37 37 38 -40 -41 -42 -43 -44 47 46 -47 -48 58 -50 60 -52 -53 -54 -55 55 -57 61 -59 -60 -61 -62 -63
leaf_value=0.060977712513408236 0.10173570729404993 0.020164373944701379 0.049419750418512473 0.042861803619480006 0.043493974142840404 0.060943132742295229 0.01726388551252565 0.045879968864040221 -0.032045377939250823 0.03115281321063397 -0.05884939687852965 0.010756266769508574 0.028019930886967151 0.018015904697409362 -0.029504245973523059 0.032723154454245201 0.078941591915885068 0.051312575711762676 -0.045797044755512849 0.014602957612472212 0.022746347621731028 0.076212573021891716 0.033057187372265866 -0.058683465266973704 0.049248141619677388 0.028645162043967949 0.10637342714017904 0.01692143548452317 0.10933947059628864 0.0073228334173709156 0.030571568950413564 -0.0058351030750849204 0.027340173411892318 0.025566824165234286 -0.0037800743919549104 0.032374131949618315 0.020166235334668665 0.01957429679033423 0.037789108427742191 0.035580839863609444 0.034483206307589255 0.053590446270928349 0.092494457913418149 0.037903520635443222 -0.023982270011066384 0.013673610437922604 0.037001261791961025 0.0456965400511294 0.019951785378790318 0.049361034151214921 0.03812452241189395 -0.052813151251573348 0.03045839904065837 -0.0044153442497058496 0.035024346153940539 0.021713885169634364 -0.015260309380944718 0.055455996029292291 0.075128614121894019 0.095720398890168215 0.10799284698306913 0.04632545254896106
leaf_weight=231.51167531311512 12148.290613025427 2472.0706542432308 110.01334807276726 450.49940991401672 1420.7468113750219 207.09730738401413 464.57637587189674 165.43350255489349 90.447949036955833 62.561368986964226 26.270208522677422 2060.7476230561733 657.57528994977474 1009.1183243244886 78.391597107052803 4050.7034533321857 169.35550619661808 319.54212902486324 18.99702350795269 1027.2675238996744 125.7245711684227 84.933872550725937 360.43724589049816 22.568676605820656 721.56995484232903 1359.1618181914091 9269.353143632412 3438.3611435890198 32.975951850414276 63.319995909929276 229.29426522552967 95.127247601747513 9930.5026022940874 31.013130620121956 147.18078045547009 4865.3525250703096 453.3135836571455 2214.7065173834562 744.16521702706814 2779.0384182929993 866.57172921299934 370.33456592261791 35.154085025191307 4071.1933795511723 94.747565492987633 193.10055403411388 41.672122120857239 170.02396626770496 253.15221470594406 34.054122641682625 3932.8466034084558 14.706094920635222 227.50400730967522 26.281538084149361 4912.5913769751787 436.02683547139168 13.967726334929468 479.76387460529804 95.580919459462166 22.050632581114769 23.819957047700882 16.359610185027122
leaf_count=717 15530 10104 401 1559 4638 678 1866 571 453 249 140 8931 2598 4092 386 15212 446 1183 99 4163 506 265 1352 116 2389 5073 10741 14510 76 257 837 404 38428 124 636 18126 1766 8803 2705 10066 3278 1251 88 14510 423 755 149 576 1000 116 13996 78 926 105 18012 1708 58 1443 285 59 61 52
internal_value=0.0497032 0.0301271 0.0268509 0.0360038 0.0403551 0.0209381 0.0300095 0.028587 0.0248984 -0.00620535 0.0265734 0.0185634 0.0217525 0.0249974 0.0145905 0.031725 0.0487822 0.0356372 0.0323566 0.0329131 0.0302302 0.0214451 0.0412871 0.0130275 0.0376065 0.0310717 0.103743 0.017929 0.0550125 0.0483876 0.0458478 0.0263898 0.0259099 -0.0131466 0.0326148 0.0313126 0.031612 0.0289918 0.0241554 0.0334191 0.0284736 0.0457731 0.0438066 0.0364123 0.0272035 0.0341044 -0.00535363 0.0379773 0.0368526 0.0402622 0.039849 0.0122967 0.0127151 0.0426238 0.0345422 0.0339393 0.0596363 0.0615834 0.056288 0.0517419 0.0734929 0.0179612
internal_weight=80540.8 59123.2 37960.4 21162.8 8789.01 8616 1787.55 29344.4 1484.16 153.009 17617.1 6828.45 4525.49 13490.1 1087.51 4126.98 2161.63 977.117 4069.7 12373.8 7003.8 1495.21 445.371 1049.84 6627.39 1915.1 21417.6 3548.37 303.393 270.417 460.806 1454.29 12402.6 57.2833 5508.59 5012.53 11727.3 6191.22 2958.87 3232.35 1331.15 496.059 1482.18 5369.97 780.02 643.6 136.42 4589.95 4324.35 4712.29 4654.42 2302.96 2288.25 1447.03 5536.1 5348.62 679.447 649.119 265.605 187.484 57.8741 30.3273
internal_count=250125 223854 147759 76095 30423 35484 6857 112275 5846 702 68585 28627 18692 53010 4478 15575 6830 3781 15311 45672 26415 5896 1617 4279 23593 7031 26271 14911 1011 935 1554 5477 48532 264 20519 18762 43690 23340 11508 11832 5144 1757 4831 19257 2886 2314 572 16371 15510 16562 16385 9935 9857 4743 20350 19720 1999 1889 861 630 177 110
is_linear=0
shrinkage=0.05


Tree=8
num_leaves=63
num_cat=0
split_feature=22 6 2 17 6 9 18 13 9 10 29 14 7 25 14 19 28 14 18 17 10 15 18 10 17 9 10 9 9 15 9 15 9 17 18 28 15 15 34 25 18 15 17 32 14 18 10 15 7 15 29 29 17 17 10 19 15 10 17 6 15 13
split_gain=30546.3 340.383 125.711 58.8952 65.0286 51.0584 61.8499 67.945 59.8074 48.6561 65.552 52.4825 50.3853 50.1208 48.5715 44.3608 40.9521 39.8152 36.5688 35.043 61.9929 49.2333 87.3555 59.3918 40.4771 60.811 46.9784 41.2334 66.0405 59.1003 34.9064 41.9253 66.9203 37.5229 54.2801 35.5017 31.552 30.0719 26.9801 38.3881 38.2759 31.7689 26.7484 24.7953 37.9458 37.397 28.6502 28.2832 40.7653 39.7951 37.6404 33.7178 19.1336 25.8095 16.7545 10.5102 6.17344 3.09266 2.64239 2.66312 2.26523 4.73501
threshold=1.0000000180025095e-35 5.5000000000000009 2.5000000000000004 2.8085000000000004 11.500000000000002 229350.00000000003 5.5000000000000009 211409.83833333335 247450.00000000003 0.96301097687326676 84943.550000000017 852.7547299558347 178.50000000000003 8.5000000000000018 641.86317041812038 45.000000000000007 78874.945000000022 911.57715078858689 15.500000000000002 13.841000000000003 0.93480511625035156 7.3185000000000011 8.5000000000000018 0.97630950841750852 3.6395000000000004 78550.000000000015 0.92079361096708012 775400.00000000012 643950.00000000012 5.4615000000000009 475550.00000000006 7.4535000000000009 238250.00000000003 19.997000000000003 8.5000000000000018 272648.95000000001 5.8455000000000004 5.831500000000001 1.0000000180025095e-35 10.500000000000002 13.500000000000002 5.4215000000000009 3.2375000000000003 1.0000000180025095e-35 696.91692738966731 11.000000000000002 0.98244330216909148 7.230500000000001 345.50000000000006 5.5265000000000013 126265.48000000003 136658.63000000003 5.1355000000000013 11.649000000000003 0.97909412589348144 75.000000000000014 7.3375000000000012 0.97652349968410757 6.0090000000000012 13.500000000000002 3.5975000000000006 90558.556666666671
decision_type=2 2 2 2 2 2 2 2 2 2 2 2 2 2 2 2 2 2 2 2 2 2 2 2 2 2 2 2 2 2 2 2 2 2 2 2 2 2 2 2 2 2 2 2 2 2 2 2 2 2 2 2 2 2 2 2 2 2 2 2 2 2
left_child=1 2 19 43 5 6 7 -5 18 10 13 12 -12 -4 -10 57 -8 -13 -7 24 -21 23 -23 -22 25 42 -27 28 -26 -29 31 35 -33 37 -35 -11 -15 -32 39 41 -41 -6 -1 47 45 46 -45 49 -49 50 -3 -51 -40 -54 -47 -17 -50 58 59 -2 61 -59
right_child=15 3 9 4 38 8 16 -9 14 30 11 17 -14 36 -16 55 -18 -19 -20 20 21 22 -24 -25 27 26 -28 29 -30 -31 33 32 -34 34 -36 -37 -38 -39 52 40 -42 -43 -44 44 -46 54 -48 48 56 51 -52 -53 53 -55 -56 -57 -58 60 -60 -61 -62 -63
leaf_value=0.002733679055945419 0.093708210369282452 0.0023664758182881961 0.11379677761887921 0.039016271986829221 0.023456520653345796 0.011650032931855934 0.05621254897445125 0.065823549392889966 0.024053991730783503 0.029642790389497325 0.040817175704220526 0.06302872282183887 0.0095391361533828656 0.056048186809895761 0.039166874993810656 0.098828024959736208 0.02766554601972095 0.026141123932685681 -0.056897404580267888 0.12569069865705659 -0.033760333808771352 0.04131153407801981 -0.0049684576873437053 0.011933637582592312 0.025737797054779073 0.056438408936820644 0.021664945183273818 0.017504256693624761 -0.01368733243868353 0.097033452416134675 0.022576987455482783 0.025596449363719104 -0.041081259394558187 -0.011462162188721495 0.034787485226730669 0.035375027950946214 -0.0064427621626028239 0.058258370272343901 0.091161893901382629 0.040103169079655332 0.054523727474923116 0.040968431342783294 -0.04786916756554422 0.09012312957802758 -0.027638332516841859 -0.028842655817271159 0.011964147584017948 0.042624706758378386 -0.020997231156344387 0.062761925557033318 0.02554618141422052 0.030952058586015574 0.029388814417603049 0.062155891347214248 0.049613100958468916 0.10231212063550735 -0.066362618422331029 0.075224541487343297 0.097495652953202894 0.099511195107143 0.095309714228314718 0.093520841505854782
leaf_weight=204.94687266647816 1069.1343434453011 223.0696132928133 29.069508537650108 1931.6572420746088 577.09506180882454 290.80262283980846 135.84711763262749 269.32650084793568 1249.5976114869118 13222.808176472783 146.38526706397533 84.184680327773094 1069.067491799593 76.363554432988167 925.34877203404903 5955.1317684948444 1670.492022678256 558.20814420282841 20.851799815893173 12.776645481586455 78.526098936796188 344.37584781646729 144.8509276509285 753.28232164680958 17967.343388512731 98.442662045359612 7270.2944294512272 45.008911550045013 106.85116790235043 48.567161843180656 356.05135506391525 135.07607553899288 52.161731392145157 179.53808961808681 98.105936616659164 3394.5170145630836 27.463618665933609 70.789931610226631 33.044202730059624 3287.3999213129282 535.04465146362782 469.83583895862103 29.928448021411896 65.036150306463242 14.464771091938017 14.415986001491548 14.303644537925718 20.853735566139221 12.701478928327562 106.33738930523396 815.06435352563858 384.62440764904022 91.895654991269112 173.6658031642437 12.888966351747511 3400.630363881588 18.309749692678452 36.447604656219482 2833.5067188590765 242.56663961708546 6918.558219358325 1187.0407917052507
leaf_count=875 1378 963 65 6567 2021 1145 440 809 4631 48651 508 268 4254 246 3215 6976 6133 2068 111 29 368 1238 642 3025 69091 335 28900 181 479 135 1368 522 262 785 356 12191 113 231 83 10827 1689 1534 150 183 68 65 57 77 61 344 3114 1419 316 504 43 3765 99 57 3492 292 8774 1537
internal_value=0.0465816 0.0282049 0.0261878 0.0352395 0.0365076 0.0331768 0.0366692 0.0422966 0.0275486 0.0292494 0.0218423 0.0194156 0.0133062 0.055766 0.0304839 0.0975003 0.0298124 0.0309752 0.00706374 0.0239852 0.0160827 0.0150226 0.0276089 0.00761994 0.0243942 0.0213312 0.0221295 0.0256761 0.0255047 0.0587809 0.0300915 0.0305486 0.00702101 0.019188 0.00488022 0.0308137 0.0395185 0.0284946 0.0406929 0.0397983 0.0421217 0.0313154 -0.00371427 0.0265511 0.0483552 0.0586626 0.0760324 0.0248808 -0.0114315 0.0261125 0.0205654 0.0378418 0.0552817 0.0508171 0.00819142 0.100094 -0.047782 0.095525 0.0966367 0.0947813 0.094959 0.0929758
internal_weight=81612 59969 46605 13364 11661.9 6493.92 4007.32 2200.98 2486.6 19499.8 1990.74 1857.85 1215.45 132.897 2174.95 21643 1806.34 642.393 311.654 27105.2 1333.81 1321.04 489.227 831.808 25771.4 7603.61 7368.74 18167.8 18074.2 93.5761 17509 16804.6 187.238 704.485 277.644 16617.3 103.827 426.841 5167.98 4869.38 3822.44 1046.93 234.875 1702.07 121.11 106.645 79.3398 1580.96 51.865 1529.1 1038.13 490.962 298.606 265.561 27.305 9355.76 31.0112 12287.3 4145.21 1311.7 8142.05 1223.49
internal_count=250125 223854 177336 46518 40025 23051 13949 7376 9102 71888 7522 7098 4762 424 7846 26271 6573 2336 1256 105448 5302 5273 1880 3393 100146 30260 29235 69886 69570 316 64366 61626 784 2740 1141 60842 359 1599 16974 16071 12516 3555 1025 6493 416 348 240 6077 237 5840 4077 1763 903 820 108 10741 160 15530 5162 1670 10368 1594
is_linear=0
shrinkage=0.05


Tree=9
num_leaves=63
num_cat=0
split_feature=22 0 6 0 6 17 16 8 15 8 7 24 12 1 16 16 19 17 7 15 17 16 15 16 6 27 4 1 24 18 3 17 17 8 14 3 17 13 16 21 13 7 26 6 10 17 29 21 13 3 13 29 17 17 16 17 14 0 10 27 12 17
split_gain=27667 386.743 196.266 126.082 120.697 55.8546 54.6525 55.3537 106.81 54.3787 51.8284 51.8131 50.6721 49.1791 55.0519 46.7111 44.1798 43.426 59.1132 57.7984 41.0499 52.7557 62.8808 42.3898 44.9744 40.9071 39.9899 36.3481 46.999 37.4134 35.0776 87.9379 85.2783 34.4834 59.5309 77.3201 48.7668 41.9695 34.1407 33.1379 32.5217 31.4604 36.2249 30.2555 26.6949 29.0458 26.3408 45.7388 42.7026 25.8792 41.899 39.4955 23.8228 64.1079 58.4545 58.1112 40.5493 37.9817 36.5248 22.3669 22.1262 20.0881
threshold=1.0000000180025095e-35 2.5000000000000004 6.5000000000000009 4.5000000000000009 4.5000000000000009 8.1545000000000005 15.512 109545.07000000002 3.5625000000000004 193073.66000000003 349.50000000000006 1.0000000180025095e-35 -0.0011911722791103998 3.5000000000000004 20.849000000000004 17.920000000000005 45.000000000000007 14.611000000000002 235.50000000000003 3.4465000000000008 2.8085000000000004 5.1415000000000015 6.9765000000000006 33.63750000000001 15.500000000000002 493464.90000000008 1.5000000000000002 3.5000000000000004 1.0000000180025095e-35 9.5000000000000018 1.5000000000000002 3.5645000000000002 6.878000000000001 238352.41500000001 406.44893488375669 1.5000000000000002 23.089000000000006 237133.85666666669 19.358000000000004 49.000000000000007 158138.2116666667 169.50000000000003 1.0000000180025095e-35 12.500000000000002 0.98327574308261456 1.0000000180025095e-35 259764.07500000004 1.0000000180025095e-35 209150.99333333332 1.0000000180025095e-35 179210.7683333334 120818.59500000002 16.265500000000007 15.493500000000003 32.115000000000009 19.569000000000006 1143749.9003925533 1.0000000180025095e-35 0.97909412589348144 524780.69500000018 -0.00080892650243784986 5.8165000000000004
decision_type=2 2 2 2 2 2 2 2 2 2 2 2 2 2 2 2 2 2 2 2 2 2 2 2 2 2 2 2 2 2 2 2 2 2 2 2 2 2 2 2 2 2 2 2 2 2 2 2 2 2 2 2 2 2 2 2 2 2 2 2 2 2
left_child=1 4 3 5 13 30 7 8 -5 39 41 12 -8 14 17 -11 -2 18 -1 -19 21 44 25 27 60 -23 -13 29 -29 -22 31 -3 -32 36 61 -36 37 -12 -38 -7 -9 46 59 -44 45 -4 48 -48 -6 50 -16 -51 53 54 -15 57 -57 -54 -55 -43 -25 -35
right_child=16 2 20 6 10 9 11 40 -10 15 33 26 -14 52 49 -17 -18 19 -20 -21 23 22 -24 24 -26 -27 -28 28 -30 -31 32 -33 -34 34 35 -37 38 -39 -40 -41 -42 42 43 -45 -46 -47 47 -49 -50 51 -52 -53 55 58 -56 56 -58 -59 -60 -61 -62 -63
leaf_value=0.036759400103038617 0.090189302031709218 0.015630914930328803 0.013786732141823936 0.054365037529750963 0.028637104367000905 0.028576040413426557 0.028622778179874742 0.0034949225353041917 0.013706685095681204 0.020129870054855573 0.03007104895450767 0.049609883051425829 0.010276623870753033 0.034476957370523267 0.02059937338824426 0.029412120592228592 0.094738856438002741 0.059140562842690293 0.024285503264777693 0.031288668818316656 0.032416226193158162 0.034643429705154119 -0.018303553235217554 -0.0018744027130706067 0.050945351825254517 -0.026796337699882801 -0.0033390539015142663 0.045692841539101407 0.026012353041845401 0.020988619501315382 0.019599431830269385 0.02685640056680523 -0.0040486787321076393 -0.031430075817289564 0.020015689648574017 0.067963379081939737 0.073405873509784142 0.071635401609124613 0.028526778880217131 0.086817301449654258 0.013468767441136715 0.043713678556223858 -0.042125729053184999 0.029177922588589384 -0.044578778264984693 -0.039955043206592933 0.026265086394211108 0.10608644456418966 -0.027411738363542038 -0.015799214471306416 -0.03749564089326534 0.036260744946452761 0.088180655725932408 0.026795512936797827 0.0088073888289978818 0.030913318722030542 0.085427970892204413 0.048265320448881141 -0.046121875505304936 0.065585735001447293 -0.059862151272457392 0.0091095303876868004
leaf_weight=1119.8342719376087 12361.267237737775 2858.8715340793133 241.51452742516994 227.17830201983452 220.22167541086674 6492.231585919857 758.93225938081741 1076.1287607103586 558.97400283813477 5346.3502127528191 1047.1218027323484 258.13632562756538 746.65988260507584 3162.1447985172272 57.494193315505981 1815.6417844295502 9389.3181772828102 195.90078037977219 6254.1641343832016 3789.5932433903217 4394.3448866307735 717.56501993536949 66.828523054718971 57.232217416167259 32.793621271848679 28.154930025339127 41.375242441892624 976.50597196817398 440.07031099498272 855.7097874134779 2547.3987352102995 4476.3640163242817 448.32182115316391 35.631430074572563 279.63088373839855 120.23309472203255 136.12845389544964 64.473566919565201 61.530664578080177 24.515482231974602 3398.2948922216892 2806.2581385821104 20.712526127696037 52.806312143802643 26.303472548723221 28.063420176506042 54.374848365783691 26.788488194346428 40.183841094374657 53.945654645562172 67.441870763897896 112.21603834629059 73.074932888150215 29.611157149076462 238.50691612064838 934.81101427972317 35.403022035956383 323.16807639598846 40.887758240103722 121.96745097637177 23.085968688130379 214.59851197898388
leaf_count=3889 15530 11482 974 789 740 23738 2915 4645 2293 20395 3605 893 3135 11061 214 6558 10741 607 23187 13287 15173 2578 311 237 99 131 175 3159 1536 3176 9974 16845 1898 160 1006 348 370 181 209 68 14195 8709 94 172 134 137 179 57 172 230 311 389 181 104 935 3246 90 1036 189 331 116 806
internal_value=0.0437623 0.0264379 0.0234546 0.0216667 0.0317723 0.0233944 0.0157958 0.0132199 0.0254559 0.0254902 0.038334 0.0233027 0.0195245 0.029662 0.0279024 0.022483 0.0921533 0.0284526 0.0261798 0.0326577 0.030498 0.0215775 0.0281599 0.0319564 0.00160399 0.0323237 0.0422954 0.0324714 0.0395789 0.0305536 0.0206194 0.0224813 0.0160604 0.0318769 0.0224636 0.0344328 0.036551 0.0324818 0.0594352 0.0287951 0.01107 0.0421182 0.0437544 0.00908948 0.00350088 0.00819214 0.0277398 0.0526106 0.0199881 0.00643188 -0.010761 0.0193591 0.0338997 0.0316982 0.0326766 0.039492 0.0329026 0.0556265 -0.0154949 0.0446247 -0.0185419 0.0033369
internal_weight=82505 60754.4 38963.5 31075.4 21790.9 24009.7 7065.68 5260.58 786.152 13678.7 5302.66 1805.1 1505.59 16488.2 11650.6 7161.99 21750.6 11359.5 7374 3985.49 7888.17 1108.43 812.548 6779.74 113.112 745.72 299.512 6666.63 1416.58 5250.05 10331 7335.24 2995.72 1959.35 650.094 399.864 1309.25 1111.6 197.659 6516.75 4474.42 3343.31 3001.74 73.5188 295.881 269.578 341.569 81.1633 260.406 291.098 124.936 166.162 4837.61 3471.15 3400.65 1366.46 970.214 396.243 70.4989 2928.23 80.3182 250.23
internal_count=250125 223854 147759 119998 76095 90958 29040 21922 3082 50759 17139 7118 6050 58956 42114 26953 26271 40970 27076 13894 27761 4265 3020 23496 452 2709 1068 23044 4695 18349 40199 28327 11872 6685 2320 1354 4365 3786 579 23806 18840 10454 9306 266 1245 1111 1148 236 912 1144 525 619 16842 12289 11996 4553 3336 1217 293 9040 353 966
is_linear=0
shrinkage=0.05


Tree=10
num_leaves=63
num_cat=0
split_feature=22 0 6 6 0 9 17 17 1 13 10 16 19 3 16 15 17 17 17 15 10 17 9 3 15 17 9 17 28 17 29 16 9 16 29 10 6 15 15 16 9 10 16 26 9 12 27 15 15 10 9 15 29 14 14 21 17 6 16 28 10 12
split_gain=25389.2 389.689 168.855 110.709 89.9204 69.5779 56.658 59.818 52.5733 74.7997 67.518 64.6585 46.6441 45.7574 55.6158 75.4603 52.0048 45.1899 43.423 94.3908 46.1618 43.8818 43.3255 43.2585 43.0769 56.9524 52.6743 49.9688 84.1672 42.237 41.8548 69.9886 64.9116 61.1506 53.4759 41.3807 39.632 36.1254 53.896 35.4811 45.2644 35.0312 34.9122 34.796 39.5291 35.672 34.5555 33.4897 32.2445 31.1123 30.4263 29.2036 28.3745 26.4828 26.4669 26.4521 25.1942 23.8673 20.4499 19.9905 13.0498 10.6985
threshold=1.0000000180025095e-35 3.5000000000000004 8.5000000000000018 8.5000000000000018 1.5000000000000002 232550.00000000003 6.5970000000000004 6.6775000000000011 3.5000000000000004 535789.22707222064 0.9264383580245088 20.731500000000004 45.000000000000007 1.0000000180025095e-35 20.257500000000004 4.7460000000000013 2.9640000000000009 6.9175000000000013 14.444500000000003 4.6815000000000007 0.98557444199139999 14.684000000000003 76650.000000000015 1.0000000180025095e-35 3.0505000000000004 10.387000000000002 115350.00000000001 16.449500000000004 153737.64000000004 14.821000000000002 264242.58500000002 9.9800000000000022 262850.00000000006 12.085000000000003 283291.13500000007 0.97926012578653177 4.5000000000000009 2.8155000000000006 3.0125000000000006 22.724000000000004 203550.00000000003 0.93285431344452385 2.5880000000000005 1.0000000180025095e-35 118650.00000000001 -0.0023849884519835996 275739.39500000008 6.7455000000000007 2.5245000000000002 0.98327574308261456 690550.00000000012 7.2485000000000008 256850.55000000002 1482.0096574291867 295.37404103258092 1.0000000180025095e-35 11.7155 17.500000000000004 23.015000000000004 332231.80500000005 0.92079361096708012 -0.0035821996359515496
decision_type=2 2 2 2 2 2 2 2 2 2 2 2 2 2 2 2 2 2 2 2 2 2 2 2 2 2 2 2 2 2 2 2 2 2 2 2 2 2 2 2 2 2 2 2 2 2 2 2 2 2 2 2 2 2 2 2 2 2 2 2 2 2
left_child=1 2 4 5 13 24 41 55 11 10 -10 46 -2 14 16 -16 -1 -13 19 37 22 51 -21 -9 25 42 -27 36 -29 -23 32 53 43 35 -35 -33 -26 48 -39 40 -15 60 -3 45 -45 -4 -6 -41 -5 -31 -43 -20 61 57 -54 -8 -22 -32 -11 -55 -7 -34
right_child=12 3 30 18 8 6 7 23 9 58 -12 17 -14 39 15 -17 -18 -19 21 20 56 29 -24 -25 27 26 -28 28 -30 49 31 33 52 34 -36 -37 -38 38 -40 47 -42 50 -44 44 -46 -47 -48 -49 -50 -51 -52 -53 54 59 -56 -57 -58 -59 -60 -61 -62 -63
leaf_value=0.005425007469653808 0.085505214560881074 0.006297412396624711 0.026640046096750299 0.079987821125659747 0.022680422649489045 -0.0072408485047219103 0.076495694998893277 0.021765765458982192 0.062140380901574033 0.037923526406146504 0.02631603749927507 -0.04698629431803631 0.090178243959942769 0.037051854131400414 -0.044632350635895213 0.018380837679454611 0.031441532216187111 0.01006017206919209 0.11303236021564794 -0.046642680130508526 -0.0028171264051636835 -0.034572398665835939 0.018544830978617137 0.011354042151127309 0.015491380498771282 0.088898416152275769 0.036453950008127636 0.016690025902245831 0.035419547262024217 0.030324885754118836 0.044271603232210577 0.01058366300389444 -0.052484737129058781 0.067910641704648986 0.031092091895208146 -0.071245653869248388 0.026938209757005102 0.065087032812034262 0.032185480300434006 0.051234167343593574 0.026101446380177574 0.0087123434382233179 0.029164182320380129 0.080186534080332245 -0.012677231909741529 0.037088989845560326 0.027616424468576192 0.027294267692466997 0.0071528156827033841 0.052314986469442729 -0.038458025803847613 0.035183054913497443 -0.028963100677734829 0.10515259338847438 0.032379888734811312 0.007003473661139091 -0.054979125405622324 0.068194333256526934 0.058433854020269738 0.060308491297724642 -0.059757540937767667 -0.0094514720997086188
leaf_weight=207.12586542963982 12409.240069046617 224.70690500736237 1107.5931452214718 16.581508859992027 14335.834444522858 22.082210123538971 59.413714647293091 1816.988082587719 134.3507177233696 264.28651197254658 6249.6936504691839 37.462233051657677 9373.6945409327745 2128.2273256033659 51.473741829395294 617.16649936139584 2644.4809835404158 473.48240871727467 30.152550160884857 26.191269114613533 99.456746503710747 21.969665631651878 950.76863196492195 2212.2771778255701 6529.3336692303419 65.71450600028038 176.40040431916714 1337.580397978425 1087.5305888056755 668.67336444556713 624.99349948763847 82.909281089901924 22.446566119790077 115.59954732656479 671.4201136380434 18.987990275025368 855.20500707626343 142.74744607508183 972.09602080285549 507.76176099479198 1695.5536776632071 2226.997230887413 649.06914454698563 13.633065178990362 71.875058084726334 3111.269689977169 4710.9092540442944 205.09121152758598 181.79631423950195 211.79579803347588 34.719182997941971 20.061889573931694 22.889854654669762 35.398080050945282 75.855485618114471 17.795502349734306 30.17159728705883 125.13609598577023 224.99132063984871 83.411276638507843 25.476164445281029 40.505119040608406
leaf_count=810 15575 930 3736 46 52887 95 181 7048 402 894 22327 185 10727 7084 230 2211 9027 1837 66 125 420 99 3502 8909 26164 165 628 5096 3865 2235 1896 290 106 306 2162 91 3187 422 3367 1545 5974 9327 2442 32 285 9830 16863 708 702 637 176 70 97 74 253 72 152 317 672 231 131 160
internal_value=0.0411365 0.0246892 0.0275299 0.019106 0.0261619 0.017494 0.013361 0.0168845 0.0247524 0.0285139 0.02707 0.0234304 0.0875161 0.0307862 0.0265086 0.0135299 0.0295518 0.00587755 0.0273949 0.0238351 0.0130773 0.0364372 0.0167972 0.0160492 0.019921 0.0292296 0.0506884 0.0188621 0.0250892 0.0339059 0.0351099 0.0416454 0.0325375 0.0317813 0.0365001 -0.00466478 0.016817 0.0329001 0.0363983 0.0341054 0.0321962 0.00709523 0.0232836 0.0337058 0.00212859 0.0343458 0.0239013 0.0443465 0.0132408 0.0356146 0.00798824 0.0819297 0.00143661 0.0517363 0.0181602 0.0604788 -0.0149581 0.0482624 0.0473551 0.0736694 -0.0353731 -0.0247958
internal_weight=83208.5 61425.6 40711.8 20713.8 34487.9 17341.3 6415.75 4106.47 26431 6873.32 6384.04 19557.7 21782.9 8056.88 3520.25 668.64 2851.61 510.945 3372.46 2419.81 1106.59 952.653 976.96 4029.27 10925.5 1115.89 242.115 9809.65 2425.11 902.439 6223.92 1757.86 4466.07 888.917 787.02 101.897 7384.54 1313.22 1114.84 4536.63 3823.78 2309.27 873.776 4304.37 85.5081 4218.86 19046.7 712.853 198.378 880.469 2261.72 50.2144 161.697 868.939 98.7453 77.2092 129.628 750.13 489.278 118.809 47.5584 62.9517
internal_count=250083 223781 143522 80259 123656 68416 25939 16210 96067 24295 22729 71772 26302 27589 12278 2441 9837 2022 11843 8736 4199 3107 3627 15957 42477 4165 793 38312 8961 2971 19866 5367 14499 2849 2468 381 29351 4537 3789 15311 13058 9729 3372 13883 317 13566 69750 2253 748 2872 9503 136 616 2518 350 253 572 2213 1566 305 226 266
is_linear=0
shrinkage=0.05


Tree=11
num_leaves=63
num_cat=0
split_feature=22 0 0 8 27 17 27 10 27 17 17 19 17 1 16 16 10 17 8 16 17 16 28 17 13 9 2 17 10 11 16 13 17 7 12 27 17 17 27 17 16 3 21 10 14 17 13 3 10 28 10 0 5 27 3 8 3 21 19 17 10 0
split_gain=23354.3 341.919 93.9338 82.6449 63.7602 59.4587 58.8608 67.6426 55.1984 82.2266 47.7174 47.2565 44.6927 75.7576 44.4233 72.9548 67.9819 44.2219 62.6491 62.8426 55.3064 44.6624 43.1808 42.8045 42.4518 69.3623 42.0802 42.0613 53.1338 42.1575 39.3567 57.7974 36.7995 36.6617 46.7078 35.9931 74.8657 90.6261 45.8836 43.9763 41.6724 34.6143 30.4417 29.9693 28.8474 27.9992 26.7044 24.9566 24.2516 23.5955 23.2325 20.5293 28.2051 19.5946 18.3463 25.7223 16.0394 12.8113 9.89501 2.94017 2.40607 3.16717
threshold=1.0000000180025095e-35 3.5000000000000004 1.5000000000000002 185411.97500000003 268649.7950000001 36.185000000000009 170656.86000000002 0.99448215762631242 227796.64500000005 27.858000000000004 28.192500000000003 45.000000000000007 15.341000000000003 1.5000000000000002 29.948000000000004 23.284000000000002 0.98917114532974504 15.341000000000003 325118.66000000009 28.291500000000003 17.058000000000003 17.274500000000003 376488.88500000007 6.7335000000000003 64388.834999999999 68150.000000000015 2.5000000000000004 12.8725 0.97672954513627419 -235.70499999998717 27.730000000000004 228741.11500000002 10.882000000000003 175.50000000000003 -0.0032536916219166995 211081.51000000004 10.981000000000002 24.214000000000002 213231.92500000002 9.1590000000000007 27.444500000000001 1.0000000180025095e-35 5.5000000000000009 0.92377850063357558 73.90624030029069 3.7115000000000005 481878.17517736251 1.0000000180025095e-35 0.98714477746900453 182976.27500000005 0.99118173979659796 1.0000000180025095e-35 1.0000000180025095e-35 136455.42000000001 2.5000000000000004 178923.53500000003 1.5000000000000002 8.7500000000000018 75.000000000000014 9.7185000000000024 0.9758882650911711 4.5000000000000009
decision_type=2 2 2 2 2 2 2 2 2 2 2 2 2 2 2 2 2 2 2 2 2 2 2 2 2 2 2 2 2 2 2 2 2 2 2 2 2 2 2 2 2 2 2 2 2 2 2 2 2 2 2 2 2 2 2 2 2 2 2 2 2 2
left_child=1 2 24 6 5 8 10 12 23 -10 14 60 49 -14 15 -3 -16 18 19 -6 22 -22 -19 -4 45 44 27 30 46 -30 43 -32 -20 34 -27 36 39 -38 56 -28 -40 -35 47 -5 -26 -1 -29 -12 57 -8 -50 -47 -53 -44 55 -9 -37 -7 -13 -46 -2 -62
right_child=11 3 4 26 17 48 7 54 9 -11 42 58 13 -15 16 -17 -18 20 32 -21 21 -23 -24 -25 25 33 35 28 29 -31 31 -33 -34 41 -36 38 37 -39 40 -41 -42 -43 53 -45 59 51 -48 -49 50 -51 -52 52 -54 -55 -56 -57 -58 -59 -60 -61 61 -63
leaf_value=0.11261188504284961 0.082431371337893578 0.018094120342623126 0.020731922528728811 0.036399416769989978 0.033458537310899733 0.088754695129949768 0.033496607307703111 0.010907161278042136 0.018986904833512598 -0.014614079078782302 0.044506229517766893 0.084904682099256057 0.075256066832820809 0.024779739757674252 0.018862903975824435 0.037766468617248194 -0.037468464799816428 0.039417531074714594 0.024888474452553384 -0.0069897983656366002 0.0251899772221315 0.040596635175400048 0.075675432473434792 0.025650837732173588 0.023358315249963259 0.038496810129670302 0.014053622418784724 -0.048936724611691039 0.019668497309994301 -0.01155877113285151 0.065023946889282688 0.016836599547385086 0.013471988225702856 0.025857407045046521 0.090595718712134177 0.077083948310869441 0.02482971508806435 -0.011690603945852463 0.021854039796108171 -0.052169178765348059 -0.0065916555692229414 0.032115504548515209 0.079936060491226146 0.012316971393451226 -0.040598625218825138 0.085055822414313934 0.034026201834002595 0.016803268188291851 -0.0084939800604378075 0.014234761571347496 0.050079519530822986 0.019031344644989887 0.078969551782174408 0.024173312731339571 0.046870588854498789 -0.03054911330230576 0.020759664429172639 0.040474599118549504 0.088290010891842269 -0.071785074699906942 0.081299834155027062 0.078301935964632058
leaf_weight=19.694345518946648 4007.275091573596 7116.1400373578072 6699.4883995503187 132.08936016261578 2453.7103757858276 50.369362860918045 830.72133108973503 200.10093393921852 3200.8636590093374 193.05585446953773 151.50993077456951 5930.1053259372711 159.83138985931873 138.96418739855289 137.08178795874119 504.70815289020538 87.903889179229736 236.35355722904205 2378.6517465114594 99.937998741865158 1290.6585552692413 740.15853455662727 125.83353637158871 13014.131449893117 16.271925091743469 346.35675413906574 39.054792568087578 71.82209150493145 244.91390299797058 193.44997835159302 89.787533953785896 202.73022273182869 1003.7042311578989 3888.2296494692564 49.121407613158226 49.352611154317856 660.56860294938087 228.68078956007957 3024.3145375400782 70.007230535149574 134.47746826708317 5118.0381523221731 56.394803002476692 5877.0756591558456 12.945921987295153 29.112401068210602 11.214078038930891 175.42674945294857 21.881211012601852 196.62323623895645 74.801871955394745 65.550419971346855 28.015881478786469 21.860694319009781 26.593808487057686 46.022945046424866 16.991420462727547 18.894573733210564 3393.8433056771755 18.157515421509743 7372.4121201187372 1000.57250829041
leaf_count=41 4973 27126 24576 461 8291 129 3004 796 11695 793 493 6951 441 492 518 1741 416 753 8458 399 4440 2314 331 45435 57 1071 149 356 967 847 278 772 3645 13229 113 138 2413 950 11270 339 555 16848 141 23701 58 70 41 638 89 773 238 228 74 74 93 213 63 61 3776 86 9296 1306
internal_value=0.0388022 0.0231957 0.0258383 0.0179861 0.0245229 0.0231794 0.0213161 0.0300965 0.0229652 0.0170756 0.0196146 0.0834485 0.0347603 0.0517805 0.0187505 0.019397 -0.00314626 0.0282771 0.0259639 0.0318756 0.0340152 0.0308051 0.0520145 0.0239792 0.0301722 0.0297639 0.0150169 0.0125889 -0.00105892 0.0058879 0.0137181 0.0316276 0.0215007 0.030068 0.0449679 0.0189393 0.0106429 0.0154381 0.0215073 -0.028455 0.020643 0.0294137 0.0363465 0.0128463 -0.0305843 0.0572714 -0.0377325 0.0296415 0.0530016 0.0298101 0.0368232 0.0483873 0.0369782 0.0643587 0.00741808 0.00315521 0.0626587 0.0755843 0.0861369 -0.0588046 0.0814238 0.0809416
internal_weight=83794.6 62090.4 41194 20896.4 31602.5 23273.5 9849.88 1598.86 23107.5 3393.92 8251.03 21704.2 1326.14 298.796 7845.83 7620.85 224.986 8329.01 5936 2553.65 2393 2030.82 362.187 19713.6 9591.49 9449.12 11046.5 6823.08 521.4 438.364 6301.68 292.518 3382.36 9401.75 395.478 4223.45 998.311 889.249 3225.14 109.062 3158.79 9006.27 405.192 6009.17 47.3754 142.373 83.0362 326.937 165.947 1027.34 96.6831 122.679 93.5663 78.2555 272.718 246.124 66.344 69.2639 9323.95 31.1034 12380.3 8372.98
internal_count=250083 223781 143522 80259 111647 83016 36959 5812 82499 12488 31147 26302 4710 933 29801 28867 934 28631 20793 8690 7838 6754 1084 70011 31875 31462 43300 27423 2211 1814 25212 1050 12103 31261 1184 15877 3851 3363 12026 488 11825 30077 1346 24162 201 413 397 1131 517 3777 327 372 302 215 1102 1009 201 190 10727 144 15575 10602
is_linear=0
shrinkage=0.05


Tree=12
num_leaves=63
num_cat=0
split_feature=22 0 0 9 27 15 17 17 15 19 4 27 15 15 0 17 13 17 5 29 14 13 17 15 3 13 17 27 9 14 9 17 17 13 9 9 17 17 11 15 18 14 21 4 10 25 10 9 3 17 17 17 15 14 14 19 17 15 10 0 11 27
split_gain=21610.2 300.88 82.3842 71.4354 56.4081 84.243 61.8623 52.3101 54.964 48.197 45.2044 44.7264 82.6515 58.5982 54.1751 80.5059 66.5386 51.0568 56.9024 48.5089 44.0491 42.8325 41.6354 56.2018 62.9377 57.6137 41.2341 41.2073 80.1925 38.4665 38.4318 37.5883 37.4501 36.5264 61.9143 34.0279 80.0535 34.5568 31.2683 37.6663 28.7282 26.7854 26.434 23.8888 35.0276 22.8992 22.0275 19.727 17.172 16.416 20.8655 15.4677 17.6914 14.4636 12.1292 9.58557 2.84031 2.65883 2.24433 2.98503 3.58292 3.30172
threshold=1.0000000180025095e-35 3.5000000000000004 1.5000000000000002 190750.00000000003 275739.39500000008 7.3185000000000011 36.185000000000009 15.341000000000003 4.0055000000000005 45.000000000000007 1.0000000180025095e-35 163249.05000000002 3.0935000000000001 2.5245000000000002 4.5000000000000009 25.929500000000001 105540.49500000001 18.669000000000004 2.5000000000000004 186803.90000000002 154.34900528731859 323501.48666666669 14.000500000000001 7.0785000000000009 1.5000000000000002 332892.4316666667 10.387000000000002 227796.64500000005 245050.00000000003 502.02207561943789 606600.00000000012 6.7335000000000003 3.1675000000000004 64388.834999999999 68150.000000000015 533550.00000000012 20.774500000000003 14.155500000000002 -369.68000000000751 3.5235000000000007 4.5000000000000009 73.90624030029069 19.000000000000004 1.5000000000000002 0.98789757253505528 4.5000000000000009 0.97479074919140063 310150.00000000006 1.5000000000000002 3.7115000000000005 23.953500000000002 27.177500000000006 6.7975000000000003 136.21716125701766 610.18665889970805 75.000000000000014 9.7185000000000024 7.4730000000000016 0.9758882650911711 4.5000000000000009 -78.715000000003769 109686.95500000002
decision_type=2 2 2 2 2 2 2 2 2 2 2 2 2 2 2 2 2 2 2 2 2 2 2 2 2 2 2 2 2 2 2 2 2 2 2 2 2 2 2 2 2 2 2 2 2 2 2 2 2 2 2 2 2 2 2 2 2 2 2 2 2 2
left_child=1 2 33 11 6 7 27 21 -9 57 46 12 13 54 16 -16 -14 19 29 42 30 -6 38 25 -25 -24 -15 31 -29 -19 51 -4 -21 40 41 37 -37 -36 39 -22 49 -35 -13 44 -8 -40 -7 -12 -20 -1 -51 53 -53 -5 -3 -11 -43 58 -2 60 61 -60
right_child=9 3 4 20 5 10 43 8 -10 55 47 17 14 26 15 -17 -18 18 48 32 22 -23 23 24 -26 -27 -28 28 -30 -31 -32 -33 -34 34 35 36 -38 -39 45 -41 -42 56 -44 -45 -46 -47 -48 -49 -50 50 -52 52 -54 -55 -56 -57 -58 -59 59 -61 -62 -63
leaf_value=0.1023564660580359 0.078821325885049254 -0.06879409909184854 0.019511571874092155 0.0053852179106370201 0.031605266641618127 0.021240727341060112 0.068906232321265526 0.060136896364047371 0.031804946277231412 0.081358786536301048 0.076792074711079641 0.025173203666949358 0.0092475021480857844 0.028635180632189755 0.0087253029402053917 0.039746263049644501 0.024036690344791237 0.023098707538634942 0.098455602533300282 0.05642022172029381 0.016099602052345209 0.02208923200848897 0.027500124635026248 0.014978518619329438 -0.027928194236254561 0.011575044425157374 0.054541602595410549 0.0052881381334239095 0.021336875392340526 0.057019544946759128 0.075925477953123918 0.024098718227839024 -0.025195094747283708 0.021968783447906079 0.025280383923180647 0.056485936367647732 -0.049970278209417844 0.031517801665595598 0.033567202736127531 0.0066669525734002286 -0.0065414848786411982 -0.039277271776361165 -0.013746655487081939 0.10153885823013867 0.021625799327314704 0.015865707651036152 -0.021632644787177205 0.017675157636064028 0.047070409827095372 0.042280774644365735 0.096577645353840003 0.0086355034484098727 -0.049777495575525764 -0.017025322946635165 -0.00056564662202352042 0.084706100043625165 -0.070277502681146561 0.066140544639701732 0.073455325787191869 0.074800184220563032 0.080473327663350108 0.077623090449460502
leaf_weight=20.56006595492363 3976.9896522462368 15.812360420823099 6760.9470642060041 581.14016346633434 1724.7618714720011 36.976292356848717 76.050065234303474 187.34006004035473 1985.1178669184446 5880.3400517106056 18.169942528009415 1756.2223504036665 1036.9236668944359 714.25097018480301 2721.990205347538 226.55786007642746 2853.4268034249544 278.92824056744576 48.614938676357269 16.8945542126894 1729.398564428091 3761.1534188985825 1827.2067580074072 304.31154091656208 118.84576444327831 824.08550746738911 195.67589871585369 1073.5850789397955 2830.7722334563732 119.33500242233276 17.308744609355927 13155.930591747165 83.644808813929558 16.431814044713974 5618.6200308352709 206.58720202744007 19.310179948806763 3671.6690656840801 197.37815123796463 2727.4669273495674 17.697735816240311 12.71823635697365 44.738892897963524 20.833168298006058 80.78525123000145 2456.9662876278162 157.86813579499722 63.180929467082024 24.42854006588459 84.975122526288033 22.34679614007473 22.254375889897346 31.044659465551376 82.177296176552773 11.077075421810148 3361.3562019020319 17.632970795035362 48.713758453726768 517.95464383065701 990.09671062231064 1020.6716412752867 5756.4910221546888
leaf_count=41 4962 80 24576 2390 5739 126 206 519 6412 6951 50 6461 3961 2565 10950 720 10241 975 118 57 6727 13187 6472 1189 546 3158 581 4110 10061 353 55 45435 373 57 18921 595 90 11655 701 11085 68 58 188 45 284 9590 666 231 78 258 46 88 151 362 44 3776 86 70 689 1299 1252 7303
internal_value=0.0366556 0.0218112 0.0242746 0.0169421 0.0230484 0.0267031 0.0218401 0.0276815 0.0342481 0.0798473 -0.000426008 0.0199621 0.0181285 0.0320566 0.0162206 0.0111089 0.0200948 0.025971 0.040703 0.0223195 0.0141353 0.0250811 0.0149877 0.0198495 0.00292796 0.0225502 0.0342062 0.0216208 0.0169239 0.0332627 0.00230473 0.0225416 -0.0114805 0.028308 0.0279297 0.0282117 0.0473858 0.0277455 0.0128858 0.0103271 0.0531647 -0.0294498 0.0242064 0.0512344 0.0445523 0.017182 -0.0134964 0.0308791 0.0812704 0.0614275 0.0535866 0.000526535 -0.0253878 0.00260881 -0.0406875 0.0825763 -0.0572873 0.0777987 0.077845 0.0773763 0.077726 0.077279
internal_weight=84262.7 62710.1 41642 21068.1 31933.5 7934.57 23998.9 7658.37 2172.46 21552.6 276.195 10148.5 7775.71 936.816 6838.9 2948.55 3890.35 2372.81 471.307 1901.5 10919.6 5485.92 10185.7 3074.45 423.157 2651.29 909.927 23821.2 3904.36 398.263 733.925 19916.9 100.539 9708.55 9562.97 9516.19 225.897 9290.29 7111.21 4456.87 145.58 46.783 1800.96 177.668 156.835 2654.34 194.844 81.3509 73.0435 127.882 107.322 716.616 53.299 663.317 26.8894 9241.7 30.3512 12310.9 12262.2 8285.21 7295.12 6274.45
internal_count=250083 223781 143522 80259 111647 26930 84717 25857 6931 26302 1073 37745 29142 3270 25872 11670 14202 8603 1524 7079 42514 18926 39468 11365 1735 9630 3146 84182 14171 1328 3046 70011 430 31875 31462 31261 685 30576 28103 17812 413 201 6649 535 490 10291 792 281 196 345 304 2991 239 2752 124 10727 144 15575 15505 10543 9244 7992
is_linear=0
shrinkage=0.05


Tree=13
num_leaves=63
num_cat=0
split_feature=22 0 6 6 7 25 16 16 0 17 9 7 0 19 9 3 35 4 16 14 16 18 3 16 17 17 6 10 7 25 6 18 29 17 17 9 20 9 29 25 16 16 17 17 29 10 14 5 9 5 5 10 11 0 19 10 0 29 11 29 16 11
split_gain=20092.7 265.414 145.73 94.6609 68.3939 57.674 74.6187 59.665 56.8862 84.5241 76.6318 54.3413 54.2093 49.387 43.3927 49.6089 42.4772 42.0917 50.2375 47.2101 41.7144 41.2717 38.8957 45.0114 37.338 37.11 50.7084 56.8031 36.8475 36.6709 34.9577 39.9575 54.6186 38.6812 35.0686 32.1849 31.6174 30.9786 39.8282 30.0673 29.4727 30.2743 28.8798 26.7881 25.5283 23.9274 23.6197 23.0426 22.1563 20.7858 17.9501 15.538 13.5657 10.5872 9.40447 2.16685 2.72327 3.24484 3.1019 2.97306 4.5674 2.63414
threshold=1.0000000180025095e-35 3.5000000000000004 8.5000000000000018 8.5000000000000018 178.50000000000003 16.500000000000004 12.742500000000001 14.053000000000003 4.5000000000000009 6.5970000000000004 118650.00000000001 238.50000000000003 1.5000000000000002 45.000000000000007 348550.00000000006 1.0000000180025095e-35 2.5000000000000004 1.5000000000000002 27.062000000000001 1060.1476068367635 23.015000000000004 22.500000000000004 1.0000000180025095e-35 20.257500000000004 30.827500000000004 2.7030000000000007 13.500000000000002 0.96652366285154845 160.50000000000003 6.5000000000000009 13.500000000000002 4.5000000000000009 169311.05000000002 27.177500000000006 4.6475000000000009 197650.00000000003 45.000000000000007 73850.000000000015 80746.520000000019 6.5000000000000009 32.115000000000009 29.438000000000006 27.858000000000004 32.290000000000006 264242.58500000002 0.92872856378320245 352.63024626831583 1.5000000000000002 125450.00000000001 1.0000000180025095e-35 1.0000000180025095e-35 0.97974766753163478 -208.76000000000201 4.5000000000000009 75.000000000000014 0.9758882650911711 4.5000000000000009 494854.2900000001 -78.715000000003769 141888.00000000003 8.3130000000000006 -66.090000000011045
decision_type=2 2 2 2 2 2 2 2 2 2 2 2 2 2 2 2 2 2 2 2 2 2 2 2 2 2 2 2 2 2 2 2 2 2 2 2 2 2 2 2 2 2 2 2 2 2 2 2 2 2 2 2 2 2 2 2 2 2 2 2 2 2
left_child=1 2 4 5 40 6 8 29 9 -3 -10 -9 22 55 17 42 20 19 -19 -7 -14 -17 23 -6 28 26 39 47 53 -8 31 33 -33 -27 36 -24 -32 49 -39 51 41 43 -16 -1 -36 -41 -18 -28 -29 -30 52 -4 -26 -5 -15 -2 58 -58 59 -57 -61 -60
right_child=13 3 25 24 12 14 7 11 10 -11 -12 -13 16 54 15 21 46 18 -20 -21 -22 -23 35 -25 50 30 27 48 37 -31 34 32 -34 -35 44 -37 -38 38 -40 45 -42 -43 -44 -45 -46 -47 -48 -49 -50 -51 -52 -53 -54 -55 -56 56 57 -59 61 60 -62 -63
leaf_value=0.031817755715882405 0.075513955637250982 0.0020886928811308029 0.070080337281223884 -0.051767874688680819 0.023560819773677303 0.012212163268914208 0.038498324764950333 -0.0031148276731195884 0.035350648360647552 0.032942483487783149 -0.005199062790135176 0.03184416020361383 0.019265695139615638 0.078199892354822165 0.01295732621998162 -0.0033755966536228965 0.03139020512159673 0.02287489078090656 -0.011477128419944381 0.02488252852312273 0.025510823328301065 0.046468881132397118 0.03169380298960494 0.0091646550270352949 0.096364353975503858 0.030161533242492208 -0.038694545515530337 -0.015931258325233542 0.0097188967316087643 0.084161251686168725 0.045969092488741529 0.0076405130831830358 0.028506871876063534 0.055779182301623681 0.029923829057962079 0.023273311811218424 0.09880015513077027 0.058072608266626483 0.023114911874083315 -0.041470014730258187 -0.035028680567306743 0.091017445298086308 0.056721738665129577 0.075685790764637551 0.041526400533359507 0.026604305302804412 0.094865984308612594 0.0071779343955543778 0.030047596708321092 -0.046866867961100685 0.02203260445194323 0.013997668333954289 0.045506252311711855 0.0032686202869404305 0.081535907126247198 0.072382133511461721 0.07221451013703839 0.057660909789186358 0.084008951327824849 0.072778123666033478 0.076089806923419254 0.076062666308422483
leaf_weight=1100.0530308783054 3949.2110356986523 336.84364828467369 60.714652866125107 20.127467557787895 2823.4846994876862 10361.834666460752 102.45155876874924 132.02294611930847 149.04770013689995 650.92220944166183 533.7626059949398 703.46735566854477 23312.870172441006 5813.6392946541309 846.16520383954048 978.6807402074337 29.821318209171295 1906.2106791436672 112.72359450161457 791.33093097805977 3020.3009648770094 43.370003879070282 2454.5251066088676 672.23273658752441 29.923209995031357 1610.3082958161831 80.233875498175621 32.172651022672653 49.738363862037659 77.0224349796772 259.71265003085136 484.61476513743401 888.73081950843334 162.19589245319366 1620.9915631264448 2110.5647714287043 31.785566464066505 83.613129779696465 3192.0402426123619 13.459346681833265 15.508856087923048 23.106003448367119 39.453333601355553 35.937360510230064 670.04829044640064 315.27272634208202 28.817501783370972 41.553976595401764 141.16519373655319 24.088952019810677 24.044831037521362 15.504118070006369 23.338057801127434 15.442206904292105 3318.5109349042177 1940.1857375055552 947.6051968485117 39.912561818957329 117.93223039805889 1758.3241083323956 2552.5969083160162 901.69063159823418
leaf_count=3541 4973 1357 166 92 9454 40238 348 527 515 2204 2256 2451 82794 6951 3395 4170 99 7084 472 2910 10230 152 7799 2397 59 4917 363 137 183 211 723 1695 2826 425 4904 7068 62 237 10965 61 65 50 126 89 1827 1083 70 154 469 109 79 54 61 58 3776 2540 1245 61 134 2292 3200 1130
internal_value=0.0346749 0.020527 0.0228275 0.0159692 0.0215772 0.0144952 0.021246 0.0319387 0.0147497 0.0224209 0.00365236 0.02632 0.0211727 0.0766311 0.013293 0.00624512 0.0200766 0.0143137 0.0209569 0.0131111 0.019982 -0.00126048 0.0247615 0.0207924 0.0235324 0.0297565 0.0188896 0.00312674 0.0227478 0.0580949 0.0310845 0.0275456 0.0211437 0.0325057 0.0353955 0.0278008 0.0517299 0.0232853 0.0240072 0.0303775 0.0334418 0.034358 0.014907 0.0332055 0.0333172 0.0238171 0.0625848 -0.0230429 0.0215136 -0.00874435 0.057891 0.0586722 0.0740793 -0.0278743 0.0794122 0.0745507 0.07409 0.0716263 0.0744246 0.0740075 0.074739 0.0769818
internal_weight=84623 63283.4 42055.7 21227.7 35627.2 17765.3 2685.54 1014.96 1670.58 987.766 682.81 835.49 34452.6 21339.6 15079.8 1907.67 26391.8 13172.1 2018.93 11153.2 26333.2 1022.05 8060.81 3495.72 3462.36 6428.46 700.077 295.126 3385.05 179.474 5728.39 3145.85 1373.35 1772.5 2582.54 4565.09 291.498 3349.48 3275.65 404.951 1174.61 1159.1 885.619 1135.99 2291.04 328.732 58.6388 121.788 173.338 73.8273 77.3061 76.2188 53.2613 35.5697 9132.15 12207.5 8258.25 987.518 7270.73 6251.11 4310.92 1019.62
internal_count=250083 223781 143522 80259 123656 68416 9869 3537 6332 3561 2771 2978 119911 26302 58547 7843 93193 50704 7556 43148 93024 4322 26718 11851 11843 19866 2487 1123 11644 559 17379 9863 4521 5342 7516 14867 785 11494 11202 1364 3745 3680 3521 3630 6731 1144 169 517 606 292 199 220 120 150 10727 15575 10602 1306 9296 8032 5492 1264
is_linear=0
shrinkage=0.05


Tree=14
num_leaves=63
num_cat=0
split_feature=22 2 7 10 12 13 27 9 15 12 13 10 19 17 15 3 28 7 15 12 15 10 15 11 27 15 16 21 4 10 7 16 17 3 17 15 17 27 10 16 15 3 17 7 13 16 16 16 21 9 9 15 16 16 4 10 14 15 15 4 19 15
split_gain=18755.7 101.731 64.3486 72.3603 70.0455 62.3923 75.0947 61.1836 62.2524 59.0178 53.0564 52.0617 50.7754 50.6156 86.3373 63.5476 63.075 60.8034 45.8387 55.8964 45.882 43.8603 42.2394 41.4073 41.234 39.4033 39.4548 77.865 42.9358 38.0985 80.9653 71.4037 56.5941 37.729 42.8944 48.1948 37.3918 36.1877 35.8279 33.4701 42.1836 33.2649 31.6315 47.5863 29.2389 28.8408 28.6556 53.2722 28.6505 28.4353 43.677 27.7773 27.2357 22.2198 22.2148 26.6692 21.7565 21.0915 26.7414 17.9275 9.32339 2.50043
threshold=1.0000000180025095e-35 2.5000000000000004 357.50000000000006 0.97691940209033801 -0.0011229223935371499 83527.158333333355 106673.98000000003 226950.00000000003 5.3045000000000009 -0.0016132278124615998 73122.538333333345 0.94566457284902616 45.000000000000007 13.678500000000001 7.1520000000000001 1.0000000180025095e-35 296875.18500000006 178.50000000000003 4.6465000000000005 -0.0030867301311160496 3.0315000000000007 0.98675366162475242 5.4395000000000016 -565.75999999999465 104277.05 2.5245000000000002 5.033500000000001 5.5000000000000009 1.0000000180025095e-35 0.95954940664381805 352.50000000000006 16.285500000000003 15.190500000000002 2.5000000000000004 10.089500000000003 2.9785000000000008 15.958500000000003 105495.96000000001 0.93991650268706095 6.6375000000000002 6.5435000000000008 2.5000000000000004 10.089500000000003 344.50000000000006 64388.834999999999 27.444500000000001 7.448500000000001 1.0000000180025095e-35 21.250000000000004 690550.00000000012 483850.00000000006 3.9285000000000001 4.1515000000000013 20.849000000000004 1.5000000000000002 0.98367582681026122 219.25798027045576 2.5245000000000002 2.5485000000000002 1.0000000180025095e-35 75.000000000000014 7.4730000000000016
decision_type=2 2 2 2 2 2 2 2 2 2 2 2 2 2 2 2 2 2 2 2 2 2 2 2 2 2 2 2 2 2 2 2 2 2 2 2 2 2 2 2 2 2 2 2 2 2 2 2 2 2 2 2 2 2 2 2 2 2 2 2 2 2
left_child=1 2 7 4 57 10 18 8 42 11 33 -10 61 16 41 -16 23 -18 20 38 24 51 53 -9 -7 46 27 -27 -28 49 32 -32 -31 34 44 -36 -22 -21 -20 59 -41 -15 48 -44 -3 -11 47 -5 -1 50 -8 56 -53 -6 55 -35 -12 -4 -59 -23 -14 -2
right_child=12 5 3 25 22 6 29 13 9 45 21 -13 60 14 15 -17 17 -19 19 37 36 39 -24 -25 -26 26 28 -29 -30 30 31 -33 -34 54 35 -37 -38 -39 -40 40 -42 -43 43 -45 -46 -47 -48 -49 -50 -51 -52 52 -54 -55 -56 -57 -58 58 -60 -61 -62 -63
leaf_value=0.02382971730999818 0.07166297962020339 0.017358675392746933 -0.045959329840913048 0.087025538857041035 -0.013970029135476772 0.0081388486208019781 0.015752711229334897 0.0069056303811447549 0.027412789272324226 0.021358629734807469 0.092844699367387151 0.0099214069693141158 0.075364235821177239 -0.039190144959027978 0.046951385389055515 -0.0076447349741682619 0.042052989253187872 0.019682058794216785 0.013121693830317027 0.012204107759358311 0.032199220991872335 -0.03350075522060126 -0.0646544467747691 0.017673316949100671 -0.07180461551483483 0.014697833585745593 0.015971837135481875 -0.0069328055962093243 0.022612802075242432 0.020229878072364496 0.018315495585485616 0.026819921907853692 0.030126309944789671 0.037318423953077919 0.10687033566021518 0.027505378357458241 0.012972806478131892 -0.041970390201276388 -0.041067600256047346 0.05111393743799636 -0.011456179218298146 0.042474338001302042 0.053425890809801424 0.0079553294669787184 -0.064314275841230339 0.036637193604029089 0.090370221699931849 -0.031142570550335827 0.044144331533747562 -0.0482241781074777 0.050750266556249174 -0.0014894384371970841 0.051861913774862246 0.043517912033910325 -0.071414526895616601 -0.055707859082332147 0.046469766140050724 0.072109944350379152 0.010008656468424708 0.02831913199567155 0.078710917270659431 0.060213235753691918
leaf_weight=6030.0835388302803 12027.471653431654 23.381146982312202 16.612243413925171 18.307404577732086 199.18453361093998 297.60475432872772 2545.0671707242727 1754.1981489360332 518.59407517313957 1941.6604903042316 70.179104864597321 2367.5872865319252 5732.792229026556 133.77954511344433 101.0151389092207 112.83228087425232 336.8395034968853 3090.8975382745266 46.613860324025154 1596.7202400565147 719.13091450929642 30.37382310628891 40.633741661906242 1818.2963409125805 17.054115772247314 4038.1171419322491 8007.0316600054502 463.83763079345226 3496.7696610987186 2034.6351110041142 9337.3683411329985 3354.9632977247238 4981.7056456804276 20.804214313626289 19.85344235599041 523.90576396882534 390.04219694435596 31.432379871606827 88.250404849648476 123.69899398088455 34.435845270752907 13.751637935638426 214.4237749427557 78.641708806157112 20.624854251742363 367.30506351590157 30.63592104613781 19.910304024815559 178.70561437308788 16.827817872166634 92.385243102908134 27.144581943750381 201.46211002767086 18.357544451951981 14.474061101675032 12.235584437847136 39.540086880326271 17.518264517188072 1656.4445279538631 19.103292271494865 3267.0251306593418 47.872841358184814
leaf_count=20611 15505 79 78 50 828 1060 8728 6611 1749 6685 156 8739 6951 592 304 455 1031 10856 159 5648 2343 129 200 6443 81 15154 29426 1885 12492 6817 32821 11076 15701 64 36 1690 1375 134 383 359 131 48 620 280 92 1164 74 88 542 76 264 101 569 58 69 56 111 51 6296 63 3776 70
internal_value=0.0328402 0.0193336 0.0176386 0.0154968 0.00639777 0.021685 0.0211656 0.0196641 0.0219116 0.0178309 0.0329195 0.0130643 0.0737363 0.0160931 -0.00215431 0.0181448 0.0170351 0.0218804 0.0139849 0.00859591 0.0206576 0.0443505 -0.0178595 0.0123861 0.00380601 0.0165999 0.0164375 0.0124692 0.0179905 0.0221888 0.0229462 0.0205635 0.0272565 0.0230961 0.0265605 0.0304031 0.0254382 0.0111582 -0.0223379 0.026259 0.0374885 -0.0315781 0.0251721 0.0412242 -0.02092 0.0237891 0.0543432 0.0254634 0.0244144 0.0165652 0.0169786 0.0554523 0.045527 -0.00911884 -0.0197605 0.00286813 0.0761323 0.0101022 0.0106586 -0.00963187 0.0765791 0.0716176
internal_weight=84888.2 63813 37082 18023.4 1948.75 26731 25549.8 19058.6 11697 5195.15 1181.22 2886.18 21075.2 7361.61 361.379 213.847 7000.23 3427.74 3186.85 1763.02 1423.83 545.938 258.176 3572.49 314.659 16074.6 16005.8 4501.95 11503.8 22363 19708.7 12692.3 7016.34 635.279 587.765 543.759 1109.17 1628.15 134.864 207.612 158.135 147.531 6501.85 293.065 44.006 2308.97 68.8536 38.2177 6208.79 2654.28 2637.45 338.326 228.607 217.542 47.5139 33.0398 109.719 1690.58 1673.96 49.4771 8999.82 12075.3
internal_count=250083 223781 133410 66680 7511 90371 86666 66730 40390 18337 3705 10488 26302 26340 1399 759 24941 11887 11183 6324 4859 1619 1086 13054 1141 59169 58957 17039 41918 75483 66415 43897 22518 2086 1897 1726 3718 5782 542 682 490 640 22053 900 171 7849 212 138 21153 9068 8992 937 670 886 189 120 267 6425 6347 192 10727 15575
is_linear=0
shrinkage=0.05


Tree=15
num_leaves=63
num_cat=0
split_feature=22 0 6 6 29 15 17 0 34 17 15 15 5 7 15 19 15 10 17 9 8 15 9 10 27 8 0 8 18 4 25 17 17 9 15 17 18 17 3 10 17 28 25 17 10 17 28 21 8 14 15 4 17 7 28 9 8 14 6 9 9 28
split_gain=17246.7 220.471 98.5242 77.8193 74.3219 58.7293 58.1224 52.8081 55.8798 54.3707 59.8849 57.1277 48.8076 49.335 48.2053 46.4723 46.2203 45.969 44.4652 43.4066 40.7323 61.5287 55.951 47.6564 40.3424 38.1837 38.1416 37.9508 56.2811 35.727 58.0158 55.9391 58.8363 51.0584 50.6809 48.7832 51.2243 41.541 41.0084 37.3569 47.4793 34.0194 33.0533 32.2396 33.3983 29.2242 28.3401 27.9059 27.8764 46.5808 26.468 25.4185 27.439 25.1892 24.8142 22.161 22.0768 22.0482 31.4008 20.3804 18.9677 11.3313
threshold=1.0000000180025095e-35 3.5000000000000004 12.500000000000002 4.5000000000000009 181234.43500000003 6.3215000000000012 3.5645000000000002 1.0000000180025095e-35 1.5000000000000002 19.003500000000006 3.9855000000000005 6.8955000000000011 1.0000000180025095e-35 340.50000000000006 6.7615000000000007 45.000000000000007 7.0345000000000004 0.9264383580245088 27.177500000000006 187150.00000000003 170538.76500000004 3.2725000000000004 154950.00000000003 0.96444330793092747 66771.440000000017 127682.47500000002 2.5000000000000004 193073.66000000003 8.5000000000000018 1.5000000000000002 11.500000000000002 4.4105000000000008 5.8550000000000013 99450.000000000015 4.6465000000000005 6.2170000000000014 9.5000000000000018 30.827500000000004 1.0000000180025095e-35 0.91706048225231107 3.8795000000000006 391037.46000000002 11.500000000000002 14.155500000000002 0.98037764469132649 14.684000000000003 82798.480000000025 8.7500000000000018 95255.285000000018 126.23725076368187 7.4730000000000016 1.0000000180025095e-35 7.7115000000000018 338.50000000000006 206053.26500000004 104550.00000000001 77013.130000000019 159.72564201840794 16.500000000000004 180650.00000000003 182450.00000000003 117158.50000000001
decision_type=2 2 2 2 2 2 2 2 2 2 2 2 2 2 2 2 2 2 2 2 2 2 2 2 2 2 2 2 2 2 2 2 2 2 2 2 2 2 2 2 2 2 2 2 2 2 2 2 2 2 2 2 2 2 2 2 2 2 2 2 2 2
left_child=1 2 7 29 20 43 25 8 17 11 19 14 18 -14 -9 -2 -13 60 -7 -11 22 59 24 -24 -5 57 -12 28 -27 30 35 34 33 -33 41 36 -3 -34 -37 40 -32 -31 -19 44 -6 -45 -36 -23 51 55 -41 56 -53 -51 -29 -50 -8 58 -4 -22 -1 -59
right_child=15 3 6 4 5 12 48 9 -10 10 26 16 13 -15 -16 -17 -18 42 -20 -21 21 47 23 -25 -26 27 -28 54 -30 31 39 32 37 -35 46 38 -38 -39 -40 50 -42 -43 -44 45 -46 -47 -48 -49 49 53 -52 52 -54 -55 -56 -57 -58 61 -60 -61 -62 -63
leaf_value=0.036084997079335622 0.068935707548910805 -0.0093656643232882097 -0.027674177746872114 -0.0025113935951371451 0.018040721260789466 0.0059135641329470211 0.036051115918037252 0.01874050440140802 -0.044837404013038977 0.098016793740988734 0.025714996052045691 -0.001550588351957756 -0.044275491298484404 -0.00057673932672072344 0.033623004332669702 0.073725257443650299 0.01476374886899804 0.014680518659798417 0.054228459592158211 0.036751826753381567 0.028044496339825475 0.057281704729225294 -0.013378639122474082 0.018759902640199645 0.02978996965384605 0.016052799119039111 0.018539286603497084 -0.037118543660738509 0.07597141781260959 0.018888486173033712 0.087962419318777962 -0.036473247986881889 0.017081778187886316 0.052753700407887051 0.025881820271174069 0.01546773431665702 0.023234566370763304 0.052962645099492237 0.033957785951668394 0.010333550351549084 0.0079293125665104141 -0.033850326564299364 0.028512250505786541 0.074173685728842961 0.0011022482973412999 0.025367367428494277 -0.031219389621786903 0.018263850003596011 -0.053156586972726051 0.024270061115074629 -0.022687440465692002 0.063920674077467626 -0.0065041713797987129 0.034727147291731396 0.013118842351996769 0.0083813368526794284 0.070870270237318608 -0.017048942673785827 0.050283058715331189 -0.042440449583217695 0.0953791701280019 -0.062872606570861245
leaf_weight=22.467548653483391 11907.577176451683 242.60913330316544 26.457790896296501 102.94448311626911 1384.320957750082 293.97294028103352 77.743620976805687 25488.585335582495 27.40125085413456 42.566507548093796 4158.4516785889864 554.4307516515255 91.652150928974152 218.73475421965122 555.97358891367912 8812.9732812643051 2001.0692015737295 526.21162283420563 56.826325640082359 90.1256003677845 17.07622791826725 240.94683209061623 160.66266719996929 408.96248516440392 1584.1577832996845 105.67846277356148 3338.6508354693651 27.943951368331909 62.290446221828461 308.95144686102867 35.104959338903427 17.367439121007919 1680.3159308284521 208.6704037040472 26.364967435598373 545.47840204834938 239.39812995493412 84.733965307474136 666.0034643560648 11706.981008306146 39.251355171203613 33.936619281768799 2410.348434984684 32.51202429831028 368.47820617258549 541.69794173538685 123.59191252291203 56.588188022375107 16.917475759983063 857.67596073448658 61.001078397035599 21.692660003900528 38.164436310529709 1752.7655759304762 204.20130959153175 108.19709996879101 109.84612342715263 34.993488371372223 25.239710435271263 25.675989255309105 33.744819015264511 21.955072104930878
leaf_count=66 15562 1030 112 394 4917 1127 215 87464 117 94 13301 2102 427 850 1802 10723 7120 1736 158 272 55 674 630 1386 5120 361 11335 121 149 1165 93 78 6203 684 99 1968 875 256 2221 45172 149 160 7481 83 1439 1765 565 190 70 2615 292 51 130 4918 702 346 248 142 79 110 70 103
internal_value=0.0312989 0.0185234 0.0206042 0.0144068 0.019489 0.0141119 0.0286526 0.0198882 0.0262403 0.0193587 0.0231088 0.0183582 0.000961809 -0.0134803 0.0190582 0.0709728 0.0112243 0.0268911 0.0137401 0.0564051 0.0256759 0.0418016 0.0232443 0.00969523 0.027819 0.0130323 0.0225195 0.0201702 0.0382733 0.012635 0.0116235 0.018147 0.0218801 0.045898 0.0030654 0.0202797 0.00682586 0.0188043 0.0256325 0.0103856 0.0457144 0.0136688 0.0260337 0.0178484 0.0144799 0.0281308 -0.02118 0.0498609 0.0313167 0.029863 0.0101624 0.0473878 0.0190183 0.0312914 0.00707163 6.04332e-05 0.05644 -0.0132544 0.010386 -0.0142871 0.0716799 -0.0347151
internal_weight=85067.3 64346.8 42741.8 21605 5585.21 2988.2 3491.76 39250 3020.17 36229.9 7629.79 28600.1 661.186 310.387 26044.6 20720.6 2555.5 2992.77 350.799 132.692 2597.01 340.287 2256.73 569.625 1687.1 508.76 7497.1 400.114 167.969 16019.8 13535.8 2483.93 1991.09 226.038 492.845 1693.49 482.007 1765.05 1211.48 11842.3 74.3563 342.888 2936.56 2327.01 1752.8 574.21 149.957 297.535 2983 2735.56 11768 247.447 59.8571 2610.44 232.145 125.115 187.59 108.646 51.6975 42.7522 56.2124 56.9486
internal_count=249942 223657 143322 80335 19325 10766 10362 132960 9470 123490 25002 98488 2562 1277 89266 26285 9222 9353 1285 366 8559 1029 7530 2016 5514 1769 24636 1333 510 61010 51800 9210 7221 762 1989 6094 1905 6459 4189 45706 242 1325 9217 8204 6356 1848 664 864 8593 7949 45464 644 181 7533 823 416 463 436 191 165 136 245
is_linear=0
shrinkage=0.05


Tree=16
num_leaves=63
num_cat=0
split_feature=23 0 6 6 29 2 2 19 0 25 13 16 14 13 13 18 10 35 18 18 7 11 3 16 13 16 10 16 4 2 16 7 10 0 10 2 16 11 8 2 14 7 16 25 13 2 18 29 9 29 8 14 16 14 9 7 24 7 19 29 2 8
split_gain=16202.6 195.579 87.5199 69.087 65.5567 49.7241 49.4105 48.1488 44.7406 47.5096 52.809 44.0052 51.1608 42.8058 59.7086 40.7429 37.9046 37.5805 37.27 39.7858 43.726 42.8046 35.8595 35.337 84.4239 33.9783 67.2682 45.8727 59.5042 60.1877 54.2122 71.2037 56.1502 39.7693 31.5843 59.2502 39.7526 29.1271 26.8581 27.2848 26.7587 24.7425 24.1095 23.3176 23.2148 26.9213 21.3709 20.664 18.9052 21.313 18.133 41.4884 36.6206 23.3644 20.0183 18.0677 17.1768 17.0506 10.981 10.4678 8.76455 3.67009
threshold=1.0000000180025095e-35 3.5000000000000004 12.500000000000002 4.5000000000000009 181234.43500000003 2.5000000000000004 1.0000000180025095e-35 45.000000000000007 1.0000000180025095e-35 11.500000000000002 104260.41 6.8570000000000002 421.00023291218605 83527.158333333355 73122.538333333345 2.5000000000000004 0.98675366162475242 2.5000000000000004 22.500000000000004 13.500000000000002 166.50000000000003 -114.26999999999678 1.5000000000000002 15.019000000000002 93496.728333333347 35.002500000000005 0.9880276969361671 20.364500000000003 1.5000000000000002 1.0000000180025095e-35 20.611500000000003 357.50000000000006 0.99423816805737542 4.5000000000000009 0.97942237476024319 2.5000000000000004 30.585000000000004 -896.40499999998417 341184.45500000002 4.5000000000000009 168.23089023766684 355.50000000000006 14.732500000000002 10.500000000000002 260117.72500000003 1.5000000000000002 3.5000000000000004 296699.06500000006 131950.00000000003 160867.73000000001 95255.285000000018 126.23725076368187 14.199000000000002 143.55945922582916 104550.00000000001 338.50000000000006 1.0000000180025095e-35 343.50000000000006 75.000000000000014 77365.710000000006 1.5000000000000002 108589.73000000001
decision_type=2 2 2 2 2 2 2 2 2 2 2 2 2 2 2 2 2 2 2 2 2 2 2 2 2 2 2 2 2 2 2 2 2 2 2 2 2 2 2 2 2 2 2 2 2 2 2 2 2 2 2 2 2 2 2 2 2 2 2 2 2 2
left_child=1 2 5 25 18 8 11 61 9 22 -11 47 46 14 15 -7 -16 41 19 20 -5 -21 -1 42 -25 27 44 28 33 -30 31 -29 -32 -3 40 36 -36 -14 39 -28 -6 -10 -15 -37 45 -27 -13 57 -20 -50 52 54 53 -8 -52 -53 -42 -4 -9 -54 -19 -2
right_child=7 3 6 4 34 13 50 58 17 10 -12 12 37 23 16 -17 -18 60 48 21 -22 -23 -24 24 -26 26 38 30 29 -31 32 -33 -34 -35 35 43 -38 -39 -40 -41 56 -43 -44 -45 -46 -47 -48 -49 49 -51 51 55 59 -55 -56 -57 -58 -59 -60 -61 -62 -63
leaf_value=0.019574593916300537 0.064040617821663301 0.012171299356922467 -0.052279964190317385 -0.016762824998134789 0.081288087993415498 0.036677963166491717 0.00018336545843185268 0.070082968619020733 0.018463225815073869 -0.006550456547935621 0.032543111740848257 0.077207442519907271 0.033050551820894725 0.018989050751627767 0.058888347761784691 0.0048070431335192872 0.027006768737841552 0.040908105443834449 0.025369453127860632 0.041885425183082456 0.023018338948466718 0.00805792933505667 -0.018981626279858117 -0.019451405526014178 0.024589520974151784 -0.043934963643100594 -0.060335896264857893 -0.029356967743616836 -0.006516082068926992 0.021520162945698775 0.021688005050798292 0.078369299843744467 0.0044374718821439197 0.0062052030506209018 -0.00093716455282815509 0.042739098091411576 -0.069428042305918411 -0.028136605861133968 0.027218865897238861 0.019326114515497539 0.019558882847460785 0.014950206639665642 0.002807167412294892 0.014550896336941566 0.07491409757012224 0.041215183327330623 0.028204484752477457 0.038747620128445459 -0.072851213125040643 -0.0039504608742823343 -0.051426777877120446 0.023269995363138906 0.040316368400777361 0.040711441507179875 0.0074788438435218277 0.031853273442386913 0.0091656590625638756 -0.0038033796662925029 0.073802062266746307 0.073756729228010395 0.08489838997771304 0.066811790007833313
leaf_weight=176.22897836565971 1350.1656515151262 6431.4560797661543 42.848313003778458 71.775520503520966 16.09883825480938 177.78931213915348 56.640759602189064 5561.9776359498501 8756.6909979879856 93.420167356729507 1147.0674883574247 26.507281094789505 27.533489406108856 11339.149131789804 232.42808239161968 230.00662937760353 155.67043815553188 23.603718891739845 23.523722946643829 529.05195151269436 1836.3017484694719 113.59690135717392 91.677128970623016 111.21710808575153 5040.2252668887377 15.095872610807417 69.498719498515129 19.38225468993187 212.79290728271008 1906.7332929819822 1722.6971460431814 73.532699823379517 649.60032388567924 4937.7376095354557 611.08422055840492 94.751848444342613 21.946442663669586 66.247550427913666 13.863086879253386 12.715320631861685 1377.0426757931709 11720.9431091398 234.95063756406307 325.03649377822876 19.737812086939812 24.104317486286163 138.5107745975256 12.081917181611059 17.755275428295135 30.510206982493401 16.619816347956657 909.78848707675934 33.765116751194 95.55676743388176 109.11128531396389 1880.1172855347395 558.88606506586075 31.454996183514595 3085.9602158069611 76.248129695653915 21.762454092502594 10382.062919557095
leaf_count=573 1840 23992 200 279 39 514 185 7012 29507 336 3485 63 93 37571 596 803 489 72 78 1570 6035 402 353 433 15922 70 345 87 894 6853 6123 207 2527 19680 2425 272 110 277 50 46 4798 41415 840 1120 55 81 452 38 83 112 70 2752 88 257 349 5256 2002 123 3711 159 51 13722
internal_value=0.029694 0.0174665 0.0194176 0.0136 0.0183693 0.018745 0.0269692 0.0685794 0.017164 0.0254752 0.029599 0.00900273 0.0193169 0.0207329 0.0320621 0.018702 0.0461003 0.0165532 0.024146 0.0251459 0.0215219 0.035906 0.0063807 0.0201938 0.0236387 0.0119339 -0.0113623 0.0121602 0.0110141 0.0187054 0.0184317 0.0558974 0.0169643 0.00958017 0.0133276 0.00634753 -0.00331166 -0.0101725 -0.0371596 -0.0480153 0.0170923 0.0164525 0.0186606 0.0209134 0.030691 0.00842412 0.036076 -0.0218972 -0.0113839 -0.0292968 0.0289207 0.0277881 0.0415152 0.0256288 -0.00030762 0.0290543 0.0165584 -0.0317583 0.0714101 0.0634933 0.0620105 0.0664929
internal_weight=85192.3 64812.2 43075.9 21736.3 5627.36 39552.8 3523.03 20380.2 22031.4 1508.39 1240.49 345.184 258.799 17521.4 795.894 407.796 388.099 20523 2622.52 2550.73 1908.08 642.649 267.906 16725.5 5151.44 16108.9 155.015 15953.9 13488.7 2119.53 2465.21 92.915 2372.3 11369.2 3004.85 1052.82 633.031 93.781 96.0771 82.214 1952.03 20477.6 11574.1 419.788 58.938 39.2002 165.018 86.3852 71.7892 48.2655 3177.85 2915.64 262.211 152.198 125.731 2789.91 1935.93 74.3033 8647.94 110.013 45.3662 11732.2
internal_count=249942 223657 143322 80335 19325 132960 10362 26285 75792 4747 3821 1246 885 57168 2402 1317 1085 71045 8559 8286 6314 1972 926 54766 16355 61010 647 60363 51419 7747 8944 294 8650 43672 10766 3927 2535 370 441 391 6839 70922 38411 1392 206 151 515 361 273 195 9116 8427 689 442 419 8008 6800 323 10723 247 123 15562
is_linear=0
shrinkage=0.05


Tree=17
num_leaves=63
num_cat=0
split_feature=22 0 6 6 5 15 19 2 15 16 15 2 15 8 16 14 11 13 13 11 8 15 7 6 18 16 16 1 16 13 16 10 16 4 2 16 15 10 10 11 28 11 15 15 15 8 2 10 8 11 28 15 15 4 13 18 5 11 18 8 5 19
split_gain=15254.4 173.805 77.94 61.4218 59.0001 78.0666 49.9187 44.1222 45.0606 65.6678 89.7962 43.7909 42.2111 41.4157 39.655 45.3956 39.2061 37.7176 52.1073 36.7641 36.6917 38.5223 52.6714 49.3794 36.0219 35.7795 45.8843 35.336 31.4713 75.499 30.58 61.2611 40.642 52.7743 53.5161 46.9104 97.2939 49.734 38.7984 29.8422 29.2202 26.3436 25.6614 35.4278 32.5697 24.9351 25.7 23.7343 23.6561 20.1059 40.887 19.3235 40.0664 29.2038 22.0699 37.9738 33.903 18.7917 18.366 16.0843 33.9117 11.0227
threshold=1.0000000180025095e-35 3.5000000000000004 12.500000000000002 4.5000000000000009 1.0000000180025095e-35 6.4785000000000013 45.000000000000007 2.5000000000000004 6.8955000000000011 19.618000000000006 6.7455000000000007 1.0000000180025095e-35 7.0345000000000004 616862.41572699975 6.8570000000000002 421.00023291218605 -591.93499999999756 83527.158333333355 73122.538333333345 -727.11499999999057 146562.43000000002 6.0235000000000012 288.00000000000006 17.500000000000004 2.5000000000000004 2.7955000000000001 3.2455000000000003 1.0000000180025095e-35 15.912000000000001 93496.728333333347 35.002500000000005 0.9880276969361671 20.364500000000003 1.5000000000000002 1.0000000180025095e-35 20.611500000000003 5.097500000000001 0.99423816805737542 0.91706048225231107 -484.08000000000169 128876.895 -896.40499999998417 4.1305000000000005 4.4895000000000005 3.4275000000000007 341184.45500000002 4.5000000000000009 0.94700504083275838 272079.50500000006 -286.12499999999994 215864.67000000001 6.8520000000000012 6.9575000000000005 1.0000000180025095e-35 275446.28000000009 1.0000000180025095e-35 2.5000000000000004 -553.55500000000745 3.5000000000000004 161375.94000000003 1.0000000180025095e-35 75.000000000000014
decision_type=2 2 2 2 2 2 2 2 2 2 2 2 2 2 2 2 2 2 2 2 2 2 2 2 2 2 2 2 2 2 2 2 2 2 2 2 2 2 2 2 2 2 2 2 2 2 2 2 2 2 2 2 2 2 2 2 2 2 2 2 2 2
left_child=1 2 7 30 20 25 -2 8 9 10 -1 14 40 -11 59 58 -14 18 24 -7 21 22 -5 -23 -9 39 -27 -20 48 -30 32 49 33 38 -35 36 -34 -37 -3 -6 -10 -17 44 -44 -22 46 -33 -21 -19 -32 -51 54 53 -53 55 -13 -56 -54 -16 -4 -61 -8
right_child=6 3 11 4 5 19 61 17 12 13 -12 51 16 -15 15 41 -18 28 27 47 42 23 -24 -25 -26 26 -28 -29 29 -31 31 45 35 34 -36 37 -38 -39 -40 -41 -42 -43 43 -45 -46 -47 -48 -49 -50 50 -52 52 57 -55 56 -57 -58 -59 -60 60 -62 -63
leaf_value=0.015146103609283227 0.064242382571540621 0.042175911831688527 -0.044843232617732542 -0.00025196765519977233 -0.015130941634653568 -0.050404119705492724 0.067954683895626547 0.034412161459818617 -0.019571962124507403 0.022597162851180491 0.038146157300041721 0.013431541287591851 0.031142948273214885 0.054979685162877628 0.071388927562511403 0.03096300732884117 0.010846632032913417 0.016295377618058115 0.0026251369449834306 0.044187202780960867 0.016727887768254148 0.047988046565038883 0.032187822896635236 -0.020589491644460695 0.0045583916049363868 0.060285105774211617 0.017996028806256153 0.048642090509517399 -0.018984757528010279 0.023389795717420878 -0.012549359677210561 -0.059015187419818704 -0.059205014964439154 -0.0062096113603091049 0.020251111164179832 0.020410373063354401 0.074821217700737019 0.0042071614242262323 0.0088052668027217267 0.011891568592014694 0.0053438720852167524 -0.027048823710525777 -0.0080249950851918866 0.017199318850157977 0.038051639799949924 0.025538336017511765 0.018208290572993478 -0.0047939042053589528 0.021251805002616409 0.0019086589212063772 0.10328512914302626 -0.049541472830993527 -0.0049989546444814178 0.028458402363271951 0.032366228847984853 0.029690512161144163 0.067263281471560299 0.0280279636693372 0.026499506366472789 0.030540368237173533 -0.058219395841617665 0.071720808782056653
leaf_weight=15834.442270323634 11540.923347234726 87.776098757982254 38.759949043393135 181.63415406644344 139.18295004963875 42.859295159578323 5452.1533951759338 179.96246394515038 165.90013745427132 3052.9133065491915 436.05215892195702 467.93677273392677 271.76989477872849 102.03795154392719 27.214986860752106 27.910237818956375 1911.1978059113026 8687.6618827879429 47.424220249056816 26.254601567983627 412.57715401053429 341.54766982793808 402.22705276310444 28.434918135404587 230.41463373601437 67.108740732073784 1451.2958827465773 346.70889417827129 107.50867399573326 4724.2265105992556 19.72909964621067 67.55094712972641 16.349939793348312 212.14731049537659 1924.4379871785641 1738.5836275368929 78.812853679060936 650.86947153508663 11329.395748049021 384.18383683264256 404.77651773393154 65.48589301109314 156.03178472816944 1290.5652833431959 316.39837083220482 14.032058045268057 12.818390294909475 426.44831123948097 3330.1934622228146 21.349080339074135 18.621330961585045 35.596288666129112 50.464115709066391 18.103345736861229 717.74893099069595 1544.2693498283625 77.072135746479034 293.92215950787067 140.01136727631092 30.00775445997715 16.777827024459839 3018.4463676810265
leaf_count=54493 15562 279 180 657 553 210 7012 514 668 9928 1334 1464 858 275 63 93 6760 28869 165 80 1435 972 1234 108 803 180 4910 920 422 14760 79 345 76 894 6853 6123 218 2527 43393 1329 1476 277 599 4441 982 50 46 1635 10715 84 43 144 170 52 1926 4350 168 842 452 100 81 3711
internal_value=0.028193 0.0164797 0.0183116 0.0128441 0.0173244 0.0116584 0.0663818 0.0176788 0.0161941 0.0170426 0.0157625 0.0254092 0.0102082 0.0236445 0.0085146 0.0182101 0.0133734 0.019544 0.0301206 -0.00614357 0.0219183 0.0300949 0.0220961 0.0427175 0.0176502 0.0159792 0.0198651 0.0431051 0.019039 0.0224469 0.0112762 -0.010891 0.0114892 0.0104115 0.0176238 0.0173678 0.0517941 0.0159967 0.00906182 0.00470526 -0.00189935 -0.00971273 0.0183334 0.0144786 0.0259831 -0.0359611 -0.0466985 -0.00195323 0.0176688 0.0287518 0.0491377 0.0272339 0.0169247 -0.023246 0.0286959 0.0259095 0.0357501 0.0231884 0.033805 -0.0210235 -0.00128986 0.0692967
internal_weight=85255.2 65243.7 43384.5 21859.2 5666.75 2537.33 20011.5 39833.2 22179.1 19425.4 16270.5 3551.28 2753.64 3154.95 346.168 260.622 2182.97 17654.1 804.51 495.562 3129.42 953.844 583.861 369.983 410.377 2041.77 1518.4 394.133 16849.6 4831.74 16192.5 154.101 16038.4 13553.8 2136.59 2484.62 95.1628 2389.45 11417.2 523.367 570.677 93.3961 2175.57 1446.6 728.976 94.4014 80.3693 452.703 12017.9 59.6995 39.9704 3205.11 398.086 53.6996 2807.03 2012.21 794.821 344.386 167.226 85.5455 46.7856 8470.6
internal_count=249942 223657 143322 80335 19325 8897 26285 132960 75792 66030 55827 10362 9762 10203 1246 885 7618 57168 2402 1925 10428 2971 1891 1080 1317 6972 5090 1085 54766 15182 61010 647 60363 51419 7747 8944 294 8650 43672 1882 2144 370 7457 5040 2417 441 391 1715 39584 206 127 9116 1208 196 7908 5814 2094 1012 515 361 181 10723
is_linear=0
shrinkage=0.05


Tree=18
num_leaves=63
num_cat=0
split_feature=23 0 0 6 6 20 17 8 16 17 9 17 10 17 13 10 29 7 3 9 13 17 3 17 16 9 16 16 12 12 16 16 9 17 21 17 9 28 25 27 9 6 8 13 27 27 11 27 6 12 10 9 25 17 16 9 10 20 3 33 8 8
split_gain=14386.5 156.383 76.2848 63.3588 56.9451 50.4866 49.0404 51.539 62.423 48.5036 49.0509 67.8784 45.5413 41.8296 65.9644 56.5894 36.3195 35.1851 34.3772 49.4816 49.4735 50.724 43.304 43.0427 39.6174 34.0646 33.7867 33.1171 32.5431 31.9455 31.5279 42.3692 31.3358 31.3073 30.8665 29.7223 27.2876 26.5629 26.1093 25.8922 24.222 23.8091 31.2891 22.7023 22.5935 23.7783 22.0093 23.1112 20.6194 31.7524 19.3599 18.9331 18.452 13.993 13.5209 13.4542 11.0104 8.85983 5.54579 3.82213 3.44263 4.16617
threshold=1.0000000180025095e-35 2.5000000000000004 4.5000000000000009 4.5000000000000009 15.500000000000002 45.000000000000007 14.756500000000001 272079.50500000006 6.2635000000000014 8.0270000000000028 195850.00000000003 9.3350000000000026 0.9758882650911711 13.304500000000003 445533.46500000008 0.99460403842948353 420154.78000000009 350.50000000000006 1.0000000180025095e-35 210750.00000000003 158138.2116666667 36.185000000000009 2.5000000000000004 31.512500000000006 35.002500000000005 212850.00000000003 35.612500000000004 26.742000000000004 4.9994348152330774 -0.00086876603998664993 32.115000000000009 23.015000000000004 260050.00000000003 35.487500000000011 8.7500000000000018 30.185000000000006 459200.00000000006 391037.46000000002 14.500000000000002 64042.075000000004 466500.00000000006 19.500000000000004 252078.01500000004 492777.20500000002 95399.525000000009 101739.46000000002 -1784192.4203132212 238448.535 17.500000000000004 -0.0011841627460179498 0.98727635626473009 68150.000000000015 12.500000000000002 9.2350000000000012 5.7430000000000012 422750.00000000006 0.99007023701069719 75.000000000000014 1.0000000180025095e-35 1.5000000000000002 108589.73000000001 106534.72000000002
decision_type=2 2 2 2 2 2 2 2 2 2 2 2 2 2 2 2 2 2 2 2 2 2 2 2 2 2 2 2 2 2 2 2 2 2 2 2 2 2 2 2 2 2 2 2 2 2 2 2 2 2 2 2 2 2 2 2 2 2 2 2 2 2
left_child=1 3 4 6 9 60 13 26 16 28 11 -11 -12 30 15 -15 -9 40 23 20 21 -20 -22 24 27 -21 32 -4 34 -27 31 -1 -8 55 -3 -10 41 -30 -28 58 44 52 -43 -16 51 -46 -41 -48 49 -42 -32 -5 -6 -38 -55 -25 -35 -7 -19 -59 61 -2
right_child=5 2 18 17 36 57 7 8 35 10 12 -13 -14 14 43 -17 -18 39 19 25 22 -23 -24 33 -26 29 38 -29 37 -31 50 -33 -34 56 -36 -37 53 -39 -40 46 48 42 -44 -45 45 -47 47 -49 -50 -51 -52 -53 -54 54 -56 -57 -58 59 -60 -61 -62 -63
leaf_value=0.015773421186654795 0.06041615055227284 0.012691223103523178 0.011399492233593373 0.0080411992905134108 0.018981156171815734 0.066007274890170942 0.01855383571926578 0.050067510889887624 0.025211133577730943 0.033354210901977807 0.019463160088397567 0.01746794296672572 0.011485868324775085 0.0032502105882904093 -0.072017028338149394 0.027721967760160122 0.014028788686434321 0.07035509035359809 0.0047633759215584921 -0.069579237894602033 0.014810087481949973 0.096876359944979631 0.040577372858447314 0.047993788391401691 -0.066770118094884409 0.004490847567297218 1.7139461741444321e-05 0.031164628821866089 0.03522872097119973 -0.011855597672492571 0.017374335037889925 0.026731307376135157 0.00016793903907550789 0.024040176247480463 0.0053511232338545427 0.00058360781964999402 -0.044134265260585559 -0.024201400556304008 0.060211734934380749 0.059232462289815019 0.046597203354392241 0.0057751988311137911 0.038054103130066748 -0.017826179852370051 -0.0054249782331253884 0.024426592762124708 0.019993893658284721 0.0077867457845804027 0.082989035802128824 -0.0098859493188670957 -0.020453752484807367 0.041442268217298607 0.033331153696198088 0.043432890540002815 -0.016924098544850733 0.096690370870148035 -0.040140175130536401 0.063030686807338102 0.036008999817265144 0.069821708741363883 0.062449879117328994 0.048451270305654978
leaf_weight=9420.6021860539913 1199.7665603905916 11317.823769330978 4105.2324796319008 49.037579923868179 312.41308659315109 5338.59842453897 4194.6363982856274 395.24781477451324 1025.3280756473541 735.93636484444141 2426.1277886629105 7788.426724806428 6813.795432716608 842.23546542227268 26.933389261364937 328.32603578269482 84.932847186923027 24.892374008893967 1590.7592705488205 16.868861958384514 955.43354968726635 15.087282806634901 196.60625438392162 68.251373931765556 15.851615786552427 1784.0433086007833 23.303400680422783 223.46659184992313 222.88191442191601 359.03343577682972 53.335375994443893 973.27474400401115 245.29743552207947 15.682498753070833 1639.7768973261118 139.13756237924099 19.362457916140556 20.534123703837395 79.371860757470131 29.758156538009644 139.4930993616581 271.681441411376 103.74265223741531 68.431168183684349 68.070963189005852 3334.9203490614891 1146.2190259248018 585.94314080476761 27.780857145786285 30.283333405852318 92.453506141901016 314.72429187595844 791.72544105350971 15.818516343832014 22.443672001361847 17.905073374509811 11.644170567393301 222.8596158772707 22.265932708978653 2947.3232346773148 9834.5407040268183 77.451362565159798
leaf_count=31668 1678 40500 15416 155 957 7014 13382 1074 3113 2298 8030 26029 23742 2950 127 1030 282 59 6090 84 3484 26 652 203 85 6943 82 740 712 1524 182 3031 861 51 5983 476 82 86 205 75 345 911 293 259 237 9678 3596 1970 50 100 367 818 2291 42 80 38 49 303 64 3711 13457 122
internal_value=0.0267852 0.0155568 0.0137183 0.0187963 0.0148645 0.0643522 0.0173339 0.0209396 0.0285237 0.0143982 0.016104 0.0188395 0.0135805 0.0154442 0.00685645 0.0101142 0.0436931 0.0233538 0.00974505 0.00686245 0.011301 0.0056288 0.0192075 0.012925 0.0121309 0.00119521 0.0181938 0.0124199 0.0121026 0.0017523 0.0164756 0.0167995 0.0175381 0.0433236 0.0117623 0.0222685 0.0242577 0.0302153 0.0465498 0.0175756 0.0259906 0.0255724 0.014695 -0.0331311 0.0250955 0.0238295 0.016597 0.0158645 0.0430564 0.0365222 -0.00661473 0.0369396 0.0292709 -0.00949842 0.00802894 0.0581139 -0.00330772 0.0672506 0.0541385 0.0693443 0.0621327 0.0596906
internal_weight=85265.1 65644.6 41878.4 23766.2 32502.5 19620.5 17992.8 6187.26 1644.65 30965.3 17764.3 8524.36 9239.92 11805.6 1265.93 1170.56 480.181 5773.39 9375.87 4917.83 2757.89 1605.85 1152.04 4458.03 4344.55 2159.95 4542.61 4328.7 13201 2143.08 10539.7 10393.9 4439.93 113.483 12957.6 1164.47 1537.19 243.416 102.675 1809.08 3964.31 1479.56 375.424 95.3646 3766.75 3402.99 1761.92 1732.16 197.557 169.776 145.789 363.762 1104.14 57.6246 38.2622 86.1564 27.3267 8508.78 47.1583 3170.18 11111.8 1277.22
internal_count=249942 223657 147421 76236 112036 26285 59089 19475 4945 107380 60099 28327 31772 39614 4366 3980 1356 17147 35385 18803 10252 6116 4136 16582 16241 8551 14530 16156 47281 8467 35248 34699 14243 341 46483 3589 4656 798 287 5764 11383 4452 1204 386 10888 9915 5641 5566 495 445 549 973 3248 204 122 241 100 11028 123 4014 15257 1800
is_linear=0
shrinkage=0.05


Tree=19
num_leaves=63
num_cat=0
split_feature=22 0 6 19 6 9 15 5 11 17 17 24 15 4 15 18 16 15 17 16 29 16 14 11 12 15 15 14 16 21 17 9 9 17 15 16 8 17 3 15 15 15 15 12 29 17 15 21 4 16 14 9 16 17 4 16 3 19 3 5 29 12
split_gain=13586.9 140.529 64.7496 53.6223 52.8994 54.1656 37.987 43.7982 38.5411 35.7887 48.1057 47.4545 45.3056 42.0691 56.5491 39.8917 39.2245 35.1787 69.3231 35.1149 34.7124 39.2484 33.5435 34.6305 33.1861 32.5482 72.2844 60.7216 57.2854 40.9285 40.8307 32.5411 32.4985 32.0513 77.3095 34.9719 31.8341 31.3377 45.3605 50.3782 44.056 39.4863 28.4063 58.6287 36.1653 31.7609 51.6643 51.6719 33.4806 31.977 30.4321 30.3428 26.4661 22.1277 19.3772 25.6012 12.0422 11.2777 10.9095 9.74511 9.52981 7.89787
threshold=1.0000000180025095e-35 3.5000000000000004 1.5000000000000002 45.000000000000007 4.5000000000000009 154950.00000000003 6.3215000000000012 1.0000000180025095e-35 -761.69999999999698 8.3500000000000032 8.2570000000000014 1.0000000180025095e-35 6.9985000000000008 1.5000000000000002 5.964500000000001 5.5000000000000009 36.872500000000009 6.230500000000001 6.2750000000000012 14.948000000000002 658924.38500000013 12.598500000000001 658.33653848084225 -1.0000000180025095e-35 -0.0011502141643392999 3.7010000000000005 5.6785000000000005 242.78887900175809 11.530000000000003 1.0000000180025095e-35 5.8975000000000009 88350.000000000015 139950.00000000003 21.107000000000003 6.8765000000000009 14.347000000000003 159550.92500000002 4.4985000000000008 1.5000000000000002 4.2665000000000015 5.6995000000000013 2.5485000000000002 7.4535000000000009 -0.0019654786603320994 179366.72500000003 32.290000000000006 6.8520000000000012 1.0000000180025095e-35 1.0000000180025095e-35 35.002500000000005 157.9698195160905 575050.00000000012 25.982500000000005 5.1355000000000013 1.0000000180025095e-35 9.8790000000000031 1.5000000000000002 75.000000000000014 2.5000000000000004 1.5000000000000002 110946.13000000002 -0.00037817166698384994
decision_type=2 2 2 2 2 2 2 2 2 2 2 2 2 2 2 2 2 2 2 2 2 2 2 2 2 2 2 2 2 2 2 2 2 2 2 2 2 2 2 2 2 2 2 2 2 2 2 2 2 2 2 2 2 2 2 2 2 2 2 2 2 2
left_child=1 2 9 -2 42 25 17 24 -9 10 20 12 19 31 -15 60 -14 36 -19 -11 21 -1 23 33 -8 28 27 -27 29 -6 -28 -13 -30 34 -4 -35 -7 38 40 -40 -24 56 45 44 -44 49 48 -48 -47 51 -51 -3 -22 -43 58 -56 -39 -5 -25 61 -12 -45
right_child=3 4 22 57 5 6 7 8 -10 11 15 13 16 14 -16 -17 -18 18 -20 -21 52 -23 37 54 -26 26 30 -29 32 -31 -32 -33 -34 35 -36 -37 -38 41 39 -41 -42 53 43 59 -46 46 47 -49 -50 50 -52 -53 -54 -55 55 -57 -58 -59 -60 -61 -62 -63
leaf_value=0.01572793507199316 0.060214962816247525 0.010329369235206547 0.017625259295707026 0.06417944080920028 0.033240965619303141 -0.0053748584953185845 0.02978052075118744 -0.054550630677273941 -0.0036165523620786603 0.016733298523389697 -0.018515122055787512 0.02922359453023354 0.0088700191989216429 0.035822332549697002 -0.0014303710859343182 0.020861772081356603 0.053624294415727781 -0.033282787479776622 0.073014394295882509 0.022227386818233708 -0.0088520021119792812 0.009586732792439866 -0.0029272112817816942 0.045975780193237531 0.0024667117060630586 0.017100369277775872 0.059419917414666394 -0.016406559280328258 0.085827670872839046 -0.0077133510688373172 0.024706616986000268 0.0065034008354184353 0.026369317360605535 0.016653147388727859 0.0018522707610429184 0.03041895621489904 0.015391603636997517 -0.055589871175454802 0.052144279819846734 -0.0028031141902554214 0.041593341036111793 0.048482280876332787 -0.02307805769163555 -0.055667690354238311 0.072989647274177824 0.026070602216716685 -0.004954064046834461 0.058170635671879467 0.075998266628116928 -0.04476451872040034 0.0049459617593270531 -0.0078898299243962394 0.057678730595460949 0.02585306654146477 0.040359829928989288 -0.017176891690377751 0.0063562393743415704 0.068080393941003403 0.007752703474916427 -0.0083893264557744953 -0.067198877758356021 -0.012960592038559624
leaf_weight=7194.8521731048822 11122.886293068528 15542.288629814982 8369.7542742788792 5215.9434029757977 292.90812936425209 197.76366937160492 189.33592917025089 41.222634688019753 375.05398216843605 8720.4949325025082 14.020818099379538 169.00754275918007 1755.876620426774 328.09862558543682 147.74351187050343 28.460302904248238 50.362813174724579 20.306146085262299 62.694075718522072 4363.5633107125759 247.91333314776421 4075.3485326319933 347.22121530771255 197.1532638669014 269.49547898769379 410.36061382293701 97.860150262713432 201.65628245472908 70.942947536706924 77.053441509604454 630.38958352804184 2334.2768963724375 33.993286445736885 944.45681144297123 856.34786048531532 902.02695278823376 2761.523458942771 18.268478646874428 125.18496084213257 62.561693713068962 66.155062586069107 113.26746390759945 16.018404185771942 50.816119089722633 25.222195208072662 72.154606238007545 148.35592038929462 41.483720168471336 62.804074734449387 51.454300731420517 76.65230667591095 231.93718793988228 15.907229214906691 2335.441555082798 41.043839707970619 36.550370201468468 13.750702008605002 2873.4484262466431 20.620249792933464 22.548918038606644 35.512119576334953 13.756051346659659
leaf_count=24626 15562 57863 26378 7012 878 727 620 204 1441 28555 54 498 6001 971 522 93 132 87 159 13596 943 14182 1245 532 980 1334 265 769 151 275 1965 7942 104 2921 2980 2588 9366 76 342 229 195 299 67 265 70 239 560 107 156 258 298 969 42 6855 114 136 44 3711 68 98 163 60
internal_value=0.0254614 0.0146922 0.0163279 0.0624677 0.0114389 0.015572 0.0122636 0.00308324 -0.0086604 0.014984 0.0128229 0.0163883 0.0175409 0.0106278 0.0242558 -0.026313 0.0101179 0.0149043 0.0470086 0.0185656 0.0130876 0.0135073 0.0190698 0.0178154 0.0137377 0.022712 0.0187265 0.00606002 0.0339598 0.0247112 0.0293713 0.00803734 0.0665666 0.0173647 0.0161612 0.0233779 0.0140038 0.0236965 0.013454 0.0338345 0.00419768 0.0261785 0.00999023 -0.0134385 0.0356757 0.0101756 0.0256537 0.00883993 0.0493048 0.00985943 -0.0150204 0.0100615 -0.00484049 0.0268998 0.0347121 0.0132574 -0.028987 0.0655651 0.0423566 -0.0366877 -0.0534184 -0.0465696
internal_weight=85231.6 66019.3 43931.2 19212.3 22088.1 5732.56 3917.4 875.108 416.277 29481.4 11612 17869.4 14890.3 2979.13 475.842 77.9932 1806.24 3042.29 83.0002 13084.1 11534 11270.2 14449.8 11368 458.831 1815.16 1340.27 612.017 474.898 369.962 728.25 2503.28 104.936 11072.6 9226.1 1846.48 2959.29 3081.85 601.123 187.747 413.376 2480.73 16355.5 128.362 41.2406 16227.1 324.798 189.84 134.959 15902.3 128.107 15774.2 263.821 2448.71 295.368 77.5942 32.0192 8089.39 217.774 87.1211 49.5329 64.5722
internal_count=249942 223657 143322 26285 80335 19325 13584 3245 1645 98320 40103 58217 48284 9933 1493 310 6133 10339 246 42151 39793 38808 45002 35717 1600 5741 4333 2103 1408 1153 2230 8440 255 34867 29358 5509 10093 9285 2011 571 1440 7274 61010 560 137 60450 1062 667 395 59388 556 58832 985 7154 850 250 120 10723 600 423 217 325
is_linear=0
shrinkage=0.05


Tree=20
num_leaves=63
num_cat=0
split_feature=22 0 6 19 6 7 15 17 15 15 10 10 12 28 17 9 21 15 7 15 15 9 9 9 10 1 25 10 12 4 11 7 10 17 15 11 17 7 5 28 17 28 15 28 6 11 10 12 1 15 15 17 20 1 0 7 7 15 28 15 21 15
split_gain=12998.3 131.76 73.3007 60.3441 43.3969 41.8363 46.4519 41.7215 34.2172 80.7331 33.6499 55.8809 51.4401 51.0434 31.6543 61.2857 35.0717 30.7421 55.7289 33.8985 47.2882 45.4274 44.8735 40.532 29.6174 26.4807 26.3564 26.1032 26.31 24.1414 39.6697 21.8998 31.2506 26.3313 26.2721 21.3271 35.4211 33.9207 20.9888 34.5152 29.133 25.5372 19.9387 19.6696 17.4571 16.8568 15.0224 14.6505 13.3381 13.2134 18.1077 17.1745 10.0182 9.21522 6.47574 4.76718 3.51771 4.54033 2.92056 5.54315 3.07036 2.73012
threshold=1.0000000180025095e-35 3.5000000000000004 5.5000000000000009 45.000000000000007 11.500000000000002 178.50000000000003 3.1915000000000004 2.8085000000000004 2.8775000000000004 3.0125000000000006 0.95576425570825763 0.92079361096708012 -0.0046832497768552498 294807.54000000004 3.6395000000000004 107250.00000000001 54.500000000000007 7.4730000000000016 350.50000000000006 6.1925000000000008 6.2885000000000009 279950.00000000006 384300.00000000006 52850.000000000007 0.96018957528285476 1.0000000180025095e-35 5.5000000000000009 0.98557444199139999 -0.0021603910587898495 1.5000000000000002 -421.63999999998481 162.50000000000003 0.91706048225231107 5.8550000000000013 2.8775000000000004 -669.29499999999814 4.4985000000000008 224.50000000000003 1.0000000180025095e-35 308676.40500000009 5.7015000000000002 191480.78000000003 3.1545000000000001 150190.04500000001 14.500000000000002 -214.19999999998979 0.98994767610212098 -0.0017259276141912499 4.5000000000000009 6.0810000000000004 6.7805000000000009 14.611000000000002 75.000000000000014 2.5000000000000004 2.5000000000000004 238.50000000000003 343.50000000000006 7.2810000000000015 200067.75000000003 7.4195000000000002 16.500000000000004 2.7055000000000002
decision_type=2 2 2 2 2 2 2 2 2 2 2 2 2 2 2 2 2 2 2 2 2 2 2 2 2 2 2 2 2 2 2 2 2 2 2 2 2 2 2 2 2 2 2 2 2 2 2 2 2 2 2 2 2 2 2 2 2 2 2 2 2 2
left_child=1 2 5 55 17 6 7 -1 38 44 11 12 -7 -13 15 -12 -16 19 25 22 21 -21 24 -22 -3 -19 -24 28 -11 48 -31 33 34 54 61 36 -34 -37 39 43 41 -40 -36 -6 -10 -29 -20 -42 -8 51 -51 -35 -5 -9 -4 -2 -57 -58 60 -60 -59 -33
right_child=3 4 31 52 8 10 29 53 9 27 14 13 -14 -15 16 -17 -18 18 46 20 23 -23 26 -25 -26 -27 -28 45 -30 30 -32 32 35 49 42 37 -38 -39 40 -41 47 -43 -44 -45 -46 -47 -48 -49 -50 50 -52 -53 -54 -55 -56 56 57 58 59 -61 -62 -63
leaf_value=0.055897791367830976 0.060586525272821136 0.0031342978727210732 0.080490289962263428 0.062932375345091704 -0.0067985687736064173 -0.040645693553027051 0.031199528678384932 -0.053537853838642215 0.040397601742880922 0.0093497284961295227 -0.0058510902358331176 0.0004928572556210755 0.03833914051150937 0.021137296349704848 0.015047218715511233 0.012668787882442373 0.050029315333182757 0.076569651994706181 -0.013433862213234539 0.038386980530756974 -0.054109195655569264 -0.0022570201595727055 0.024435975360043275 0.012464267673506146 0.010575382290415653 -0.009394590198959385 -0.0019844505823843226 -0.057400956841952282 0.022143470730258998 0.019515667318440295 -0.074275810928865371 -0.030758986137492717 0.0085820784554470186 0.027957410483336151 0.043132617095723969 0.0074012552669330519 0.02862836888490904 0.019301283076406814 0.054255547706110199 -0.044916041531688655 -0.074618084656642297 -0.028364730905585119 -0.001867548756468936 0.048999295284285121 0.091128646473520217 0.0011036293777372554 -0.065359972791998081 -0.006483812142688822 0.056856290255666311 0.072677964567362086 0.013467025909915423 -0.021116758004044375 0.066644502925759741 -0.013432277375717734 0.045095262945782456 0.055572169938972127 0.058639665716204485 0.059613169261870928 0.034323086707817523 0.058333302410299673 0.04249358667777739 -0.06284912668263537
leaf_weight=17.619821324944496 2205.1730683296919 1510.3043196350336 31.404356002807617 5147.0481137484312 24.714452758431435 22.81680229306221 545.32926166057587 26.703169465065002 27.885464087128639 564.94546085596085 500.69729420542717 1418.8796654939651 213.4796858727932 379.49698975682259 27006.072221919894 4142.6911478191614 71.838817700743675 17.01263715326786 21.451922804117203 325.05784174799919 22.97269469499588 87.188946440815926 102.31223461031914 4793.4544655382633 11671.083174318075 18.922706559300423 1219.7487277835608 14.000503480434416 1391.9931871592999 78.291105523705482 13.170379787683485 12.898032039403917 270.67296047508717 53.483502045273781 30.125447869300842 652.87857192754745 1185.5144810825586 7234.687808200717 16.33189857006073 20.629234373569489 27.107693314552307 21.886338725686073 134.58604861795902 43.760247692465782 43.271890819072723 102.09779863059521 39.715863645076752 11.128750681877134 55.843069732189178 26.671615079045296 25.029272302985191 26.74353951215744 2809.7061757594347 30.894086077809334 21.95777989923954 1288.515515729785 7107.1668576449156 125.59352277219296 53.856254354119301 43.417299807071686 33.091073349118233 13.63412758708
leaf_count=47 3078 5591 67 7054 85 93 1607 112 77 1922 1913 4975 621 1196 88627 14334 194 49 99 1039 106 342 356 17398 42586 79 4912 66 4335 242 60 50 910 147 80 2100 3308 21802 44 88 123 90 447 125 86 363 224 39 139 58 76 94 3720 111 60 1893 10119 177 96 62 55 58
internal_value=0.0242498 0.0138528 0.0154285 0.0609354 0.0107037 0.0143487 0.0258892 -0.0114296 0.0171899 0.018881 0.0140861 0.00785289 0.0307124 0.00484929 0.014486 0.0106718 0.01514 0.00994822 -0.0181161 0.0100863 0.0135379 0.0297909 0.008842 0.0121467 0.00972279 0.0313029 6.01849e-05 0.0170835 0.0184501 0.0299418 0.00600977 0.019264 0.0189332 0.0362889 -0.00107496 0.0193427 0.0249022 0.0183163 -0.00471114 0.0117797 -0.0239303 0.00694161 0.0063629 0.0288603 0.0712479 -0.00595154 -0.0471492 -0.0547875 0.0335828 0.0243014 0.0440129 0.0115986 0.0642432 -0.032026 0.0659257 0.0585112 0.0579823 0.058404 0.0518615 0.0450399 0.0560432 -0.0472492
internal_weight=85196.7 66383.1 44244.1 18813.6 22139 34523.8 767.851 75.2171 2309.75 2144.19 33756 2034.67 236.296 1798.38 31721.3 4643.39 27077.9 19829.2 97.1031 19732.1 5228.67 412.247 14503.4 4816.43 13181.4 35.9353 1322.06 2073.04 1956.94 692.634 91.4615 9720.29 9535 185.29 191.244 9343.75 1456.19 7887.57 165.559 89.1039 76.4547 38.2182 164.711 68.4747 71.1574 116.098 61.1678 38.2364 601.172 131.928 51.7009 80.227 7956.75 57.5973 53.3621 10856.8 8651.64 7363.13 255.958 97.2736 158.685 26.5322
internal_count=250006 223752 143528 26254 80224 114271 2318 270 7443 6849 111953 6885 714 6171 105068 16247 88821 72781 451 72330 18885 1381 53445 17504 48177 128 5268 6686 6257 2048 302 29257 28755 502 635 28120 4218 23902 594 298 296 134 527 210 163 429 323 162 1746 375 134 241 10774 223 127 15480 12402 10509 390 158 232 108
is_linear=0
shrinkage=0.05


Tree=21
num_leaves=63
num_cat=0
split_feature=22 0 19 0 17 29 15 13 15 7 5 16 15 29 17 17 27 5 16 15 13 8 13 16 15 17 17 27 15 10 15 15 17 8 27 14 30 11 7 16 15 17 15 16 13 13 5 10 16 5 17 15 8 18 4 4 3 20 7 7 15 16
split_gain=12299.5 117.67 62.32 45.317 41.1769 83.1311 46.4683 45.592 44.4228 40.6405 38.7649 35.3222 31.9997 31.4555 53.1385 51.1122 42.9316 37.3645 36.3404 35.1329 28.1618 27.2122 39.0838 39.1996 41.1374 38.8577 31.0095 31.5333 51.6425 50.0545 72.1067 31.5786 31.1383 28.1976 27.0829 26.9095 26.7708 27.7547 24.9141 26.4991 24.8105 24.3357 46.9732 39.7526 23.1895 44.5117 23.0853 22.359 26.0862 25.9073 21.4423 18.9408 18.8646 16.6977 14.714 11.7016 11.2919 10.2566 4.66722 3.38048 4.36724 3.5797
threshold=1.0000000180025095e-35 3.5000000000000004 45.000000000000007 1.5000000000000002 36.185000000000009 290806.66000000003 6.9175000000000013 268136.02000000008 6.7975000000000003 175.50000000000003 2.5000000000000004 25.982500000000005 6.4225000000000003 202123.24500000002 8.3500000000000032 7.7115000000000018 230331.58000000005 2.5000000000000004 3.4975000000000005 3.0125000000000006 228741.11500000002 185411.97500000003 189821.4666666667 8.6025000000000009 5.1595000000000004 10.089500000000003 30.185000000000006 172373.24500000002 3.0935000000000001 0.99266036331915342 4.6275000000000004 7.4535000000000009 14.873000000000003 66687.60500000001 100521.21500000001 2445588.7364490977 75.000000000000014 -355.23500000000053 351.50000000000006 15.512 7.3005000000000004 13.549000000000001 4.2055000000000016 27.730000000000004 105540.49500000001 114349.21916666668 1.5000000000000002 0.98789757253505528 7.448500000000001 1.0000000180025095e-35 20.429000000000006 6.8520000000000012 367384.51000000007 5.5000000000000009 1.0000000180025095e-35 1.0000000180025095e-35 1.0000000180025095e-35 75.000000000000014 238.50000000000003 343.50000000000006 7.2810000000000015 6.4175000000000013
decision_type=2 2 2 2 2 2 2 2 2 2 2 2 2 2 2 2 2 2 2 2 2 2 2 2 2 2 2 2 2 2 2 2 2 2 2 2 2 2 2 2 2 2 2 2 2 2 2 2 2 2 2 2 2 2 2 2 2 2 2 2 2 2
left_child=1 3 58 9 6 47 7 20 -9 11 35 12 46 17 15 -15 -16 19 -19 -11 -5 26 23 24 25 -23 27 28 32 30 -29 -30 -3 -28 -12 -8 41 52 55 -40 -31 43 -43 -24 56 -46 -1 49 -49 -6 -26 -14 -38 -7 -39 -25 -35 -4 -2 61 -61 -60
right_child=2 21 57 4 5 53 10 8 -10 13 34 -13 51 14 16 -17 -18 18 -20 -21 -22 22 36 38 50 -27 33 29 31 40 -32 -33 -34 44 -36 -37 37 54 39 -41 -42 42 -44 -45 45 -47 -48 48 -50 -51 -52 -53 -54 -55 -56 -57 -58 -59 59 60 -62 -63
leaf_value=0.024925031937280122 0.058876962595400179 0.019502773101916827 0.061354044589200497 0.013671354786567363 0.035873182603493446 -0.073783987299456608 0.0095735904814523952 0.016555669100970932 0.039245638535244411 0.0064511047102640247 -0.040333514406463683 0.072857294055943808 -0.04361659583235189 0.0070300331806578869 0.0064075986613495095 -0.04270386037514122 0.021380401079270295 -0.035211371310632893 0.010478522657261721 0.021351258997509445 0.008540160482169554 9.8132224280637951e-06 0.006854166138260228 -0.071612243818335933 -0.0085207557702932837 0.059043539309735271 -0.025438975643690177 0.010056786559021761 0.0091771332943917008 0.0042745703084084907 0.035191139016452877 -0.028682211558089751 0.081325504502656465 0.076366976421026647 -0.0014703481678762366 0.054595742881037218 0.017659350425967842 -0.056552664905963883 -0.038777626100220147 0.019595292215676408 -0.057820485360013919 0.02641129069866173 0.010265291729751977 0.024811748382758087 -0.029413230879712617 0.032336927951167702 0.054301966348959008 0.055810472241381963 0.0062126248825836623 0.086226050885789288 -0.072060650049905112 0.015466305700971964 -0.035732782697821298 0.0018198071469624284 -0.0033945659220400342 -0.017737234416818244 0.036281408624537707 0.065161263833920846 0.050011054654618449 0.056923680645107555 0.050213867881409024 0.055714376880040085
leaf_weight=226.48816333711147 2156.9725150614977 1029.979271993041 5018.7509410977364 17624.084316164255 48.719156891107559 17.97013479471207 3262.6247083842754 9184.7968655824661 220.90215045213699 428.12303802371025 51.553516462445259 48.265277653932571 21.787639573216438 1222.5624126195908 647.42658516764641 53.939870476722717 1837.6100900620222 47.777870312333107 488.34935572743416 5210.1213678717613 3152.2892800271511 67.076406732201576 7270.6548497080803 37.410403147339821 58.463872611522675 47.696508929133415 23.841992676258087 546.00143781304359 7571.6809989511967 312.76468093693256 597.74650458991528 55.482602015137672 20.778430104255676 35.004627227783203 343.68173731863499 33.530023455619812 70.536842748522758 39.127609804272652 42.795059636235237 35.629026114940643 16.958747774362564 525.38562412559986 3158.879243016243 321.8249453753233 33.998323425650597 206.07213346660137 94.894011661410332 50.068572029471397 56.345329642295837 53.705596253275871 17.17899776995182 35.942165434360504 21.612773731350899 12.303193926811216 19.507864058017731 13.795583561062811 35.270018190145493 2731.9549849927425 404.9716904014349 6959.1250439435244 251.2641836553812 858.07940347492695
leaf_count=639 3078 3444 7054 57845 132 83 11056 29214 618 1394 213 96 83 4069 2074 220 5495 187 1550 15704 10746 254 27471 179 232 130 94 1912 27120 1173 1850 243 47 78 1221 86 245 180 191 123 83 1716 11246 1077 133 603 228 135 187 108 81 104 94 41 73 53 99 3720 630 10119 390 1263
internal_value=0.0230722 0.0130936 0.0592864 0.0145783 0.0136987 0.0343748 0.0135527 0.0142004 0.0170886 0.017474 0.00825731 0.0325713 0.0274424 0.0168246 0.0132203 0.00492848 0.0174795 0.0190205 0.00640679 0.0202199 0.0128928 0.0101235 0.00847088 -0.00876226 0.0056757 0.0245426 0.011975 0.0114817 0.0103334 0.0182445 0.0231925 0.00890173 0.0207253 0.0269611 -0.00653956 0.0100316 0.00895352 -0.0119749 -0.0299704 -0.0122581 0.00108082 0.00923336 0.0125678 0.00761534 0.0309867 0.023592 0.0335991 0.0455995 0.0295488 0.0622753 -0.0229511 -0.006832 0.00513676 -0.0430583 -0.0388671 -0.0570976 0.0562485 0.062696 0.0568005 0.0562719 0.0566899 0.0538857
internal_weight=85090.1 66709 18381.1 44475.9 34112.6 239.112 33873.5 30182.1 9405.7 10363.3 3691.39 427.377 379.112 9935.91 3761.54 1276.5 2485.04 6174.37 536.127 5638.24 20776.4 22233.2 11747.6 320.046 190.416 114.773 10485.6 10151.4 8677.92 1473.47 1143.75 7627.16 1050.76 334.187 395.235 3296.15 11427.5 150.785 129.63 78.4241 329.723 11276.7 3684.26 7592.48 310.345 240.07 321.382 208.839 106.414 102.425 75.6429 57.7298 92.1496 30.2733 58.6355 51.206 70.2746 7750.71 10630.4 8473.44 7210.39 1263.05
internal_count=250006 223752 26254 143528 111685 686 110999 98423 29832 31843 12576 1150 1054 30693 11858 4289 7569 18835 1737 17098 68591 80224 43345 1243 697 384 36879 35872 30854 5018 3762 27363 3491 1007 1434 11142 42102 592 546 314 1256 41510 12962 28548 913 736 867 562 322 240 313 187 339 124 253 232 177 10774 15480 12402 10509 1893
is_linear=0
shrinkage=0.05


Tree=22
num_leaves=63
num_cat=0
split_feature=22 19 2 7 9 17 17 3 12 29 17 9 17 9 17 8 10 9 9 15 18 16 16 15 9 18 1 7 9 15 15 15 28 28 3 28 9 15 17 15 15 16 7 10 17 17 16 15 1 18 10 17 16 19 14 7 7 15 16 33 4 3
split_gain=11645.1 64.3159 50.4128 45.735 36.28 52.738 63.1753 67.0627 56.7558 45.5161 47.4962 40.942 33.7475 54.7709 39.6747 53.5222 71.35 39.8032 48.3455 45.9881 39.7181 37.2743 49.0306 33.5804 32.3893 32.8859 60.4225 43.4938 29.2346 48.2779 46.5922 36.5777 47.1469 34.5938 58.558 45.2385 35.0385 35.0276 50.9206 43.5815 31.956 31.0125 42.419 49.2437 47.4778 37.1209 42.4342 40.8861 25.5613 34.5599 22.7478 19.3623 19.6769 10.3294 9.78285 4.58786 3.2642 4.22134 3.44837 4.46325 5.34616 4.11546
threshold=1.0000000180025095e-35 45.000000000000007 2.5000000000000004 355.50000000000006 242350.00000000003 13.614500000000001 14.360500000000002 2.5000000000000004 -0.0028392512326036496 258312.73000000001 8.7770000000000028 260050.00000000003 3.7115000000000005 78550.000000000015 4.5820000000000016 344427.06000000006 0.98006855488507327 506950.00000000006 451850.00000000006 5.4615000000000009 3.5000000000000004 5.0835000000000008 3.4235000000000002 2.5695000000000001 240850.00000000003 5.5000000000000009 1.0000000180025095e-35 338.50000000000006 88350.000000000015 7.3725000000000014 7.2810000000000015 3.9285000000000001 72418.335000000006 106868.75500000002 2.5000000000000004 101908.00500000002 133950.00000000003 4.299500000000001 23.089000000000006 3.4615000000000005 4.0055000000000005 16.140000000000004 352.50000000000006 0.95890241147955613 9.7185000000000024 14.297000000000002 22.332000000000004 3.5785000000000005 1.0000000180025095e-35 7.0000000000000009 0.99277980090779483 3.2375000000000003 7.2905000000000006 75.000000000000014 73.90624030029069 238.50000000000003 343.50000000000006 7.2810000000000015 6.4175000000000013 1.0000000180025095e-35 1.5000000000000002 1.5000000000000002
decision_type=2 2 2 2 2 2 2 2 2 2 2 2 2 2 2 2 2 2 2 2 2 2 2 2 2 2 2 2 2 2 2 2 2 2 2 2 2 2 2 2 2 2 2 2 2 2 2 2 2 2 2 2 2 2 2 2 2 2 2 2 2 2
left_child=2 55 3 4 24 9 7 -7 -8 11 -11 -6 13 51 15 20 -17 18 -16 -19 -14 22 -15 -23 25 26 -1 -27 29 30 31 32 -4 34 37 36 -36 39 -39 -30 -33 42 43 -35 -44 46 -43 -47 -26 -50 -32 52 -5 -3 -31 -2 58 -58 59 60 -57 -61
right_child=1 53 28 12 5 6 8 -9 -10 10 -12 -13 14 21 17 16 -18 19 -20 -21 -22 23 -24 -25 48 27 -28 -29 33 54 50 40 -34 41 35 -37 -38 38 -40 -41 -42 45 44 -45 -46 47 -48 -49 49 -51 -52 -53 -54 -55 -56 56 57 -59 -60 61 -62 -63
leaf_value=0.010600674631355946 0.057267575819070562 0.059891902752035868 0.015918434203743208 0.0036293018989617303 0.011150210749577252 -0.047350589338105917 0.05464429308718112 0.069520345004202067 -0.009363387587328284 0.010749455057874358 0.023129848675630747 -0.0050287948172093415 0.034634070940315197 0.0049135632425074491 0.009952946341021493 -0.065882775864014351 0.010003548010055608 0.0087340487064282799 -0.011268456166688732 0.040033275426321534 0.015616757015350835 0.048829430099316139 -0.017659803312458252 0.009366824614777473 0.098562172137646967 0.0084383222985709907 0.020868254908174174 0.017223795919767675 0.009018312732466156 -0.015962362626227463 0.033542595302410522 -0.039349345580074926 0.05016398532255472 0.0096249877485243881 0.019057182909594114 -0.073855209038400177 -0.016069610490282885 0.0012979163824880554 0.015754870343140302 0.025914887076845201 0.016720482476758374 0.0098192526830022924 0.023711634611724694 0.018778031117545096 0.0099973520559393306 -0.036220783793559412 -0.035469527600615121 0.019045886827020572 -0.024145766357918541 0.054765996069485304 0.099044719071021803 -0.061704772632968724 -0.031170569837077135 0.063771687183894962 -0.073406133814395494 0.039345007171587967 0.055303396986285482 0.048643246344021035 0.054101888581319639 0.058903818478128249 0.060106902920474187 0.04337829510661384
leaf_weight=2306.2580906301737 2107.961428925395 4903.7967015206814 200.32274585962296 79.999345108866692 842.79281461238861 122.72627736628056 50.274360075592995 13.638717278838156 111.31368213891983 3429.3630935996771 1000.7660970538855 729.47848473489285 453.48902018368244 1388.1774797290564 12530.291450485587 38.914712309837341 151.80976927280426 235.64673280715942 274.25252787768841 233.79881207644939 695.83341562747955 54.682890340685844 290.97815902531147 3805.0286879390478 17.886741757392883 3723.8232856541872 3783.5221910476685 2266.020222812891 787.15950465202332 16.266564756631855 25.187016934156418 26.082002356648445 201.69927589595318 2061.1403451859951 103.83219672739506 25.691410958766937 224.45716395974159 1400.5943455696106 1077.7979094237089 740.77787086367607 988.81498993933201 478.77088162302971 681.81767493486404 5118.9871514290571 8480.4652696400881 33.67212949693203 57.986216336488724 5436.1883563101292 19.781674206256866 46.466427445411682 27.97805880010128 24.521266207098961 82.520199194550514 2638.6153365671635 13.615534946322439 164.5498019605875 6808.7073149979115 246.52970661222935 839.93539696931839 131.33724601566792 38.205134883522987 63.235214650630951
leaf_count=7812 3078 7074 619 304 2884 539 136 39 425 11598 3098 2696 1409 5185 43737 186 543 855 1063 716 2412 157 1183 13624 40 12907 11756 7158 2616 60 67 104 497 6736 330 118 843 4850 3446 2270 3059 1555 2151 15606 28567 131 229 16638 79 133 50 119 354 3700 63 283 10119 390 1263 188 54 105
internal_value=0.0219591 0.057734 0.0123803 0.0112111 0.0130127 0.00993313 -0.0105992 -0.0356616 0.0105511 0.0109523 0.0135462 0.00364372 0.00957559 0.00632188 0.0108504 0.0190498 -0.00548001 0.0100227 0.00949842 0.0243221 0.0231204 0.00722051 0.00100186 0.00992592 0.0146078 0.0143925 0.0169798 0.011762 0.0139888 0.020781 0.0220599 0.0203357 0.0330998 0.0136073 0.00953345 -0.00995996 -0.00495962 0.0112558 0.00758493 0.0172101 0.0152795 0.0144021 0.013273 0.0161505 0.0110179 0.0174744 0.00492668 0.0187057 0.0455233 0.031203 0.068013 -0.0202894 -0.0140405 0.0612492 -0.0421361 0.0551847 0.0546552 0.0550707 0.0522864 0.0484485 0.0432572 0.0538581
internal_weight=84956.2 17942.9 67013.4 38804.1 18464.1 6300.35 297.953 136.365 161.588 6002.4 4430.13 1572.27 20339.9 5725.91 14614 1340.05 190.724 13274 12804.5 469.446 1149.32 5538.87 1679.16 3859.71 12163.8 12079.6 6089.78 5989.84 28209.3 1499.97 1470.08 1416.92 402.022 26709.3 4360.31 353.981 328.289 4006.33 2478.39 1527.94 1014.9 22349 16342.4 7180.13 9162.28 6006.62 536.757 5469.86 84.1348 66.2481 53.1651 187.041 162.52 7542.41 29.8821 10400.5 8292.5 7055.24 1237.26 397.327 202.755 194.572
internal_count=250006 26254 223752 133147 61300 21415 1139 578 561 20276 14696 5580 71847 20926 50921 4550 729 46371 44800 1571 3821 20149 6368 13781 39885 39633 19568 20065 90605 4519 4396 4279 1116 86086 14473 1291 1173 13182 8296 4886 3163 71613 53060 22342 30718 18553 1784 16769 252 212 117 777 658 10774 123 15480 12402 10509 1893 630 337 293
is_linear=0
shrinkage=0.05


Tree=23
num_leaves=63
num_cat=0
split_feature=22 0 19 6 6 7 10 10 12 28 9 9 29 7 10 10 17 14 16 21 18 17 17 16 9 17 18 0 17 10 11 9 17 16 10 29 3 9 9 4 5 29 16 16 28 12 8 14 8 29 1 18 28 11 7 16 5 20 7 0 8 9
split_gain=11029.9 103.131 66.3165 59.6366 36.4882 35.755 29.8505 49.5109 45.6278 44.4748 28.2834 27.9617 34.211 45.65 33.4637 26.9444 26.6376 41.9543 36.7116 25.412 23.6379 41.4923 36.6668 31.8849 25.0846 22.8055 21.3208 40.1146 51.4192 38.9931 46.7189 37.6883 33.4398 32.1109 31.1913 27.5414 26.8942 25.7823 29.5244 21.0602 20.4283 28.8727 19.1324 24.0364 18.0223 17.3799 18.2556 16.2957 15.1344 50.9627 22.9592 12.8336 12.8222 12.1745 16.9023 13.3972 11.8618 10.8157 4.52452 3.45744 4.68648 6.53035
threshold=1.0000000180025095e-35 3.5000000000000004 45.000000000000007 5.5000000000000009 11.500000000000002 178.50000000000003 0.95576425570825763 0.92079361096708012 -0.0046832497768552498 294807.54000000004 59850.000000000007 187150.00000000003 173582.92000000001 175.50000000000003 0.97501607511246158 0.98611876828612632 13.549000000000001 207.11870262204465 27.730000000000004 54.500000000000007 13.500000000000002 30.827500000000004 28.958000000000002 29.948000000000004 459200.00000000006 3.6395000000000004 5.5000000000000009 2.5000000000000004 4.7220000000000004 0.95819385263664769 -772.9299999999638 351650.00000000006 36.185000000000009 19.122500000000006 0.95377749476567575 436466.98500000004 1.5000000000000002 494000.00000000006 208750.00000000003 1.0000000180025095e-35 1.5000000000000002 1.0000000180025095e-35 6.6780000000000008 11.530000000000003 109867.40000000001 -0.0043499619778692494 205617.64500000002 911.57715078858689 102813.95000000003 91433.220000000016 4.5000000000000009 4.5000000000000009 194418.95000000004 -171.6850000000122 347.50000000000006 15.019000000000002 1.0000000180025095e-35 75.000000000000014 238.50000000000003 4.5000000000000009 310334.75000000006 372850.00000000006
decision_type=2 2 2 2 2 2 2 2 2 2 2 2 2 2 2 2 2 2 2 2 2 2 2 2 2 2 2 2 2 2 2 2 2 2 2 2 2 2 2 2 2 2 2 2 2 2 2 2 2 2 2 2 2 2 2 2 2 2 2 2 2 2
left_child=1 3 58 5 10 45 7 8 -7 -9 40 12 14 -14 -12 20 18 -18 -13 25 21 22 -6 24 -22 -8 27 37 35 30 31 -28 36 -32 -30 -29 -31 38 -5 -39 41 -3 -42 -44 -21 46 47 -1 49 -47 -50 -48 -25 -17 55 -55 -43 -4 -2 -60 -61 -62
right_child=2 4 57 26 15 6 19 9 -10 -11 11 16 13 -15 -16 53 17 -19 -20 44 23 -23 -24 52 -26 -27 29 28 34 32 33 -33 -34 -35 -36 -37 -38 39 -40 -41 42 56 43 -45 -46 48 51 -49 50 -51 -52 -53 -54 54 -56 -57 -58 -59 59 60 61 -63
leaf_value=0.0091035936529523763 0.055745934266453606 0.027911333958630831 0.058478073278474312 0.024274532527995031 0.01271509629456141 -0.04011960911454418 0.0089676836104706052 -0.00083390744785702203 0.034375051103909975 0.01829013929453471 0.0039799911106550697 0.0041960598081096584 0.086764115078128271 0.017824127975364396 0.011297228043119875 -0.048058774786918675 -0.0020415799360817273 0.012632823220540291 0.022083591770240978 0.016288339277618517 0.030270554727544165 0.071759610445946378 -0.051712807277555485 -0.038256213994594522 -0.023324110926523905 0.012739560815232849 0.026971898899082164 -0.0031117974750417888 0.032579746852512019 0.013141307836081551 0.0028933274325366109 -0.0064894604753671752 0.086336376005668125 -0.02436898275916503 0.012558218982173403 -0.074040887740194891 0.022756532382979717 0.055671341685307185 0.01524167053851009 0.013612238421742529 -0.029513640393672765 -0.024906125061290224 0.069423011580824576 -0.006898416147833532 0.063758128612210085 0.033649948717971383 -0.048301204496689523 0.062004511496316465 0.025284714747557859 -0.064945384676561718 0.057909343234287251 0.005648455758688992 0.010523249726135079 -0.032765234850784308 0.033208800490516222 0.012865510308131071 -0.064202888844144795 0.062501088941136096 0.053509926336041062 0.051931516540239198 0.028891937016565502 0.049637476387736898
leaf_weight=77.669261604547501 2058.4887475669384 21.151933163404465 4758.642821341753 2204.2796649187803 1574.531058833003 22.694057196378708 4693.919143229723 1432.0511892437935 218.08684872090816 385.94882887601852 2091.1912663429976 6881.1551546901464 24.690720841288567 874.28413535654545 6180.306563347578 17.139559015631676 582.36191083490849 2976.8234022259712 299.31928391754627 39.359029203653336 528.98128452897072 29.395251333713531 22.397475004196167 25.167523816227913 22.772371262311935 27400.436680674553 296.29996183514595 294.23253571987152 239.94811517000198 2408.3601710647345 373.33604672551155 117.53021408617496 17.003260880708694 151.98069502413273 1027.634066671133 14.353665336966513 1041.8432798087597 95.271193474531174 1534.2980957627296 43.286273911595345 19.432326957583427 62.40677447617054 20.308978110551834 20.966049537062645 40.640300661325455 41.339395955204964 20.889075487852097 17.915342345833778 520.77491697669029 19.1904606372118 60.156057566404343 23.339849293231964 28.989749118685722 41.52344599366188 24.722459957003593 26.257423222064972 27.739021316170692 2574.5412176847458 7102.605710953474 834.6835435628891 56.241086259484291 116.53545966744423
leaf_count=245 3078 71 7054 6110 5094 93 16223 4975 621 1196 7486 26207 53 2957 21843 80 2221 10327 999 123 1513 56 90 99 88 88627 840 1057 659 7341 1217 382 30 552 3162 66 3035 209 4477 120 87 261 55 83 95 115 85 43 1529 84 141 76 96 166 74 87 131 3720 10822 1290 106 184
internal_value=0.0209056 0.0117096 0.0562662 0.0130932 0.00894068 0.012126 0.0118846 0.00604782 0.0273538 0.003226 0.00825193 0.00842633 0.0104541 0.0197176 0.00944729 0.0148469 0.00669486 0.0102318 0.0049417 0.0122581 0.0160356 0.012895 0.0118115 0.0244651 0.0280586 0.0121879 0.0165282 0.0186182 0.0118924 0.0139415 0.00490406 0.0174687 0.0163895 -0.004994 0.0163482 -0.00641101 0.0160448 0.0213524 0.0205675 0.0425318 -0.0119363 -0.0246623 0.011395 0.0306548 0.0404034 0.0227023 0.00672873 0.0190188 0.026184 0.00239116 0.028663 -0.0198317 -0.0121451 -0.0093523 -0.00218054 -0.0150885 -0.0369982 0.0598905 0.0536525 0.0531211 0.05038 0.0428845
internal_weight=84799.8 67298.1 17501.7 44874.1 22424 35014.4 34233.1 2058.78 240.781 1818 20082.1 19910.1 9170.47 898.975 8271.5 2341.88 10739.7 3559.19 7180.47 32174.4 2232.23 1626.32 1596.93 605.911 551.754 32094.4 9859.66 5453.3 1576.17 4406.35 939.147 413.83 3467.21 525.317 1267.58 308.586 3450.2 3877.14 3738.58 138.557 172.005 111.298 60.7074 41.275 79.9993 781.274 139.814 95.5846 641.461 60.5299 580.931 44.2289 54.1573 109.643 92.5033 67.7809 90.1458 7333.18 10168.6 8110.07 1007.46 172.777
internal_count=250006 223752 26254 143528 80224 114271 111953 6885 714 6171 72781 72093 32339 3010 29329 7443 39754 12548 27206 105068 7036 5240 5184 1796 1601 104850 29257 15860 4944 13397 2991 1222 10406 1769 3821 1123 10376 10916 10587 329 688 463 225 138 218 2318 449 288 1869 199 1670 161 195 407 327 253 392 10774 15480 12402 1580 290
is_linear=0
shrinkage=0.05


Tree=24
num_leaves=63
num_cat=0
split_feature=22 6 19 2 1 16 5 13 9 29 15 11 15 16 13 15 15 13 10 6 14 14 12 14 16 15 13 17 17 16 7 2 3 16 9 17 27 7 17 14 16 5 10 4 28 11 28 17 25 15 10 6 3 16 10 15 29 20 12 7 7 15
split_gain=10449.1 85.8062 68.3142 37.1779 34.3259 66.5222 51.8835 56.7392 53.2345 41.6201 38.4575 61.9616 30.4675 41.5418 29.5932 45.165 39.8451 43.1753 36.2638 50.5971 68.3727 38.7736 37.0085 36.9251 28.8142 25.737 25.6897 25.1523 61.802 39.8328 24.9031 40.7009 32.8309 27.4986 28.1784 50.904 26.8969 26.776 26.2602 25.3366 24.4608 60.2969 31.9401 23.2429 42.026 31.3873 36.8041 31.2806 30.7145 23.1808 23.1301 21.1448 20.7558 19.1886 29.6995 20.9944 17.3548 11.1235 10.9591 4.4747 3.25481 4.22422
threshold=1.0000000180025095e-35 12.500000000000002 45.000000000000007 2.5000000000000004 3.5000000000000004 16.426000000000005 2.5000000000000004 95029.740000000005 221950.00000000003 51768.100000000006 7.3185000000000011 -425.32499999998248 4.2055000000000016 14.428500000000001 83527.158333333355 7.3725000000000014 7.2810000000000015 73122.538333333345 0.96079258249606181 1.5000000000000002 836.26134870254612 402.56385435032672 -0.0035026332239012996 409.99204843911673 16.538000000000004 7.2645000000000008 106769.32666666668 5.3595000000000015 6.0590000000000002 32.115000000000009 339.50000000000006 1.0000000180025095e-35 2.5000000000000004 20.849000000000004 251550.00000000003 17.231000000000005 82681.710000000006 165.50000000000003 5.7500000000000009 907460.99727082055 16.710500000000003 1.0000000180025095e-35 0.94142737454634162 1.0000000180025095e-35 66818.840000000011 -535.97499999999116 126240.36000000002 10.165500000000002 11.500000000000002 6.8765000000000009 0.9677091110825139 15.500000000000002 1.5000000000000002 15.766500000000002 0.94566457284902616 6.581500000000001 123714.08000000002 75.000000000000014 -0.0016315107539505 238.50000000000003 343.50000000000006 7.2810000000000015
decision_type=2 2 2 2 2 2 2 2 2 2 2 2 2 2 2 2 2 2 2 2 2 2 2 2 2 2 2 2 2 2 2 2 2 2 2 2 2 2 2 2 2 2 2 2 2 2 2 2 2 2 2 2 2 2 2 2 2 2 2 2 2 2
left_child=1 3 59 4 5 6 8 -8 -1 27 25 -12 13 43 15 16 17 -5 19 20 -16 22 -20 -23 -7 -11 -21 29 -29 -6 31 53 38 36 51 -36 52 -34 -33 -38 42 50 -15 44 -3 48 -47 -46 -45 -26 -42 -35 -32 54 -14 -55 -44 -4 -43 -2 -61 -62
right_child=2 12 57 14 9 24 7 -9 -10 10 11 -13 30 40 18 -17 -18 -19 21 26 -22 23 -24 -25 49 -27 -28 28 -30 -31 33 32 37 34 35 -37 39 -39 -40 -41 41 58 56 45 47 46 -48 -49 -50 -51 -52 -53 -54 55 -56 -57 -58 -59 -60 60 61 -63
leaf_value=0.012169822946029245 0.054301375799139441 -0.049096158154070479 0.057158460807678425 0.0097235808703408106 -0.00081829093482208926 -0.054961330387047216 -0.028626040915329571 0.0042824276541731845 0.0071119482978795716 0.013997743908790099 0.045970233711701849 -0.015529138420809847 0.027480433834682447 0.0042820297758455715 -0.0089103884960332735 -0.061199224684157394 0.069964441964001992 0.029650524125695084 -0.023470996673951559 -0.010178319126782583 0.01351580921837983 0.036840623141996071 0.011018596425521429 0.014711038520952716 0.0048273268061070178 0.039319808733733946 0.01577084960905718 0.040898372135625131 0.0043495456069499467 -0.070706028460686576 0.00092188963644756453 0.036566096781830516 -0.057169529612078766 0.021912559755453531 -0.014035894201340774 0.038587281323425503 0.01653323261405076 -0.00038706332277116439 0.011588618201643593 -0.017455745022366433 0.067383843180888789 -0.045185366044707395 0.02293153882379613 -0.012016865242426684 0.018122797204409773 0.027473204206973585 -0.01258509868073145 0.035528194143014884 0.036474277206378469 -0.0052235770152134495 0.0038577215678739958 0.044319383915565315 -0.058063836867533004 -0.066845343281395825 -0.033644836695845455 0.0008618549926564849 0.06663778609882591 0.061299808203432088 0.0077074582948419819 0.049241738629188098 0.052322540271502176 0.045518793601608765
leaf_weight=13157.135406374931 2008.8556235283613 20.103945702314377 4628.4001135528088 569.07198582589626 594.06822989881039 22.786912679672241 139.34075658023357 2183.14241579175 8604.5519087612629 7206.5022916048765 49.853974610567093 229.48207683861256 40.154693558812141 31.931107059121132 882.53590066730976 16.94339457154274 40.144897878170013 520.4130115956068 78.183659106492996 104.25458206236362 552.72609117627144 193.76556262373924 15051.431516721845 6938.6226761341095 1738.1898672580719 101.76303619146347 1120.344161555171 136.42561796307564 760.00450868904591 21.112764805555344 55.38223560154438 119.14262634515762 26.937654465436935 201.80722224712372 99.791444852948189 85.184306472539902 1722.6219916492701 90.551035642623901 901.18377359211445 56.631778940558434 49.810238942503929 27.445291802287102 27.458468899130821 42.329567655920982 789.69414168596268 80.317203551530838 200.42248627543449 383.49132505059242 142.8905129134655 856.26179130375385 20.115480974316597 220.14514453709126 20.409824162721634 31.704247176647186 39.342634439468384 17.920762956142426 131.42171914875507 2495.7474851757288 15.226262703537939 1184.1386773735285 6506.6844507157803 236.42326328158379
leaf_count=44686 3078 81 7054 1817 2154 103 568 7757 30488 23603 135 886 131 99 3202 77 81 1442 296 366 1778 553 48874 22007 6100 308 3444 399 2624 103 179 318 109 565 339 209 5023 291 2738 201 102 104 75 141 2338 223 673 983 387 3225 60 529 86 146 164 64 272 3720 46 1893 10119 390
internal_value=0.0199084 0.0110793 0.0548727 0.0105388 0.0094929 0.0085891 0.0094118 0.00230804 0.0101699 0.0121451 0.0136544 -0.00455315 0.0169542 0.0219966 0.0119752 0.0198293 0.0210446 0.0192421 0.0116138 0.00609598 -0.000273955 0.0122731 0.0108404 0.0153122 0.0010185 0.0143503 0.0135617 0.00456886 0.00991183 -0.00321681 0.0143002 0.00860417 0.0116231 0.0172313 0.0264697 0.0101979 0.0142088 -0.0134061 0.0145052 0.0154514 0.0390077 0.0205266 0.0499134 0.018886 0.022584 0.00941582 -0.00112476 0.0238123 0.0253923 0.00151017 0.0491093 0.0336029 -0.0149622 -0.0179988 -0.00277001 -0.0423947 0.0590843 0.0586093 -0.0263119 0.0521936 0.0516594 0.052084
internal_weight=84620.9 67560.6 17060.2 61869.1 35800.6 26701.4 24084.2 2322.48 21761.7 9099.21 7587.6 279.336 5691.57 1962.66 26068.4 1146.57 1129.63 1089.48 24921.9 2659.86 1435.26 22262 15129.6 7132.39 2617.24 7308.27 1224.6 1511.61 896.43 615.181 3728.91 1266.94 1137.82 2461.97 606.928 184.976 1855.05 117.489 1020.33 1779.25 303.409 112.597 190.811 1659.25 1193.29 465.96 280.74 1173.19 185.22 2594.45 69.9257 421.952 75.7921 129.122 79.4973 49.625 158.88 7124.15 42.6716 9936.1 7927.25 6743.11
internal_count=250006 223752 26254 207076 123139 92927 83499 8325 75174 30212 24932 1021 16676 5584 83937 3417 3340 3259 80520 8790 4980 71730 49170 22560 9428 23911 3810 5280 3023 2257 11092 3961 3456 7131 1642 548 5489 400 3056 5224 758 312 446 4826 3402 1424 896 3321 528 9325 162 1094 265 505 295 210 347 10774 150 15480 12402 10509
is_linear=0
shrinkage=0.05


Tree=25
num_leaves=63
num_cat=0
split_feature=23 0 6 20 0 9 15 17 9 12 7 3 1 5 27 29 15 15 28 17 25 17 15 0 8 15 25 34 9 17 29 18 25 8 2 1 3 15 27 10 3 5 24 17 10 6 12 1 1 12 12 17 15 17 7 19 17 10 17 15 28 8
split_gain=10026.6 98.2912 94.7607 68.1091 64.7667 48.3788 58.2335 63.5895 48.9843 39.9136 35.6755 35.818 34.351 51.3841 42.0197 39.6455 35.7772 36.3243 32.2667 31.2978 31.1998 29.6803 51.7205 29.5326 29.1583 27.9498 59.4095 26.0757 26.0236 58.6154 38.0634 40.3061 56.3536 50.5507 39.6355 49.7515 36.7943 43.7137 43.1706 36.1681 46.8028 36.1059 35.923 28.4877 26.5752 24.7801 24.056 23.9757 23.7358 22.8852 21.7121 21.5993 18.8176 16.8537 15.1188 11.8049 6.79623 3.64707 4.69277 3.703 3.52761 7.17846
threshold=1.0000000180025095e-35 1.5000000000000002 11.500000000000002 45.000000000000007 4.5000000000000009 105950.00000000001 3.5625000000000004 27.858000000000004 107250.00000000001 -0.00194968143671 178.50000000000003 2.5000000000000004 1.0000000180025095e-35 1.5000000000000002 111763.91500000002 262707.39000000007 4.2055000000000016 2.7055000000000002 111947.04500000001 16.265500000000007 13.500000000000002 17.231000000000005 5.3835000000000006 2.5000000000000004 184486.08500000002 7.4345000000000008 13.500000000000002 1.5000000000000002 533550.00000000012 20.774500000000003 202123.24500000002 1.5000000000000002 14.500000000000002 217720.28000000003 3.5000000000000004 3.5000000000000004 1.0000000180025095e-35 3.0315000000000007 143357.26500000004 0.97841064160722768 1.0000000180025095e-35 2.5000000000000004 1.0000000180025095e-35 8.2570000000000014 0.99399769236040492 4.5000000000000009 -0.0012470854650681997 3.5000000000000004 3.5000000000000004 -0.0036634918482080499 -0.0018093016512367997 20.155000000000005 4.5105000000000013 5.7015000000000002 345.50000000000006 75.000000000000014 11.143000000000002 0.97501607511246158 6.2750000000000012 7.2810000000000015 161717.52500000005 341184.45500000002
decision_type=2 2 2 2 2 2 2 2 2 2 2 2 2 2 2 2 2 2 2 2 2 2 2 2 2 2 2 2 2 2 2 2 2 2 2 2 2 2 2 2 2 2 2 2 2 2 2 2 2 2 2 2 2 2 2 2 2 2 2 2 2 2
left_child=1 28 4 57 10 6 9 -8 -7 -6 11 45 13 14 20 18 17 49 -15 -17 -4 50 -23 -13 -16 27 -27 -12 30 39 36 32 33 -32 35 -33 37 42 48 54 46 -39 -1 -40 -36 -3 -41 -10 -38 -14 -18 -19 -34 -42 56 -5 -30 58 -2 -59 -61 -62
right_child=3 2 12 55 5 8 7 -9 47 -11 25 23 16 15 24 19 21 51 -20 -21 -22 22 -24 -25 -26 26 -28 -29 29 -31 31 34 52 -35 44 -37 38 41 43 40 53 -43 -44 -45 -46 -47 -48 -49 -50 -51 -52 -53 -54 -55 -56 -57 -58 59 -60 60 61 -63
leaf_value=-0.017146786684080165 0.049433218946505597 0.022084741950048763 -0.062115534562904078 0.055806010415053092 0.058472361103429488 -0.064187129901587467 0.0045678413956991197 0.054920483993372293 0.002263642155044758 0.013857632845762774 0.0093120939543672489 0.063444606367227527 -0.041187216728086409 0.015070677937462883 0.030196724111920932 0.038124098178892799 0.0027710319142768202 0.024985806483540696 -0.035984577646485209 -0.033555776854333384 -0.00021663151725613141 0.0008281860670844637 0.027239621725562404 0.023047854060447528 0.0098211103780036779 -0.047247861982703199 0.0041917133492828827 0.023007272754624879 0.05808941705710266 -0.047621712800500496 -0.033733455443185907 -0.0096676454644731846 0.013458990368469185 0.0079050941449536598 0.012013243333305248 0.010898582570850803 0.010757351353307326 0.016019899699063003 0.034252427071438822 -0.048639573106183095 0.082675110219714645 -0.0042648026399082963 0.043533347860193874 0.021018602874338245 0.046800313646326967 0.0089347394474588258 0.018789610393835702 0.0090152439830913957 0.022905348712539405 0.0093274205745650061 0.014054695113278746 0.071129394085195016 0.024826287613362724 0.031182210239043179 0.028404761735083984 0.06010537183150292 0.088832083099782008 0.05040680712760133 0.05367001350252204 0.05039044069652681 0.031876615551392332 0.056726399180233235
leaf_weight=188.5715137720108 974.90563498437405 580.80110123753548 26.781292885541916 4665.1271599382162 115.36303439736366 26.62673482298851 703.99698056280613 68.83250580728054 5982.2356213629246 88.656113505363464 40217.037911012769 67.051209807395935 26.407910972833633 39.652916207909584 289.91528701782227 54.965943977236748 613.50582177937031 1468.4738223403692 140.94681999087334 21.064598903059959 84.872940510511398 242.19014096260071 789.96283903717995 139.10078832507133 445.22512599825859 64.587388023734093 428.7024062871933 350.59872734546661 37.705889403820038 21.950752854347229 86.910878449678421 651.67913323640823 627.90408684313297 451.87380455434322 445.02360531687737 535.85960499942303 1299.5177592635155 2313.9796155691147 597.16765159368515 27.007854700088501 21.526592656970024 242.34700067341328 28.013877555727959 1274.6722074300051 62.627171188592911 934.96895337104797 25.923114344477654 1685.365905880928 582.2684263586998 148.51956957578659 1397.3344873636961 25.806157812476158 866.48068727552891 60.693397521972656 26.216442376375198 2427.3225692510605 34.358846917748451 6350.9714019596577 1982.9093634784222 130.49444225430489 101.32727843523026 40.749591454863548
leaf_count=670 1577 1770 114 7312 309 125 2624 160 22743 307 134412 150 103 123 803 156 2018 4075 543 79 283 738 2112 424 1380 273 1545 1071 81 93 325 2271 1925 1414 1333 1674 3979 6955 1662 108 45 805 71 3646 158 2997 78 5994 1650 465 4228 49 2477 166 71 3738 58 10160 3087 208 189 61
internal_value=0.018828 0.0102831 0.00946743 0.0535632 0.00878366 0.00484331 0.015325 0.00905253 0.00351257 0.0390851 0.00958228 0.0166329 0.0155171 0.007576 0.0135159 -0.0120236 0.0173766 0.0232591 -0.0247748 0.0182649 -0.0150637 0.0141499 0.0210423 0.036187 0.0178566 0.0092866 -0.00254337 0.00943045 0.0147277 0.0304935 0.0143351 0.0103048 0.0150517 0.00118842 0.00461132 -0.000387434 0.0166375 0.0122695 0.0198642 0.0378391 0.0210557 0.0140969 -0.00929822 0.0252406 0.0163048 0.0139735 -0.0156159 0.00374767 0.0145162 0.00170148 0.0106121 0.0257827 0.02005 0.0446639 0.0609186 0.0572774 0.0727468 0.0508138 0.0522736 0.0501619 0.0444552 0.0390039
internal_weight=84453.6 67779.8 57269.6 16673.8 51453.9 8671.08 976.849 772.829 7694.23 204.019 42782.8 1721.92 5815.63 1103.42 846.795 256.63 4712.2 1669.21 180.6 76.0305 111.654 3042.99 1032.15 206.152 735.14 41060.9 493.29 40567.6 10510.3 255.383 10254.9 3728.36 2033.17 538.785 1695.19 1187.54 6526.54 2772.91 3753.63 233.432 135.151 2556.33 216.585 1871.84 507.651 1515.77 52.931 7667.6 1881.79 174.927 2010.84 1494.28 1494.38 82.22 98.2812 7092.45 72.0647 9581.36 2957.81 6623.54 272.571 142.077
internal_count=250220 223888 192173 26332 174904 32262 3400 2784 28862 616 142642 5341 17269 3481 2580 901 13788 4692 666 235 397 9096 2850 574 2183 137301 1818 135483 31715 700 31015 11577 6141 1739 5436 3945 19438 8501 10937 607 397 7760 741 5308 1491 4767 186 28737 5629 568 6246 4124 4402 211 210 11050 139 15282 4664 10618 458 250
is_linear=0
shrinkage=0.05


Tree=26
num_leaves=63
num_cat=0
split_feature=23 0 20 6 0 6 8 17 17 7 0 16 17 18 29 17 25 20 16 5 9 16 29 20 7 16 17 16 8 10 3 8 21 35 9 25 17 8 18 27 8 9 17 7 17 18 25 25 16 9 10 1 11 11 11 19 0 8 3 10 17 18
split_gain=9495.18 88.2505 69.9664 53.2054 49.3401 39.3402 38.3027 49.9615 49.3782 34.8886 34.6427 66.1433 55.0509 33.3946 65.315 48.4444 35.2905 39.4354 30.3585 45.2864 39.0975 35.2872 30.0705 28.8989 41.3696 31.897 30.7029 29.5096 28.4573 32.4329 29.8362 27.5375 26.7329 26.2701 25.5036 23.6088 23.3593 22.7348 22.497 52.8029 54.449 40.7026 31.8578 23.6338 32.9965 30.1861 22.7575 22.1399 32.4412 31.4462 18.7999 18.0629 18.1915 17.7974 12.616 12.184 12.0565 10.6194 4.85587 3.59707 4.58441 3.23989
threshold=1.0000000180025095e-35 3.5000000000000004 45.000000000000007 11.500000000000002 1.5000000000000002 9.5000000000000018 270371.49500000005 36.185000000000009 35.487500000000011 161.50000000000003 2.5000000000000004 29.146000000000004 29.526000000000003 1.5000000000000002 219377.47000000003 11.339 4.5000000000000009 75.000000000000014 2.7955000000000001 1.0000000180025095e-35 518450.00000000006 3.1495000000000002 147789.05500000002 75.000000000000014 232.50000000000003 22.204500000000003 3.1675000000000004 11.111000000000002 195984.07000000004 0.93657978654707585 1.5000000000000002 154323.84500000003 38.750000000000007 1.0000000180025095e-35 59850.000000000007 7.5000000000000009 5.4130000000000011 193073.66000000003 1.5000000000000002 275739.39500000008 179849.41 138850.00000000003 22.522000000000002 338.50000000000006 2.6015000000000006 5.5000000000000009 14.500000000000002 16.500000000000004 5.8520000000000012 202250.00000000003 0.98789757253505528 3.5000000000000004 -843.40500000002783 -1291.7699999999893 -173.46000000001365 75.000000000000014 4.5000000000000009 195022.57500000004 1.5000000000000002 0.97501607511246158 6.2750000000000012 1.0000000180025095e-35
decision_type=2 2 2 2 2 2 2 2 2 2 2 2 2 2 2 2 2 2 2 2 2 2 2 2 2 2 2 2 2 2 2 2 2 2 2 2 2 2 2 2 2 2 2 2 2 2 2 2 2 2 2 2 2 2 2 2 2 2 2 2 2 2
left_child=1 3 59 4 13 23 7 8 -6 56 11 -8 -12 16 33 -16 17 -1 19 20 -11 57 -23 28 25 35 54 -28 34 30 -30 -18 -31 -15 36 -25 -3 -36 39 40 41 -5 -42 44 46 -46 -40 49 -49 -45 -9 52 -41 -21 -26 -4 58 -20 -7 60 61 -2
right_child=2 5 55 38 6 9 10 50 -10 18 12 -13 -14 14 15 -17 31 -19 21 53 -22 22 -24 24 26 -27 27 -29 29 32 -32 -33 -34 -35 37 -37 -38 -39 43 51 42 -43 -44 47 45 -47 -48 48 -50 -51 -52 -53 -54 -55 -56 -57 -58 -59 -60 -61 -62 -63
leaf_value=0.0067678435075820553 0.041698371047200651 -0.050828725015195933 0.054604430506631142 -0.0015497006762415907 0.008299632958610614 -0.032310268828997804 0.017345589195181213 0.051076310932939017 -0.044785518317963458 0.011371925996945432 0.010658810294743651 -0.016550856912576958 -0.01615421950691006 0.013465349811490458 -0.0083154214758812683 0.010493559980668013 0.01222867300962298 -0.055846443658691881 0.069171255319670902 0.032711130564786028 0.077792978107504115 0.023334762699702884 0.011043000545742537 0.063473982425741926 -0.044366474384778587 0.070961545986384891 0.0053921182134567692 -0.017772983629292628 -0.0021204900666320788 0.0050792154530594248 -0.042467485838955078 0.020324844304475238 0.063488107906121027 0.035921110067162004 0.0086203845340463887 0.0014898771620613649 -0.0019143358843724595 0.025394621578238047 0.012700216569013618 0.0096605803659460896 -0.008234406024062715 0.026573014589242307 -0.065259902558146385 0.023612074604622519 0.026192906010325024 0.0076471936249808241 -0.034400310209236798 0.0049270799737438755 0.027559777703091471 0.0040171645873655652 0.01880726352951153 -0.0098969711262916257 0.039673773791221945 -0.012851725999924563 -0.0035343551322400547 0.059041133887852808 -0.0015790400355797877 0.026843300611064588 -0.073346238306472272 0.048822348682626339 0.052344396070324165 0.049433299799069103
leaf_weight=439.50160057842731 163.42770119011402 30.218164429068565 4532.7705122679472 241.99290697276592 22466.436281993985 18.911757037043575 3554.120784342289 88.388131588697433 43.891141414642334 391.75702153146267 4727.4282388389111 149.99255147576332 199.51009912788868 2902.619573995471 668.0044052451849 702.19385029375553 1580.9899543076754 26.672699794173241 38.23573736846447 23.038622245192528 23.48338295519352 707.29972551763058 1677.9983850121498 17.911171838641167 73.427212595939636 26.188953965902328 350.46609337627888 226.21755222976208 150.94471327960491 8846.3497302383184 65.792619124054909 3128.7942548245192 19.633226305246353 136.35905969142914 9140.7392055541277 107.94659948348999 126.93645016849041 206.56202739477158 44.303596377372742 67.398921221494675 276.26629883050919 274.72605834901333 26.874096944928169 442.10074555873871 363.57411405444145 553.35044461488724 60.895879507064819 180.51066140830517 1288.5550101548433 381.37343092262745 92.238181889057159 28.236548379063606 201.21394348144531 307.44667337834835 25.482295259833336 2349.5005965828896 25.887935936450958 24.194023713469505 11.649911031126974 6468.9764379858971 1932.7520172297955 788.8667113929987
leaf_count=1388 286 141 7312 759 73979 78 10850 206 178 1247 15268 536 710 8815 2342 2149 4781 109 79 68 51 2034 5379 45 331 63 1249 869 566 32654 287 9142 53 362 32134 389 486 692 150 190 904 743 110 1175 951 1652 257 538 3358 1124 281 87 470 1116 98 3738 89 72 54 10618 3087 1291
internal_value=0.0179379 0.00973549 0.0522925 0.011009 0.0104453 0.00718794 0.00948466 0.00840629 0.00819613 0.0122794 0.0123197 0.015973 0.00957305 0.0135843 0.0103867 0.00132373 0.0163082 0.00318529 0.0129682 0.00413594 0.0151283 0.015659 0.0146878 0.00633566 -0.00280611 0.0207576 -0.00810928 -0.00369493 0.00674272 0.00474141 -0.0143682 0.0176071 0.00520856 0.0144729 0.00865524 0.010311 -0.0113197 0.00899107 0.0162131 0.0100753 0.00353304 0.0134024 -0.0132898 0.0182809 0.0119579 0.0150008 -0.0145644 0.0211 0.0247788 0.0145371 0.0345979 0.0281441 0.032143 -0.00967547 -0.0338468 0.0561191 -0.0266857 0.0527675 -0.0479529 0.0494771 0.0509453 0.0481059
internal_weight=84239.5 68003.2 16236.3 45338.5 40907.1 22664.7 31322 22691 22510.3 3249.9 8631.05 3704.11 4926.94 9585.14 4409.18 1370.2 5175.96 466.174 3193.45 745.726 415.24 2447.73 2385.3 19414.8 827.64 152.047 675.593 576.684 18587.2 9082.72 216.737 4709.78 8865.98 3038.98 9504.46 125.858 157.155 9347.3 4431.37 1116.71 819.859 516.719 303.14 3314.66 1022.12 916.925 105.199 2292.54 1469.07 823.474 180.626 296.849 268.613 330.485 98.9095 6882.27 56.4496 62.4298 30.5617 9354.02 2885.05 952.294
internal_count=250220 223888 26332 143564 131096 80324 102008 74644 74157 10267 27364 11386 15978 29088 13668 4491 15420 1497 10046 2482 1298 7564 7413 70057 3044 497 2547 2118 67013 33560 853 13923 32707 9177 33453 434 627 32826 12468 3263 2516 1502 1014 9205 3010 2603 407 6195 3896 2299 487 747 660 1184 429 11050 221 151 132 15282 4664 1577
is_linear=0
shrinkage=0.05


Tree=27
num_leaves=63
num_cat=0
split_feature=22 0 19 6 0 7 3 18 29 17 35 9 29 10 29 10 1 9 3 29 17 7 14 9 16 14 17 17 16 25 7 7 10 6 32 14 10 0 11 3 17 17 17 10 17 18 5 9 28 10 9 17 12 12 16 27 14 29 16 9 19 16
split_gain=8990.61 82.4693 71.8969 61.5612 56.6569 31.5666 31.5051 29.7861 58.4897 43.6836 31.8042 28.5066 32.0247 64.8907 58.3693 88.4526 40.9128 47.5159 43.2269 40.6718 41.1193 34.1216 31.9392 44.4921 69.2621 59.8061 41.4435 41.2419 45.3427 39.901 33.7373 31.6038 30.6614 30.0515 28.1693 27.0241 26.4356 25.4761 25.4433 24.8029 23.922 21.6182 53.3159 24.0807 20.3386 19.8373 41.6009 48.6515 31.2996 42.547 34.721 25.2299 28.3743 34.3611 22.6405 21.9057 19.0236 18.0745 17.4992 15.1545 11.9161 8.31548
threshold=1.0000000180025095e-35 4.5000000000000009 45.000000000000007 11.500000000000002 1.5000000000000002 178.50000000000003 2.5000000000000004 1.5000000000000002 219377.47000000003 11.339 1.0000000180025095e-35 118650.00000000001 146922.61500000002 0.9264383580245088 182132.41500000001 0.98624273440383192 4.5000000000000009 533550.00000000012 1.0000000180025095e-35 141888.00000000003 2.9640000000000009 178.50000000000003 120.05345503783421 89950.000000000015 7.0930000000000009 413.66149576678987 5.7015000000000002 6.8195000000000006 6.4890000000000017 9.5000000000000018 230.50000000000003 338.50000000000006 0.96533621676296277 11.500000000000002 75.000000000000014 212.25933469679535 0.96652366285154845 2.5000000000000004 -126.09499999999387 1.0000000180025095e-35 20.774500000000003 7.8265000000000002 9.429000000000002 0.97787639389259273 2.7030000000000007 1.5000000000000002 1.5000000000000002 466500.00000000006 125388.95000000001 0.97691940209033801 185250.00000000003 15.190500000000002 -0.0023544467578658496 -0.0019350419063236997 4.9715000000000007 347868.2900000001 1616962.8835123056 151071.66500000004 2.5880000000000005 138150.00000000003 75.000000000000014 9.1110000000000024
decision_type=2 2 2 2 2 2 2 2 2 2 2 2 2 2 2 2 2 2 2 2 2 2 2 2 2 2 2 2 2 2 2 2 2 2 2 2 2 2 2 2 2 2 2 2 2 2 2 2 2 2 2 2 2 2 2 2 2 2 2 2 2 2
left_child=1 3 -2 4 7 6 35 10 39 -10 34 22 13 59 15 21 18 -18 -16 20 -15 -14 26 29 30 -26 38 28 -28 31 -25 -24 -31 -21 -1 -6 -12 -8 -3 -9 -29 43 -43 -7 -40 46 48 54 49 -5 -50 56 55 -54 -48 -53 58 -17 -47 -13 -4 -58
right_child=2 11 60 45 5 41 37 8 9 -11 36 12 14 19 16 57 17 -19 -20 33 -22 -23 23 24 25 -27 27 40 -30 32 -32 -33 -34 -35 -36 -37 -38 -39 44 -41 -42 42 -44 -45 -46 51 47 -49 50 -51 -52 52 53 -55 -56 -57 61 -59 -60 -61 -62 -63
leaf_value=0.01577514350329599 0.0482601891245878 0.024724095949976824 0.05354159816873183 0.0096143047311646745 -0.051464033155816949 0.0040578537305345384 0.058467677703626132 0.0086350845591822625 -0.0079219638249576375 0.0099386262747718102 -0.039904890519806419 0.090435088918992421 -0.008278607724609895 -0.016377100966487552 0.0067048642354158782 0.021038518190019621 0.013210458881035676 0.084744457925694905 -0.0037215574906946133 -0.031060817901459647 0.0026511272496731689 0.025686017174610828 0.037470803551003268 -0.0030015557091315815 -0.024853528617666206 0.043591436819086699 -0.0093572068979656167 -0.0040750130819566478 0.074248796513543394 0.013072978694232984 0.031260425174465527 -0.045381738927344845 0.052120753456880109 0.045248347631019953 0.04583221113866346 0.013414306037466371 0.0049822598886810274 0.02124844344654624 -0.0122051674020462 0.0177101030400925 0.022052084549957846 0.016241687210582199 0.0084987460966388564 0.0081891047520965144 -0.055273705014632517 -0.03952872989497716 -0.0045520815044192689 0.070468752453028957 0.032295989788754066 -0.043859613798336222 0.011358797015766531 0.01471420092304637 0.054762683782921484 0.023102942913068487 -0.039449347493411904 -0.021043367767483754 0.068046609411419642 -0.0077537839441709864 0.013681913950913772 0.033799646582987612 0.058034120683206881 0.028105736475923727
leaf_weight=4894.1952869743109 9320.5768205374479 23.895821571350098 4210.6876073181629 149.29170356690884 16.222990408539772 5034.6966034919024 68.352917492389679 1351.4031053632498 666.17092022299767 704.27639658749104 39.798538386821747 18.65525695681572 80.541282668709755 340.85855476558208 1902.7085554301739 63.310499370098114 432.80825021862984 24.529884964227676 2081.670776695013 167.96660655736923 1699.5045077502728 903.06416635215282 20.438573330640793 96.626561909914017 181.52169016003609 38.724142074584961 25.130660995841026 305.64493569731712 45.721969664096832 69.934013783931732 280.20482170581818 26.346753746271133 178.82762318849564 13.975324586033819 79.212810859084129 1510.3860310465097 186.55235879123211 140.44604048132896 59.080088049173355 1700.1226998865604 122.81368066370487 2472.8389365077019 22025.544461220503 11781.427952200174 51.139889627695084 15.530570298433302 240.57012496888638 19.376064628362656 294.36150725185871 49.542880237102509 604.97044456005096 234.82524052262306 94.025848999619484 968.13474640250206 57.607070028781891 52.386483684182167 20.6297477632761 391.99606557190418 3022.9551725834608 32.1968994140625 2272.7082327604294 35.380945593118668
leaf_count=14472 15594 82 7000 449 68 17342 150 4214 2342 2149 151 42 290 1409 6947 213 1468 63 8011 715 6363 2878 60 345 735 110 101 1169 120 232 870 110 515 36 196 4699 601 424 239 4963 359 7848 71739 40372 240 62 797 35 762 192 1776 669 204 2520 206 173 45 1511 8837 100 3738 98
internal_value=0.0170923 0.0092193 0.0510729 0.00992631 0.00938547 0.0086102 0.0152164 0.0128542 0.00983746 0.00125664 0.0154196 0.00494418 0.00377032 -0.00126967 0.00571853 0.0144706 0.00288328 0.0170473 0.0012575 -0.00254758 -0.000527687 0.0229049 0.0112161 0.0173096 0.00945586 -0.0128194 0.0026293 0.00925763 0.0445947 0.033176 0.022475 -0.00918689 0.0411433 -0.0251994 0.0162539 0.0127249 -0.0029101 0.0334326 -0.0220479 0.0136911 0.00341408 0.00833271 0.00928031 0.00695222 -0.0321881 0.014788 0.00963368 -0.00630524 0.0142427 -0.00370959 0.0182118 0.01643 0.0221353 0.0259056 -0.0112941 0.00819214 0.0139422 -0.00375021 0.0134099 0.0545765 0.0551164 0.0428167
internal_weight=84015 68211.1 15804 58531.2 52671.6 43049.9 1735.41 9621.73 4421.97 1370.45 5199.76 9679.84 8153.79 2273.16 5880.63 1438.91 4441.72 457.338 3984.38 2222.3 2040.36 983.605 1526.05 892.624 597.077 220.246 633.427 499.311 70.8526 295.547 376.831 46.7853 248.762 181.942 4973.41 1526.61 226.351 208.799 134.116 3051.53 428.459 41314.5 24498.4 16816.1 110.22 5859.59 1415.72 317.553 1098.17 198.835 899.332 4443.87 1349.37 1062.16 298.177 287.212 3094.5 455.307 3038.49 50.8522 6483.4 56.0107
internal_count=250220 223888 26332 188555 171730 142642 5341 29088 13668 4491 15420 35333 30046 8665 21381 4892 16489 1531 14958 8523 7772 3168 5287 2977 2060 845 2310 1749 221 917 1215 170 747 751 14668 4767 752 574 561 9177 1528 137301 79587 57714 479 16825 4217 1038 3179 641 2538 12608 3566 2724 1003 842 9042 1724 8899 142 10738 143
is_linear=0
shrinkage=0.05


Tree=28
num_leaves=63
num_cat=0
split_feature=22 0 19 6 0 15 7 17 17 14 6 17 21 25 15 9 28 10 14 11 28 10 1 21 14 7 14 9 1 15 7 21 15 17 17 15 28 28 28 14 24 27 17 1 15 8 7 14 15 9 17 4 8 8 9 15 25 9 0 9 19 10
split_gain=8510.9 73.984 73.754 56.7565 50.3946 33.5806 40.2883 34.5765 28.6351 62.1458 35.3732 34.8991 28.7808 31.4437 31.2431 25.504 28.9643 59.8483 50.7609 49.7808 39.8195 89.8959 38.869 44.7982 34.0173 29.1966 28.4776 39.2142 50.1881 46.4326 41.459 37.9825 42.4242 37.608 36.341 33.9671 30.7574 28.643 25.8842 25.3235 27.1916 22.513 22.3421 30.5227 25.8497 23.8219 22.1281 21.6758 26.4079 25.8935 21.4576 21.4268 20.8517 20.3052 29.6092 18.2544 18.1043 34.7032 30.4202 12.8416 12.2775 4.06261
threshold=1.0000000180025095e-35 4.5000000000000009 45.000000000000007 14.500000000000002 1.5000000000000002 4.0245000000000006 338.50000000000006 11.793000000000001 7.9390000000000009 633.89994549344135 1.5000000000000002 10.882000000000003 5.5000000000000009 2.5000000000000004 2.5695000000000001 118650.00000000001 146040.10500000001 0.9264383580245088 299.88134906997664 -798.94500000003598 183914.89500000005 0.98624273440383192 3.5000000000000004 24.500000000000004 288.90478873098715 173.50000000000003 120.05345503783421 89950.000000000015 2.5000000000000004 6.1155000000000008 230.50000000000003 6.7500000000000009 5.7215000000000016 5.7015000000000002 6.8195000000000006 4.6465000000000005 77236.955000000016 99407.175000000003 141881.50500000003 1616962.8835123056 1.0000000180025095e-35 179088.53000000003 36.800000000000004 1.5000000000000002 7.4345000000000008 167202.61000000002 175.50000000000003 282.46187837414203 5.8455000000000004 115350.00000000001 20.774500000000003 1.0000000180025095e-35 66687.60500000001 379741.65500000009 208750.00000000003 7.4730000000000016 15.500000000000002 185250.00000000003 1.5000000000000002 138150.00000000003 75.000000000000014 0.97501607511246158
decision_type=2 2 2 2 2 2 2 2 2 2 2 2 2 2 2 2 2 2 2 2 2 2 2 2 2 2 2 2 2 2 2 2 2 2 2 2 2 2 2 2 2 2 2 2 2 2 2 2 2 2 2 2 2 2 2 2 2 2 2 2 2 2
left_child=1 3 61 4 42 7 47 39 12 11 -11 -10 14 -14 -6 26 17 59 38 -20 21 25 24 -24 -22 -18 33 31 30 -30 -29 36 -33 35 51 52 -28 -37 -19 40 -5 -23 44 -44 46 -45 -1 48 -7 -49 -36 -35 -3 54 -9 -46 57 -8 -58 -17 -4 -2
right_child=2 15 60 5 8 6 56 53 9 10 -12 -13 13 -15 -16 16 20 18 19 -21 22 41 23 -25 -26 -27 27 28 29 -31 -32 32 -34 34 50 37 -38 -39 -40 -41 -42 -43 43 45 55 -47 -48 49 -50 -51 -52 -53 -54 -55 -56 -57 58 -59 -60 -61 -62 -63
leaf_value=0.024743284904847195 0.048600741454580064 -0.038857752170171823 0.052443323519297272 0.024268119629442534 0.02176943924669085 0.010568248234998082 0.02291263150507826 0.025879756828105883 0.012396104220349417 0.01136940981881014 0.020082837251149142 0.0071866940920924582 0.011769102275113014 -0.001582699731593816 0.0072176858408326064 0.083678974938412143 -0.018027891936973097 0.0034657901665467866 0.016438854386827389 -0.024927042783011461 -0.0092817292408769198 -0.0080172506027385692 0.0097234702571462467 0.077224579626973433 0.0028585402458767735 0.022495675202117933 0.02096361468471962 -0.010081909309053699 -0.042729630301528487 0.014965625343024994 0.025354647463357523 -0.064044815959815454 0.037883830215321684 0.015335513847527788 -0.0038778203541894236 -0.06231135549714948 0.055467203062953642 0.014583844332441323 -0.022937834418414401 0.076693121828751584 0.0053850665208112648 0.023132460138357579 0.029578705323637253 -0.0025292780006049304 0.045368987491531391 -0.076926283910440568 0.011662773768036316 0.037347581436760702 -0.040582339260830713 0.0029153476215068317 0.020819350389158397 0.069897515892861944 0.024157715956284832 -0.0042028671432158306 0.06331732912188226 0.0046221893363083801 0.039739412604578604 -0.0020207764454496942 0.016878952957939047 0.032129667077264133 0.057077931590566303 0.04631337308870264
leaf_weight=334.64131546020508 2808.6728340089321 18.658561781048775 4087.077871710062 491.47271157801151 377.63773907721043 44.312056198716164 263.73503667116165 103.86778621375561 3945.4882069826126 3593.3661846965551 1723.3755320757627 17364.015970379114 583.45026227831841 1805.4865212738514 15871.422132536769 19.220760375261307 46.525086313486099 1301.0654924958944 89.318826615810394 391.61607040464878 722.69848825037479 484.66065302491188 1027.7662289738655 25.182076588273048 2862.2759218811989 995.86127902567387 129.31291203200817 108.04459404945374 78.517547369003296 62.735752269625664 349.63264960050583 20.665327653288841 20.174467995762825 37.360288009047508 305.14126892387867 54.295052975416183 129.04469732940197 15.587135121226309 99.952322959899902 18.133761867880821 311.46998125314713 65.890807643532753 23.166694417595863 20.503199338912964 98.52731117606163 22.642126828432083 9558.5554515123367 60.296763852238655 58.60597237944603 578.01869654655457 123.56141638755798 34.711259365081787 44.286468178033829 23.366869077086449 107.4503285586834 38.121545001864433 177.18883062899113 296.38889144361019 814.29703406989574 32.524761602282524 2197.1629326939583 6285.2591987401247
leaf_count=876 4769 85 7000 1336 1172 133 694 265 12602 11433 5008 56447 1907 6334 53928 42 171 4886 318 1622 2862 1877 3564 59 10727 3182 422 401 341 212 1106 93 58 132 1169 266 344 56 417 36 931 219 65 69 249 101 28815 157 220 1797 359 89 154 69 210 127 403 894 2277 100 3738 10825
internal_value=0.0162881 0.00873219 0.0498983 0.00940045 0.0090181 0.0157216 0.0123239 0.0231004 0.00830564 0.00935781 0.0141938 0.00815122 0.0068025 0.00167821 0.00755588 0.00468602 0.00357532 -0.0017705 -0.00322909 -0.0172446 0.00523436 0.0120547 0.00289185 0.0113378 0.000411171 0.020687 0.0106064 0.0163326 0.00894823 -0.0171051 0.0169891 0.0311146 -0.013693 0.00248943 0.00876314 -0.0211632 0.0381975 -0.04516 0.00158209 0.0182628 0.0169432 -0.00428921 0.0122123 -0.0167148 0.0124035 -0.0415719 0.0121052 0.00273463 -0.0185591 0.0061679 0.00324044 0.0416138 0.00547827 0.0400253 0.0449159 0.0340017 0.0169049 0.00971915 0.0209644 0.0512775 0.0540637 0.0470198
internal_weight=83783.5 68405.3 15378.2 58709 55360.4 3348.6 2292.84 1055.76 45264.2 26626.2 5316.74 21309.5 18638 2388.94 16249.1 9696.29 8164.56 1933.7 1881.95 480.935 6230.86 1592.94 4637.92 1052.95 3584.97 1042.39 1531.73 898.128 598.931 141.253 457.677 299.197 40.8398 633.601 500.774 132.827 258.358 69.8822 1401.02 821.076 802.943 550.551 10096.2 66.312 10029.8 43.1453 9893.2 741.233 102.918 638.315 428.703 72.0715 62.945 234.685 211.318 136.649 1551.61 560.124 991.486 51.7455 6284.24 9093.93
internal_count=250220 223888 26332 188555 179133 9422 6575 2847 148831 85490 16441 69049 63341 8241 55100 35333 30046 7385 7243 1940 22661 5449 17212 3623 13589 3353 5287 2977 2060 553 1507 917 151 2310 1749 561 766 322 5303 2303 2267 2096 30302 235 30067 170 29691 2307 353 1954 1528 221 239 544 475 376 4268 1588 2680 142 10738 15594
is_linear=0
shrinkage=0.05


Tree=29
num_leaves=63
num_cat=0
split_feature=22 19 0 6 7 28 9 15 15 0 17 1 10 15 6 7 15 15 13 20 7 15 9 17 15 9 3 1 15 13 13 9 13 3 20 10 15 17 17 1 15 1 29 15 15 5 15 17 21 28 15 15 19 15 11 15 10 5 10 17 15 28
split_gain=8054.26 75.5414 67.4052 40.5837 44.4709 31.678 37.9588 31.0212 39.8719 36.8849 33.6072 32.6038 45.6701 33.4607 31.0203 31.4129 30.7861 38.1585 44.5985 26.0945 36.8867 39.6403 41.5532 27.4276 47.751 25.1309 41.4553 53.0677 43.5734 37.0275 47.8438 42.2488 24.8011 23.3936 22.5866 22.5669 24.5483 39.0358 22.9832 22.0149 21.0313 32.6057 20.8825 20.6647 34.7938 20.3628 58.1525 34.8073 16.5277 15.3022 15.2864 14.4792 12.6467 12.2093 11.839 11.0583 7.67419 6.76022 4.01398 4.77112 4.06274 3.73569
threshold=1.0000000180025095e-35 45.000000000000007 3.5000000000000004 8.5000000000000018 177.50000000000003 259820.55500000002 262850.00000000006 6.8955000000000011 6.7975000000000003 1.0000000180025095e-35 13.614500000000001 3.5000000000000004 0.99217103441127719 7.0135000000000014 9.5000000000000018 161.50000000000003 5.3295000000000003 5.5035000000000007 318280.16666666669 75.000000000000014 232.50000000000003 6.9175000000000013 301150.00000000006 3.1675000000000004 2.7770000000000006 326350.00000000006 1.0000000180025095e-35 2.5000000000000004 2.8365000000000005 298532.1783333334 303238.44166666677 295450.00000000006 261581.33333333334 1.0000000180025095e-35 75.000000000000014 0.9863748364223246 6.0810000000000004 16.146000000000004 30.827500000000004 1.0000000180025095e-35 7.1305000000000005 1.5000000000000002 115291.98000000001 6.9575000000000005 6.8520000000000012 1.0000000180025095e-35 2.9375000000000004 4.1945000000000006 1.0000000180025095e-35 255468.30000000002 7.355500000000001 7.0545000000000009 75.000000000000014 5.831500000000001 -173.46000000001365 6.815500000000001 0.95747264429538925 1.0000000180025095e-35 0.97501607511246158 6.2750000000000012 7.2810000000000015 161717.52500000005
decision_type=2 2 2 2 2 2 2 2 2 2 2 2 2 2 2 2 2 2 2 2 2 2 2 2 2 2 2 2 2 2 2 2 2 2 2 2 2 2 2 2 2 2 2 2 2 2 2 2 2 2 2 2 2 2 2 2 2 2 2 2 2 2
left_child=2 58 3 4 40 6 45 8 9 -6 -10 13 -13 -9 19 53 32 18 -18 25 21 22 -21 54 -25 29 28 -28 -27 31 -31 -4 -7 -19 -34 38 37 -37 39 -17 43 56 -38 44 -1 46 -5 -47 49 -8 -43 -45 -3 57 -22 -40 -42 -16 59 -2 -60 -62
right_child=1 52 14 5 7 16 48 11 10 -11 -12 12 -14 -15 15 35 17 33 -20 20 23 -23 -24 24 -26 26 27 -29 -30 30 -32 -33 34 -35 -36 36 42 -39 55 -41 41 50 -44 51 -46 47 -48 -49 -50 -51 -52 -53 -54 -55 -56 -57 -58 -59 60 -61 61 -63
leaf_value=0.016253513029824359 0.044445211145123287 0.051385195070090012 0.0060523364621181425 -0.017730435441421968 0.014579377275488681 0.071372219150815291 -0.026293330286139133 -0.0092307913656026839 0.033706950450639962 0.0082394273435709726 0.012093541203662928 0.002586343175147738 0.022272800064684104 0.0042742059443155647 -0.027231252439251497 0.0035499438329461143 0.017314227613681225 0.024507840836902672 -0.081534463745849287 0.016675302337390834 -0.043229585383139972 0.068360556407043221 -0.072201211335396365 0.060797315600488178 -0.0074297849332673194 0.040693112131572479 -0.011471798280025586 0.0074463569219903394 0.0053686232632510367 0.039154439390245419 0.010769245759882655 -0.014018096853022697 0.023830074947274082 0.0069082861125741709 -0.010165272319256013 -0.0063475635939830846 0.021001098764355408 0.067675022516522951 0.058726193066354584 0.013932116688064112 0.047648502770904384 0.044344346227055048 -0.032810120758997419 -0.049324330410427164 0.070678315065485428 0.001516419479115584 0.010545361255341359 0.01774606126340917 -0.054306104400568461 0.01335153383128285 -0.0094562832270880873 0.010293398543273151 0.056166895140986529 0.0020347887230403507 -0.0035984933532623772 0.014874908702251119 0.087043929296547168 -0.072902621309490254 0.045378857217232921 0.048881211090347654 0.04531720849128007 0.033241416813979845
leaf_weight=891.93502010405064 906.16592665016651 3965.7724532186985 13996.112039789557 196.81480118632317 2484.8672460764647 26.353216469287872 52.131342813372612 548.25790317356586 289.50980812311172 29886.31533446908 474.86205027997494 635.25539210438728 549.38136106729507 2806.3741178363562 20.256792858242989 655.4761343896389 22.186663880944252 300.4148842394352 23.494183480739594 106.97555677592754 72.259532883763313 31.888645842671394 14.994802206754683 26.894591376185417 552.11170247197151 93.749847382307053 955.91796451807022 605.4926278591156 1268.7236463278532 166.42035064101219 1374.8088071495295 267.21095207333565 1094.2981399893761 508.26345756649971 51.143417954444885 64.104805946350098 22.92391811311245 24.662467077374458 38.811517894268036 2310.1467180848122 22.490258157253265 22.864797547459602 84.43755467236042 19.580513060092926 30.366008713841438 401.1916566491127 2389.1722597181797 1871.2834622561932 23.721596270799637 45.657306045293808 31.244857579469681 21.222892731428146 2123.0455028414726 22.520632430911064 25.492621347308159 22.835939735174179 27.449321448802948 13.503599628806112 5877.2616323530674 1830.7794625610113 121.56511697173119 135.35135753452778
leaf_count=2584 1614 7000 49658 672 7242 54 191 1951 817 96041 1456 2090 1638 9337 79 2161 58 791 100 348 331 78 71 71 2047 297 3862 2189 4670 517 4776 1044 2862 1475 158 228 66 53 75 7050 55 56 349 77 63 1291 6911 5147 95 137 100 64 3738 79 98 64 51 63 10352 3155 213 260
internal_value=0.0155229 0.0487638 0.00827248 0.00937998 0.00874669 0.0128819 0.0107374 0.00846158 0.00899261 0.00872609 0.0202797 0.00458519 0.011716 0.00206704 0.00605404 0.0105541 0.0181529 0.0109349 -0.0335248 0.00529948 -0.00337256 0.0187258 0.00574899 -0.00839655 -0.00426067 0.00568409 0.0014258 -0.00413561 0.00779925 0.00647188 0.0138342 0.00567633 0.0234155 0.0134463 0.0223122 0.0112007 -0.00523562 0.0142183 0.0122655 0.0116374 0.018812 0.0401674 -0.0213203 0.0165049 0.0180454 0.0114278 0.00839334 0.0148808 -0.0168656 -0.00778323 0.0132779 -0.0183156 0.0530525 -0.0264786 -0.0328943 0.0424825 0.0693022 -0.045499 0.0458203 0.0474125 0.0451098 0.0389553
internal_weight=83546.8 14959.9 68586.8 45748.1 38742 7006.13 4979.97 37674.8 33135.6 32371.2 764.372 4539.27 1184.64 3354.63 22838.7 3279.68 2026.15 854.359 45.6808 19559.1 830.617 153.859 121.97 676.758 579.006 18728.4 2923.88 1561.41 1362.47 15804.6 1541.23 14263.3 1171.79 808.678 1145.44 3223.4 196.129 88.7673 3027.27 2965.62 1067.15 104.049 107.361 963.104 922.301 4858.46 2585.99 2272.48 121.51 97.7886 54.1097 40.8034 6088.82 56.281 97.7522 61.6475 49.9396 33.7604 8871.12 2736.95 6134.18 256.916
internal_count=250220 26332 223888 143564 123622 19942 14444 120572 105556 103283 2273 15016 3728 11288 80324 10267 5498 2424 158 70057 3044 497 419 2547 2118 67013 11018 6051 4967 55995 5293 50702 3074 2266 3020 10046 696 281 9350 9211 3050 262 415 2788 2647 14021 7583 6438 423 328 156 141 10738 221 429 139 106 142 15594 4769 10825 473
is_linear=0
shrinkage=0.05


Tree=30
num_leaves=63
num_cat=0
split_feature=22 0 19 9 16 16 15 16 16 16 9 15 14 13 16 9 17 17 6 9 13 9 9 18 15 17 18 2 10 29 15 29 16 17 15 17 17 17 17 28 10 29 17 13 29 13 29 16 16 16 14 13 6 19 0 15 12 10 10 15 0 2
split_gain=7427.5 79.9411 78.8064 38.3744 68.0196 43.1562 41.3301 39.845 34.5588 47.856 44.3273 33.0291 35.8518 50.5656 39.239 34.5542 31.1408 33.4834 34.6454 33.5325 31.0667 30.2803 77.6511 56.4218 37.5905 40.2275 33.5515 32.594 29.9439 29.7673 44.2273 44.1685 41.1757 30.6992 29.3918 29.3344 29.1216 32.0595 28.2274 67.5746 45.5338 28.1059 68.4089 47.9787 26.1975 25.0256 23.7954 23.2609 21.3748 19.7613 17.2143 13.7134 26.3799 12.1003 6.61528 6.29625 2.80491 2.79674 4.26313 3.55288 3.41344 3.3401
threshold=1.0000000180025095e-35 2.5000000000000004 45.000000000000007 195850.00000000003 17.920000000000005 14.199000000000002 3.8305000000000002 14.428500000000001 7.2905000000000006 7.3430000000000009 211750.00000000003 4.5485000000000015 561.5424397637878 160943.54333333336 27.062000000000001 166350.00000000003 8.1545000000000005 7.4970000000000008 11.500000000000002 183350.00000000003 189821.4666666667 533550.00000000012 506950.00000000006 3.5000000000000004 4.0875000000000012 14.000500000000001 9.5000000000000018 4.5000000000000009 0.97501607511246158 274370.45000000007 7.3375000000000012 259764.07500000004 14.877000000000001 7.7115000000000018 5.1405000000000003 16.146000000000004 28.192500000000003 28.958000000000002 11.7155 622748.51500000001 0.99178954546625919 131929.00000000003 15.039500000000002 146471.82000000004 288959.36500000005 1541008.4484885146 345152.02500000008 32.982500000000009 7.0930000000000009 16.538000000000004 1094.3702225430384 231438.6466666667 1.5000000000000002 75.000000000000014 1.5000000000000002 7.4730000000000016 -0.94159886756182665 0.97875334243518075 0.98272871976394216 7.230500000000001 2.5000000000000004 2.5000000000000004
decision_type=2 2 2 2 2 2 2 2 2 2 2 2 2 2 2 2 2 2 2 2 2 2 2 2 2 2 2 2 2 2 2 2 2 2 2 2 2 2 2 2 2 2 2 2 2 2 2 2 2 2 2 2 2 2 2 2 2 2 2 2 2 2
left_child=1 21 55 11 5 8 51 46 10 -10 -5 16 36 15 -15 -14 17 18 -3 -19 -8 22 29 27 -24 49 38 28 50 31 33 35 -32 -31 -33 -1 47 -38 39 -25 -40 42 -18 -43 -9 -22 -7 -13 -30 -26 -23 -6 -53 -4 -27 56 -2 61 60 -60 -59 -58
right_child=2 3 53 4 6 7 20 44 9 -11 -12 12 13 14 -16 -17 41 19 -20 -21 45 23 24 26 25 54 -28 -29 48 30 32 34 -34 -35 -36 -37 37 -39 40 -41 -42 43 -44 -45 -46 -47 -48 -49 -50 -51 -52 52 -54 -55 -56 -57 57 58 59 -61 -62 -63
leaf_value=0.0085442330122656156 0.05954524278332151 0.0077974828028173756 0.050285313753973375 -0.0061378533946500127 0.075169771644086669 -0.018502770000894384 -0.060566486189411378 -0.0053712602494065146 0.053047883658741038 0.0074052667450207393 0.0042124882060709237 0.0054302590714671818 -0.0020130447426990735 0.020513584177721381 -0.018535211252118357 -0.067985263207441679 0.023628008911647635 -0.010650514827697589 0.021738411905338487 0.031511970763497918 0.0094600319740685349 0.093477638415351449 -0.071067754425650706 0.012855506711451579 -0.0055557590902698684 -0.030384005456364521 0.048482763003491337 -0.020439633936548272 0.043335370231164967 0.0091923455292522958 0.016274097475584625 0.0066636619983750783 -0.035404781620006757 0.01749537299612795 -0.013913254118019509 0.012867579973359229 0.03736228385175188 0.010545462280782682 0.032306337006964246 -0.064744762846448964 -0.046651048862791006 -0.0041755515272930664 0.0021386814887760348 0.014232932544353148 0.0070304013321876874 0.033109042520593594 -0.074477858331565533 -0.0093411417681670932 0.010030682724249285 0.058545533096742125 0.048716895461161175 0.012064447425954057 0.075432569752888007 0.055038334612582895 -0.078285558842459579 0.022057919280832894 0.044171782936006106 0.044440076516528676 0.044747280134167441 0.038719780415769123 0.038074111308726961 0.047367818563718161
leaf_weight=12874.347996741533 30.930907994508743 4144.7788925468922 3847.3325980305672 1180.54418630898 23.968264162540436 169.13726736605167 15.64501506090164 1144.0471436679363 58.029975667595863 5549.9036846011877 8357.9322899580002 10206.49727872014 86.8365099132061 1035.1619410663843 68.597583949565887 25.728868663311005 1470.0898736417294 373.49784295260906 499.35040111839771 53.97242859005928 4884.8804091960192 30.037403002381325 37.326481074094772 65.525391161441803 43.176305621862411 12.164696261286737 36.75145959854126 24.091610074043274 107.33490458130836 1722.5228746235371 69.287412688136101 371.11148306727409 86.867024004459381 3147.3872612863779 325.9810217320919 5643.3835977166891 129.16630186140537 812.59466621279716 84.612863048911095 49.057886213064194 23.284204319119453 469.89910945296288 495.06125603616238 1434.5709171593189 678.31503744423389 114.48799340426922 21.387283876538277 273.66167949140072 87.408496990799904 16.663572713732719 75.39690300822258 52.655630975961685 23.868537724018097 2053.9032303094864 17.687267452478409 31.323991760611534 1831.5712161362171 346.67400401830673 4070.174541413784 260.10498917102814 536.37091480195522 1476.4589515775442
leaf_count=40202 49 14202 7005 4249 54 645 71 4066 155 18875 29074 34539 304 3182 246 113 4371 1341 1414 162 16018 49 164 202 148 45 87 89 281 5401 211 1171 332 9009 1129 16588 350 2513 214 211 89 1621 1631 4494 2300 325 98 1022 255 39 167 172 53 3752 77 66 3323 625 7315 487 1016 2617
internal_value=0.0149493 0.00809857 0.0474917 0.00681303 0.00535725 0.00384864 0.0104177 -0.00302975 0.00476275 0.00787757 0.00293146 0.00831573 0.0066704 0.0148311 0.0180867 -0.0170922 0.0106414 0.00806388 0.00929645 -0.00532708 0.00978146 0.010358 0.0100885 0.0216142 -0.0289035 -0.0113563 0.00422491 0.0355158 0.0400066 0.0102928 0.0137187 0.00939668 -0.0124743 0.0145585 -0.00295871 0.0098618 0.00580137 0.0142235 -0.00308603 -0.0203684 0.0152673 0.0140195 0.0182144 0.00969092 -0.000755145 0.0100016 -0.0247862 0.00504454 0.0283869 0.0122945 0.0614689 0.0421665 0.0318295 0.0519396 -0.0587656 0.0444337 0.0445157 0.0444611 0.0437396 0.0443852 0.0405733 0.0455983
internal_weight=83290.5 68805.7 14484.8 43854.3 22274.8 17159.3 5115.51 2012.89 15146.4 5607.93 9538.48 21579.5 12638.2 1216.32 1103.76 112.565 8941.22 5071.6 4644.13 427.47 5015.01 24951.4 24367.9 583.501 127.018 89.6918 259.232 324.269 300.178 24240.9 5026.06 19214.8 156.154 4869.91 697.093 18517.7 11421.9 941.761 222.48 114.583 107.897 3869.62 1965.15 1904.47 1822.36 4999.37 190.525 10480.2 194.743 59.8399 105.434 100.492 76.5242 5901.24 29.852 8583.61 8552.29 8521.35 5213.32 4330.28 883.045 3308.03
internal_count=250075 223820 26255 147660 76155 59462 16693 7109 52353 19030 33323 71505 42269 3845 3428 417 29236 17119 15616 1503 16414 76160 74516 1644 473 309 803 841 752 74043 14953 59090 543 14410 2300 56790 38424 2863 716 413 303 12117 6002 6115 6366 16343 743 35561 536 187 216 279 225 10757 122 15498 15432 15383 9443 7802 1641 5940
is_linear=0
shrinkage=0.05


Tree=31
num_leaves=63
num_cat=0
split_feature=22 19 0 9 8 15 17 15 17 6 9 9 29 15 15 15 15 9 15 5 6 11 13 18 10 29 15 15 13 18 13 17 9 3 3 3 17 3 17 18 7 4 15 3 7 10 14 13 10 13 15 2 13 11 10 10 10 18 18 27 19 13
split_gain=7026.12 80.3781 71.7761 34.4084 33.0588 54.2152 47.4696 45.6278 58.0688 50.194 43.3648 37.2426 35.9406 34.7679 36.4646 33.1439 32.9308 32.8873 29.5601 49.0876 74.4475 47.2599 40.0438 35.028 34.1999 29.1528 28.2351 50.6898 28.2051 52.8677 41.3869 28.0873 28.0302 30.2683 28.0121 26.9387 35.3979 35.384 26.6414 26.3319 49.872 47.3416 65.0423 43.3883 60.8819 57.5472 42.7243 40.0062 39.3266 37.9864 27.4164 34.6433 33.8263 25.5286 24.7683 24.091 21.0048 19.7993 18.1346 15.1556 12.4607 12.1236
threshold=1.0000000180025095e-35 45.000000000000007 2.5000000000000004 195850.00000000003 272079.50500000006 7.3375000000000012 7.6090000000000009 5.7600000000000007 5.8165000000000004 9.5000000000000018 250150.00000000003 246350.00000000003 345152.02500000008 6.9175000000000013 6.8520000000000012 3.7415000000000007 4.1875000000000009 248750.00000000003 4.5485000000000015 1.5000000000000002 20.500000000000004 -514.33500000000629 191853.67666666667 13.500000000000002 0.96841060278830182 356322.15000000008 6.1155000000000008 6.1735000000000015 52021.587500000009 11.000000000000002 64388.834999999999 27.858000000000004 270150.00000000006 2.5000000000000004 1.5000000000000002 2.5000000000000004 3.1675000000000004 1.0000000180025095e-35 8.0270000000000028 11.000000000000002 339.50000000000006 1.0000000180025095e-35 6.6005000000000011 1.5000000000000002 177.50000000000003 0.94431916053725606 260.0400240143797 198839.26166666672 0.99143341473905711 350041.10333333345 6.581500000000001 4.5000000000000009 305716.43000000005 -488.66000000001799 0.96489097515236766 0.98853746008655274 0.99254116186667229 7.0000000000000009 1.0000000180025095e-35 185565.48000000001 75.000000000000014 350041.10333333345
decision_type=2 2 2 2 2 2 2 2 2 2 2 2 2 2 2 2 2 2 2 2 2 2 2 2 2 2 2 2 2 2 2 2 2 2 2 2 2 2 2 2 2 2 2 2 2 2 2 2 2 2 2 2 2 2 2 2 2 2 2 2 2 2
left_child=2 -2 4 18 10 6 7 9 -9 -6 11 35 58 14 54 17 -17 -13 28 22 21 -21 24 -24 -20 -14 31 -28 29 57 56 -8 33 -15 -27 37 -37 -1 -32 43 50 46 -43 47 49 -46 -42 48 -5 -45 51 -41 -52 -34 -12 -49 -30 -4 61 -60 -3 -7
right_child=1 60 3 39 5 12 26 8 -10 -11 13 15 25 32 -16 16 -18 -19 19 20 -22 -23 23 -25 -26 34 27 -29 30 -31 38 -33 53 -35 -36 36 -38 -39 -40 40 41 42 -44 44 45 -47 -48 55 -50 -51 52 -53 -54 -55 -56 -57 -58 -59 59 -61 -62 -63
leaf_value=0.0074284839418668012 0.043303404948075233 0.049292997300764883 0.035285147557658533 -0.0023553792097797442 -0.00029247287914759343 -0.027784121063750458 0.018508139669144368 0.037812342830629606 0.007280115291297508 0.02415611730721836 -0.0097997942270012448 0.023451299463518101 0.064537743431386851 -0.040272524860476999 0.057450566228923652 0.086267484844381848 0.030463517906395794 -0.041775334112597436 -0.00043012569109298336 0.020039265576125277 0.075349126901677818 -0.0018527410323002048 0.025017514058474796 -0.0029914248692249918 0.0084528315361666936 -0.026743689129138954 -0.039404451649842763 0.012320105612726239 -0.010981681418105677 -0.025540140611486691 0.0077360717257321425 0.049569451641396374 -0.029519743026542367 0.017979907031137249 0.033685538563887715 -0.019364897666550012 0.005489127790803041 0.012330548077261347 0.013287146300687787 -0.004243075601124394 0.0050777732119036125 -0.0020299364808037219 0.023724078284926411 0.031219103629049338 -0.035284080164499139 -0.00058810390099181867 0.017111331786005327 0.0044801007032282056 -0.042797031435943378 -0.015437842466047798 0.0006091590658591988 0.018338273234387845 0.029560414113083508 0.02994985950679967 0.0061597817143869693 0.0095527080638975505 -0.072117025990835221 0.090267609578755681 -0.0056148666694816399 -0.066429221129762503 0.054197648465084729 0.028186372980648196
leaf_weight=7441.9082339853048 8372.7070835232735 3731.500324010849 34.790327221155167 499.03502976894379 1400.1572160422802 29.789911836385727 2986.4198031872511 251.85458424687386 408.01035198569298 246.96330319344997 308.74855978786945 64.056245148181915 18.833103701472282 122.7099936902523 31.139025449752808 32.54515115916729 140.8604109287262 27.673749029636383 1264.3045207262039 270.23128958046436 33.194776922464371 2810.2171891778708 570.10536541044712 138.80204850435257 7579.0243313461542 51.912901118397713 49.455581501126289 1121.0872118473053 106.51593698561192 24.003936797380447 4878.0656809955835 74.59757736325264 29.015587657690048 27.252215504646301 30.412367045879364 159.35539142787457 1418.3512873202562 7284.5459069758654 3881.1634639799595 1505.928835362196 1055.2330507040024 1252.2300882041454 304.83809800446033 229.53017212450504 122.95556189119816 4265.4055000394583 2450.5424969643354 6104.4337863326073 68.345973625779152 53.862144023180008 242.91590341925621 191.43936900794506 172.56616148352623 47.732383877038956 1143.4248353838921 3796.2120045274496 16.184798955917358 30.930433690547943 13.358770340681074 43.947991237044334 1983.2701482772827 14.328644290566443
leaf_count=23058 15498 7005 104 1732 4658 107 8433 694 1279 629 1048 185 44 485 75 64 393 109 4299 831 67 9772 1710 477 25113 192 179 3290 397 95 16400 174 111 79 81 583 4359 21820 12101 5355 3625 4341 946 651 498 15069 7835 20733 285 183 855 588 516 136 3616 12943 77 62 45 194 3752 40
internal_value=0.014246 0.0464237 0.00767393 0.00645698 0.00981172 0.0128045 0.0135938 0.00782395 0.0189335 0.00337326 0.00870802 0.00949038 -0.0126698 0.00112731 0.00391457 0.0280793 0.0409369 0.00377327 0.0078777 0.00632231 0.000870308 6.77278e-05 0.00809944 0.0195334 0.00718286 0.00841809 0.0167394 0.0101347 0.0100735 0.0379665 0.00979176 0.0192651 -0.0171091 -0.0296865 -0.0044201 0.00918809 0.00297876 0.00985333 0.0101957 0.00507943 0.00757423 0.010267 0.00301211 0.00389699 -0.000109737 -0.00156024 0.0134892 0.00568514 -0.00722693 0.0223514 0.00112171 -0.00169622 0.0126338 0.00746659 0.00276659 0.00642509 -0.0190457 0.0611618 -0.0337022 -0.0522528 0.0509951 -0.00960625
internal_weight=83060.9 14087.5 68973.5 43953 25020.4 6741.13 6538.55 2306.99 659.865 1647.12 18279.3 16569.3 202.584 1710.02 1483.31 265.136 173.406 91.73 21637.5 12665.9 3113.64 3080.45 9552.24 708.907 8843.33 101.158 4231.56 1170.54 8971.65 89.7247 8881.93 3061.02 226.71 149.962 82.3253 16304.2 1577.71 14726.5 8759.23 22315.5 7175.69 5062.84 1557.07 15139.8 4671.75 4388.36 3505.78 10468 567.381 283.392 2112.85 1697.37 415.482 76.748 1452.17 9900.65 122.701 65.7208 101.425 57.3068 5714.77 44.1186
internal_count=250075 26255 223820 147660 76160 20039 19336 7260 1973 5287 56121 50571 703 5550 4739 751 457 294 71505 42269 10670 10603 31599 2187 29412 317 12076 3469 29236 261 28975 8607 811 564 273 49820 4942 44878 28501 76155 24061 16747 5287 52094 16401 15567 11460 35693 2017 834 7314 5943 1371 247 4664 33676 474 166 386 239 10757 147
is_linear=0
shrinkage=0.05


Tree=32
num_leaves=63
num_cat=0
split_feature=22 19 0 0 5 34 15 15 17 15 16 16 26 21 8 15 17 16 17 3 15 18 29 13 15 5 0 16 15 15 17 29 29 14 13 3 2 14 16 8 2 3 29 16 17 17 17 7 5 10 15 24 29 17 18 13 18 15 27 19 14 29
split_gain=6642.82 81.8605 64.4783 32.7032 30.2587 48.6976 34.3026 59.0939 33.4478 33.3167 32.9882 35.1048 32.3793 41.9184 29.6195 48.8142 42.4477 45.3791 42.6398 61.4191 52.7701 34.9458 32.8663 32.2233 42.389 49.7284 30.2777 29.1453 27.0515 41.8696 28.7828 25.7784 26.1219 24.258 23.5633 22.1322 31.6883 48.2542 41.0822 23.202 37.0677 25.7404 21.705 30.4037 35.0543 44.6623 38.8894 22.0314 52.6994 30.723 17.3812 49.2189 45.8613 26.6843 40.2568 17.2844 16.9493 16.7322 14.7648 12.8219 11.0183 9.16501
threshold=1.0000000180025095e-35 45.000000000000007 2.5000000000000004 4.5000000000000009 1.0000000180025095e-35 1.0000000180025095e-35 4.299500000000001 6.230500000000001 12.813500000000003 2.6155000000000004 5.5650000000000004 2.5880000000000005 1.0000000180025095e-35 5.5000000000000009 272079.50500000006 7.3375000000000012 7.6090000000000009 6.5320000000000009 3.6395000000000004 1.0000000180025095e-35 5.7600000000000007 1.5000000000000002 345152.02500000008 248346.755 6.1155000000000008 2.5000000000000004 1.0000000180025095e-35 12.517000000000001 6.5205000000000011 6.9175000000000013 12.550000000000002 356322.15000000008 574080.81500000006 1019768.5727362147 392494.7383333334 2.5000000000000004 3.5000000000000004 588.73761611047109 15.622000000000002 243640.22500000003 4.5000000000000009 1.0000000180025095e-35 229385.58000000005 6.3675000000000006 21.576500000000003 7.8265000000000002 32.290000000000006 178.50000000000003 2.5000000000000004 0.95890241147955613 7.4535000000000009 1.0000000180025095e-35 166730.12500000003 36.185000000000009 3.5000000000000004 141307.12333333335 1.0000000180025095e-35 7.4345000000000008 183732.36000000002 75.000000000000014 291.05799261723615 215934.65500000003
decision_type=2 2 2 2 2 2 2 2 2 2 2 2 2 2 2 2 2 2 2 2 2 2 2 2 2 2 2 2 2 2 2 2 2 2 2 2 2 2 2 2 2 2 2 2 2 2 2 2 2 2 2 2 2 2 2 2 2 2 2 2 2 2
left_child=2 -2 14 42 5 6 8 -8 -5 55 11 -7 13 -11 23 16 18 21 20 -20 -16 -18 56 35 25 26 -25 -19 30 -30 -26 -24 -33 -27 -12 39 37 -37 -38 41 -41 -1 50 44 45 -44 -46 48 -45 -49 53 52 -52 57 -55 -6 60 -4 -58 -3 -17 -57
right_child=1 59 3 4 9 10 7 -9 -10 12 34 -13 -14 -15 15 22 17 27 19 -21 -22 -23 31 24 28 33 -28 -29 29 -31 -32 32 -34 -35 -36 36 38 -39 -40 40 -42 -43 43 47 46 -47 -48 49 -50 -51 51 -53 -54 54 -56 61 58 -59 -60 -61 -62 -63
leaf_value=0.0072600380501795904 0.04220194216582554 0.048328138485067069 0.0076541879400555601 0.0076139808468120842 -0.0019840898710788792 0.020941215602859709 -0.0035854838275572024 0.0097885094006538945 0.025683739098946015 0.0023947997354670011 0.0035516503950267925 0.087344979583808185 0.051380272107125147 -0.01368540293534825 0.0085568427582821387 -0.033948575501713478 0.017251277999167258 0.004684223325519184 -0.010370827370198447 0.010860720434383664 0.035702362658611785 0.033378871201084091 0.060156804102274065 0.021297739231765467 -0.070892383103098935 0.022945151135043262 0.00036710389795216751 0.015624378927228106 0.017979986950758739 -0.014628309248770722 -0.015833769754713119 -0.020508456491504581 0.044552059503152053 0.071245490213969198 0.061995110665089219 -0.0051979375165798307 0.022149805751903173 0.032361979978931497 -0.0076209604668505161 0.017762276992515671 0.078138234691435701 0.011489856787476936 -0.0022591890331198536 0.024553049782913151 -0.017727479000709399 0.0086439565674664171 0.024088900540812794 -0.0057391582213011348 -0.032048333939404351 0.0073325045171569181 -0.014948857471892361 -0.068213230703141253 0.044323947338826858 0.090300990073627838 0.016260602435191712 -0.071653436844750659 -0.0041051739020438746 0.031816548614050498 -0.064693369672314954 0.053387993278334822 0.016094362875912659 -0.027407257796282038
leaf_weight=7243.6813764423132 8166.9494664520025 3618.5812718272209 22732.681030139327 1564.488113284111 29.028183981776237 38.538324564695358 1932.4374930858612 1442.5298187434673 306.22214229404926 3810.3506952375174 99.017196297645569 41.16033411026001 31.730899974703789 453.52501037716866 669.825379550457 22.201626613736153 953.54418237507343 901.37207069993019 588.22343261539936 809.24331919848919 244.3402127623558 518.5500263273716 19.184834346175194 202.72439806163311 31.778214931488037 149.46030820906162 1169.819631010294 1875.4482938051224 149.90633581578732 286.74756138026714 93.804229453206062 61.595910772681236 20.583655133843422 31.468474954366684 20.88425512611866 937.73505885899067 381.44661486148834 94.091912373900414 166.44713194668293 210.24622412025928 28.918577924370766 7144.070484444499 1858.3977575451136 368.72396868467331 379.30752384662628 1899.0121961385012 65.150391578674316 485.67308136820793 46.285918280482292 6037.4225006103516 104.60173526406288 28.353916525840759 47.432822167873383 23.724779546260834 81.168461605906487 25.131371900439262 13.108840867877005 71.876197755336761 43.166169553995132 1914.4305898547173 21.799765363335609 21.904612645506859
leaf_count=22378 15498 7005 74061 5581 103 127 7266 5039 947 13898 335 90 87 1708 2136 84 2698 2716 1992 2466 666 1354 44 563 138 434 3791 5308 437 1011 320 225 48 65 53 3091 1059 253 530 630 57 21364 6649 1047 1375 6138 198 1677 174 19739 405 128 128 44 235 120 44 216 195 3752 63 92
internal_value=0.0135759 0.0453832 0.00727254 0.00612019 0.00357616 0.00606342 0.00514107 0.00213083 0.0105719 0.00047808 0.0303035 0.0552354 0.00105892 0.000684437 0.009296 0.0121242 0.0128689 0.0158354 0.00741628 0.00192391 0.0158124 0.0229323 -0.0121073 0.00825222 0.00244881 0.00670652 0.00345855 0.0120731 -0.00931535 -0.00343365 -0.0297662 0.00797031 -0.00421264 0.0313459 0.0137312 0.00900983 0.00338743 -0.00177286 0.0131056 0.00961705 0.0250626 0.00936031 0.00684981 0.00503715 0.00168062 0.00325131 -0.0115979 0.00706994 0.0182403 0.00635926 0.00772435 -0.00773541 0.00354349 0.00784608 0.0330071 -0.0323239 -0.0324028 0.00773034 -0.0505798 0.0500789 -0.00915563 -0.051048
internal_weight=82831.3 13700 69131.3 44046.8 9816.95 5445.28 5245.68 3374.97 1870.71 4371.67 199.6 79.6987 4295.61 4263.88 25084.5 6762.19 6560.55 4248.91 2311.63 1397.47 914.166 1472.09 201.641 18322.3 2115.71 1553.47 1372.54 2776.82 562.236 436.654 125.582 101.364 82.1796 180.929 119.901 16206.6 1579.72 1031.83 547.894 14626.9 239.165 14387.8 34229.8 11140 4201.87 3757.41 444.458 6938.11 415.01 6523.1 23089.8 180.388 152.035 22909.5 104.893 76.0642 100.276 22804.6 56.275 5533.01 44.0014 47.036
internal_count=250075 26255 223820 147660 35446 19438 18833 12305 6528 16008 605 217 15693 15606 76160 20039 19336 12076 7260 4458 2802 4052 703 56121 6759 4853 4354 8024 1906 1448 458 317 273 499 388 49362 4933 3344 1589 44429 687 43742 112214 36997 14360 12787 1573 22637 1221 21416 75217 661 533 74556 279 315 386 74277 239 10757 147 212
is_linear=0
shrinkage=0.05


Tree=33
num_leaves=63
num_cat=0
split_feature=22 19 0 9 1 12 4 17 13 3 15 4 14 15 34 15 9 13 15 15 15 14 8 13 13 8 15 17 17 3 15 9 1 1 9 9 6 15 9 15 28 15 17 4 13 6 18 13 1 20 3 28 6 28 18 19 15 0 5 15 8 21
split_gain=6276.66 83.2343 57.934 29.5112 29.0158 50.0055 45.9243 84.9946 61.1382 51.5299 45.3331 39.3857 45.3014 43.808 38.7751 35.5477 27.0939 26.8913 54.6651 28.2399 36.8401 43.1214 34.4832 27.5113 27.3764 26.5453 43.9591 38.0128 38.1829 55.3969 46.7869 36.5184 36.339 39.8032 38.9505 31.8672 30.3206 29.1199 30.1218 28.2422 38.5025 28.1537 25.713 25.5241 25.422 24.9129 50.5276 24.034 29.4936 23.4247 21.6825 20.6436 18.1511 15.5716 14.8099 13.182 6.41007 5.23623 4.28985 2.92692 4.64009 4.60985
threshold=1.0000000180025095e-35 45.000000000000007 2.5000000000000004 195850.00000000003 2.5000000000000004 -0.0020724507419464496 1.0000000180025095e-35 32.290000000000006 198839.26166666672 2.5000000000000004 4.0875000000000012 1.0000000180025095e-35 260.0400240143797 6.6005000000000011 1.0000000180025095e-35 6.581500000000001 775400.00000000012 300791.4833333334 2.5485000000000002 4.5485000000000015 5.9840000000000009 568.1450187963834 155176.52500000002 194955.94166666668 357881.43500000011 272079.50500000006 7.3375000000000012 7.6090000000000009 3.6395000000000004 1.0000000180025095e-35 5.7600000000000007 250150.00000000003 1.5000000000000002 4.5000000000000009 533550.00000000012 246350.00000000003 17.500000000000004 3.7415000000000007 248750.00000000003 5.5715000000000012 267530.60500000004 4.1875000000000009 10.657500000000002 1.5000000000000002 52021.587500000009 4.5000000000000009 5.5000000000000009 342984.94500000007 1.5000000000000002 45.000000000000007 1.0000000180025095e-35 579505.53500000015 1.5000000000000002 283460.98000000004 13.500000000000002 75.000000000000014 7.4730000000000016 1.5000000000000002 1.0000000180025095e-35 3.2915000000000005 80355.35000000002 6.7500000000000009
decision_type=2 2 2 2 2 2 2 2 2 2 2 2 2 2 2 2 2 2 2 2 2 2 2 2 2 2 2 2 2 2 2 2 2 2 2 2 2 2 2 2 2 2 2 2 2 2 2 2 2 2 2 2 2 2 2 2 2 2 2 2 2 2
left_child=2 56 25 17 6 14 8 16 10 -10 -5 12 -7 -13 15 -6 -8 19 -19 23 22 -22 -21 44 52 31 27 28 30 -30 -27 35 34 -34 -29 45 39 38 -37 42 -41 -39 -33 -9 -4 50 -47 53 -49 -26 -1 -50 -20 -28 -16 -3 59 -55 -38 60 -2 -62
right_child=1 55 3 4 5 11 7 43 9 -11 -12 13 -14 -15 54 -17 -18 18 24 20 21 -23 -24 -25 49 26 47 32 29 -31 -32 36 33 -35 -36 37 58 41 -40 40 -42 -43 -44 -45 -46 46 -48 48 51 -51 -52 -53 -54 57 -56 -57 -58 -59 -60 -61 61 -63
leaf_value=0.0048570025842676222 0.022391331912438216 0.04738746615378981 0.035344653590337345 0.0036773633918896994 -0.0010963209236397196 0.0040594379465771898 0.0059154128990571379 0.072051619498963812 0.0032566287921551428 -0.0096543843410665936 -0.029463291886445447 -0.00077682141565856293 0.014678023875092617 0.016981578269201922 -0.069062485440785221 0.016231081907897169 0.047063747527312808 0.10352465267335083 0.020281003298351634 -0.00077099113571174637 0.0069283976857860644 0.029002137612374992 0.0073974910229994669 -0.044285433769611943 0.012965965892266113 0.008107036992763883 0.0014548762954473956 0.018930897583712747 -0.0098825236171971934 0.010286095761234793 0.03356284638109882 0.00021755933000846864 0.0089496000822013502 0.025312051092542715 0.049331478503835895 0.021490954119383482 -0.031582162665467033 0.078831066793203244 -0.040991976917781302 -0.00069255640323137384 -0.032526527969679309 0.027866501516111419 0.016105533356652168 0.017547674200400338 0.008759710917814802 0.014921893001679683 0.0018550588211267004 0.044734604969723563 -0.021944077498024784 -0.019249171655828706 0.009056569372771257 0.036166475965939852 0.071773510746431707 -0.038090617625386562 -0.016873857658121355 0.052605744167100593 0.017868082991266406 -0.072407700634647368 -0.068524956212816568 0.041616881556939121 0.043894810645185932 0.037227818010734021
leaf_weight=5624.3530078530312 40.960054904222488 3508.6973273158073 90.896140277385712 164.68957567214966 2000.8944443315268 1451.302487641573 3912.0245830863714 64.241746440529823 7893.3288981169462 856.69891646504402 276.32437960803509 1594.7185246050358 3262.0356540828943 443.96882739663124 25.406775414943695 347.384610414505 40.417627930641174 16.969113603234291 37.659035682678223 3588.6286495923996 6186.3743036538363 229.45522980391979 2018.8531907647848 24.252476900815964 1043.2547985911369 671.59336596727371 18.890737920999527 1392.0562241226435 586.46954871714115 811.66445776820183 246.85292530059814 612.8860719949007 2316.1864523440599 442.71397852897644 113.99122406542301 64.693754225969315 18.604790315032005 33.45399272441864 27.482413038611412 514.67358592152596 116.47975020110607 142.63046991825104 435.68797595798969 32.269779369235039 8411.6446286588907 2998.7136464715004 982.12752124667168 29.341042771935463 88.174129277467728 59.654543191194534 6776.9958653450012 18.487709850072861 31.370241358876228 26.419381931424141 29.236823216080666 1847.4562408924103 29.512970849871635 19.189579740166664 13.604292765259741 6746.1397544145584 394.87699800729752 755.04624778032303
leaf_count=17829 91 7005 261 556 6878 4942 13357 136 27363 3145 1097 5451 10317 1395 110 1093 110 31 115 12363 20471 664 6631 98 3260 2136 60 3871 1992 2466 666 2025 6771 1167 267 185 65 64 109 1702 432 393 1271 98 27330 8255 2963 74 327 216 20773 44 65 107 107 3752 66 91 55 13075 753 1513
internal_value=0.0129375 0.0443675 0.00689332 0.00580195 0.00452809 0.00669245 0.00303152 0.00746821 0.00107702 0.00199254 -0.0170874 0.00889691 0.0114084 0.00309046 0.000498065 0.00146695 0.0063362 0.00711425 0.0144255 0.00669127 0.00513037 0.00771784 0.0021699 0.00889223 0.0131353 0.00880892 0.0114821 0.0121847 0.0070288 0.00182605 0.0149489 0.0078216 0.0149852 0.0115752 0.0212319 0.00853657 0.000867667 0.0256303 0.00286161 0.0017891 -0.00656754 0.0375492 0.0068191 0.0538276 0.00904392 0.00825666 0.0116981 -0.011581 0.0003404 0.0112235 0.00715195 -0.0118718 0.0436817 -0.0367183 -0.0411392 0.0491874 0.041127 -0.0525292 -0.0471859 0.0412135 0.0389282 0.0395172
internal_weight=82601.1 13322.7 69278.4 44134 22394.9 9154.95 13240 4048.95 9191.04 8750.03 441.014 6752.03 4713.34 2038.69 2402.92 2348.28 3952.44 21739 1188.91 20550.1 12023.3 6415.83 5607.48 8526.79 1171.94 25144.4 6782.03 6581.53 2316.58 1398.13 918.446 18362.4 4264.95 2758.9 1506.05 16650.5 1711.94 268.261 92.1762 1679.73 631.153 176.084 1048.57 96.5115 8502.54 16382.2 3980.84 200.503 136.003 1102.91 12401.3 106.662 69.0293 64.4997 54.6436 5356.15 7966.54 45.609 32.2091 7937.02 1190.88 1149.92
internal_count=250075 26255 223820 147660 76155 30293 45862 13701 32161 30508 1653 22105 15259 6846 8188 7971 13467 71505 3687 67818 40129 21135 18994 27689 3656 76160 20039 19336 7260 4458 2802 56121 12076 7938 4138 50571 5550 751 294 5430 2134 457 3296 234 27591 49820 11218 703 445 3476 38602 371 180 258 217 10757 15498 198 120 15432 2357 2266
is_linear=0
shrinkage=0.05


Tree=34
num_leaves=63
num_cat=0
split_feature=22 19 0 0 7 16 25 27 12 11 27 13 17 8 27 17 3 13 6 8 12 16 17 27 7 15 15 16 4 27 25 11 13 27 3 15 15 13 13 17 21 18 3 25 17 17 17 20 19 25 16 11 15 12 15 8 21 7 15 16 17 1
split_gain=5926.92 84.4866 54.3133 27.1104 26.4158 34.9447 36.6781 40.6933 40.6524 33.5505 47.7442 31.6226 30.7594 58.8063 38.9155 31.4343 25.6798 25.8569 23.7071 39.2864 24.0838 44.7561 32.3455 32.4649 29.2818 38.573 36.9422 27.8138 33.0522 30.3557 27.5668 31.4884 30.572 26.4937 17.9788 16.197 55.1648 38.5458 30.2356 30.0568 27.0859 40.2319 37.7172 30.7801 22.9104 30.783 25.4905 16.7736 13.5394 13.4607 13.1773 10.7688 6.16222 2.98619 2.88902 4.41451 4.56344 2.70524 2.85777 1.96521 2.30478 3.00242
threshold=1.0000000180025095e-35 45.000000000000007 4.5000000000000009 2.5000000000000004 350.50000000000006 9.506000000000002 14.500000000000002 288407.53000000009 -0.0037448934635609999 -137.37999999999008 72355.090000000011 95029.740000000005 5.5215000000000005 111649.22000000002 412365.02500000008 3.2375000000000003 2.5000000000000004 130671.515 20.500000000000004 208744.40500000006 -0.0010753893493708497 15.512 25.929500000000001 524780.69500000018 358.50000000000006 5.1595000000000004 6.0955000000000004 8.2235000000000031 1.5000000000000002 115052.91000000002 15.500000000000002 -290.49500000000984 140454.45500000005 507596.9250000001 1.0000000180025095e-35 2.6795000000000004 2.9925000000000002 105540.49500000001 102895.11833333335 14.821000000000002 11.000000000000002 18.000000000000004 1.0000000180025095e-35 14.500000000000002 3.5645000000000002 3.2375000000000003 4.8885000000000014 75.000000000000014 75.000000000000014 3.5000000000000004 13.973000000000001 -158.70000000000434 7.4730000000000016 -0.94159886756182665 3.2915000000000005 80355.35000000002 6.7500000000000009 170.50000000000003 7.230500000000001 34.205000000000005 25.598000000000003 1.0000000180025095e-35
decision_type=2 2 2 2 2 2 2 2 2 2 2 2 2 2 2 2 2 2 2 2 2 2 2 2 2 2 2 2 2 2 2 2 2 2 2 2 2 2 2 2 2 2 2 2 2 2 2 2 2 2 2 2 2 2 2 2 2 2 2 2 2 2
left_child=2 52 3 4 5 6 8 -8 -1 10 -7 -11 13 15 -15 -6 34 -18 20 51 21 27 23 33 26 -26 -23 29 -29 -4 31 -24 -32 -22 -14 40 37 38 -37 -39 41 43 49 -5 45 -38 -46 -44 59 -42 -25 -20 53 -2 55 -55 -57 -56 -59 60 -3 -62
right_child=1 48 18 35 12 9 7 -9 -10 11 -12 -13 16 14 -16 -17 17 -19 19 -21 22 24 30 50 25 -27 -28 28 -30 -31 32 -33 -34 -35 -36 36 44 39 -40 -41 42 -43 47 -45 46 -47 -48 -49 -50 -51 -52 -53 -54 54 57 56 -58 58 -60 -61 61 -63
leaf_value=-0.012227419738941101 0.056538680413946489 0.0466901747243249 0.015227152616404956 -0.026540502889368978 -0.027564970012071963 -0.037584943707548557 0.013197037829784545 0.026219821707256993 0.010818335965544552 0.037255248774622982 0.0067369142036847636 0.012182983901030351 0.0068854320622326109 0.0072807327752716982 -0.013476649283744955 -0.0010780314267334308 0.015057789767799649 -0.0028753425974061696 0.037393781472649421 -0.01986212180085541 -0.0022791446271117244 -0.0014312374659357075 0.086894633397304452 -0.021417028987365139 0.035576636308310171 0.0083134590828835668 0.01827884167791961 -0.0058846561380189212 0.013430638150487714 0.0028353844202293962 0.032727113041592974 0.018770726065700735 -0.005275406768540436 0.06296130861990161 0.010982571701860344 0.026900160972149062 0.0038651560680776093 0.012365413733920192 0.085084064733095766 -0.050240717932592105 0.079186292690997584 0.071250700953452734 -0.032404971129750548 -0.00032350991481657572 0.011763697129683037 -0.010578781942035275 0.0059685136876881772 0.022881958057461314 0.051847653294328333 0.031687032024129196 -0.069893851302426577 0.085681043206158158 0.017154627630997479 0.021566635830933913 0.046743801734187192 0.042825774267959235 0.036086139838544883 0.040591933124952087 0.035817558881988724 0.054997978222520283 0.029675564399505923 0.044147744291411647
leaf_weight=246.2995653450489 27.738787561655045 3063.9539141207933 590.54866017401218 128.63968293368816 220.76228876411915 61.538978040218353 2634.6841573864222 776.71014389395714 857.82954531908035 160.10408939421177 4806.3516394495964 586.31704668700695 5289.0658536553383 2501.3329349905252 248.20213536918163 227.40039110183716 258.73993824422359 900.78788578510284 26.333581909537315 24.211417734622955 2558.9509904831648 551.88904443383217 24.19294461607933 39.079472899436951 256.2718955129385 262.76482160389423 417.62788219749928 1434.3217155188322 261.92751817405224 3029.5653029382229 74.371665790677071 56.757235690951347 183.4978221654892 15.656585723161696 5422.8257406800985 219.61246824264526 4183.2616905719042 1894.6467695236206 24.85523085296154 19.367141529917717 23.003063306212425 18.221705764532089 30.645175829529762 863.19099976122379 2057.2910344004631 404.54832556843758 24431.681871816516 24.838316515088081 1782.3999025225639 42.422432020306587 21.859812647104263 20.561897248029709 29.21124267578125 40.41420079767704 169.55540123581886 381.45000030100346 735.36454671621323 6057.3860830366611 330.52806974947453 66.209748193621635 42.476792514324188 229.29977160692215
leaf_count=801 49 6299 1915 488 858 224 7687 2024 2432 373 14289 1680 16290 8007 887 756 768 2903 70 90 9673 1945 47 164 766 903 1338 5415 889 11019 199 160 663 45 16181 615 14479 6067 52 75 48 43 118 2941 6626 1465 79001 74 3752 122 108 37 66 91 326 747 1508 12037 674 128 98 480
internal_value=0.0123292 0.043374 0.00653489 0.00710365 0.00834935 0.0103238 0.0135984 0.0161621 0.00567749 0.00769014 0.00617661 0.0175609 0.00702206 0.00266947 0.00540695 -0.0141253 0.00819448 0.0011263 0.00309564 0.0318617 0.00288647 0.00452693 -0.000866651 -0.00273617 0.0121901 0.0217745 0.00705905 0.00238127 -0.00290207 0.00485685 0.0136756 0.0391304 0.00568483 -0.00188241 0.00895958 0.00619023 0.00639047 0.0141199 0.0328158 0.0117319 0.000305897 -0.00237127 0.0226705 -0.00372383 0.00585361 0.0025915 0.0064186 -0.00765465 0.0483176 0.0483874 -0.0388064 0.0585659 0.0400763 0.0401628 0.0401039 0.0378006 0.0383881 0.0405103 0.0403449 0.0464681 0.0462987 0.0418858
internal_weight=82371.6 12956 69415.6 59565.2 25199 10129.8 4515.52 3411.39 1104.13 5614.31 4867.89 746.421 15069.1 3197.7 2749.54 448.163 11871.4 1159.53 9850.39 71.1069 9779.28 6804.92 2974.37 2635.55 1488.55 519.037 969.517 5316.36 1696.25 3620.11 338.82 80.9502 257.869 2574.61 10711.9 34366.2 33235.3 2158.48 244.468 1914.01 1130.96 1010.05 120.909 991.831 31076.8 4587.81 26489 55.4835 5184.34 65.4255 60.9393 46.8955 7771.65 7742.44 7714.7 1157.23 1116.81 6557.47 6387.91 3401.94 3335.73 271.777
internal_count=250075 26255 223820 188374 76160 29510 12944 9711 3233 16566 14513 2053 46650 10508 8894 1614 36142 3671 35446 197 35249 24190 11059 9990 4952 1669 3283 19238 6304 12934 1069 207 862 9718 32471 112214 108380 6809 667 6142 3834 3472 362 3429 101571 15944 85627 192 10757 170 272 107 15498 15432 15383 2346 2255 13037 12711 7005 6877 578
is_linear=0
shrinkage=0.05


Tree=35
num_leaves=63
num_cat=0
split_feature=23 19 0 6 35 17 16 10 8 27 4 8 4 21 16 29 16 8 17 10 8 17 12 27 1 8 16 11 11 1 29 10 10 16 16 20 17 29 17 16 16 16 11 4 18 1 27 16 27 27 27 29 19 11 10 27 1 10 8 8 10 0
split_gain=5703.52 83.5995 65.2622 45.5999 32.5841 29.7702 43.3479 47.7287 37.2879 54.9643 34.1357 37.6701 31.6497 53.3237 58.3442 66.3136 50.6411 33.251 33.0873 31.887 34.0431 29.287 28.1748 27.3757 29.4311 27.2716 35.329 25.5479 24.7654 23.8819 33.1399 27.9873 26.0537 34.3354 33.4285 22.432 24.847 32.0745 31.7196 23.6616 22.1479 26.1116 21.4556 17.2213 19.3919 17.0432 34.4224 32.1063 24.4574 29.7113 17.0136 17.0021 16.5121 13.2356 11.5712 10.2505 9.79219 8.50972 3.90958 6.12811 4.73427 6.31896
threshold=1.0000000180025095e-35 45.000000000000007 4.5000000000000009 5.5000000000000009 2.5000000000000004 14.873000000000003 20.364500000000003 0.99411361950185495 223916.22000000003 282754.77500000008 1.0000000180025095e-35 435824.41000000009 1.5000000000000002 1.0000000180025095e-35 2.7055000000000002 380392.59000000003 10.787000000000001 152507.35500000001 5.4690000000000003 0.92079361096708012 231517.87000000002 29.831000000000003 -0.0019817538090051499 400535.06500000006 3.5000000000000004 111649.22000000002 18.696000000000005 2487605.260109927 -341.98500000000053 3.5000000000000004 58967.17500000001 0.97942237476024319 0.99289611346030637 20.485500000000005 11.449000000000002 75.000000000000014 30.827500000000004 219377.47000000003 5.5215000000000005 7.0360000000000005 21.139000000000006 22.332000000000004 -859.65999999997427 1.0000000180025095e-35 3.5000000000000004 4.5000000000000009 572651.88500000013 32.982500000000009 78771.445000000022 77157.510000000009 106673.98000000003 305874.32500000007 75.000000000000014 -92.495000000002605 0.97858745248665802 1399128.0030526659 3.5000000000000004 0.98037764469132649 108589.73000000001 106534.72000000002 0.95272827594962084 4.5000000000000009
decision_type=2 2 2 2 2 2 2 2 2 2 2 2 2 2 2 2 2 2 2 2 2 2 2 2 2 2 2 2 2 2 2 2 2 2 2 2 2 2 2 2 2 2 2 2 2 2 2 2 2 2 2 2 2 2 2 2 2 2 2 2 2 2
left_child=2 58 3 4 29 12 7 10 40 54 11 -7 18 14 51 -16 17 -15 19 20 -4 -11 -12 28 -25 53 -27 -21 -20 32 31 -31 34 -34 -1 45 37 38 -37 -39 56 -42 -32 44 -6 48 47 -47 49 -5 -50 -14 -3 -9 -10 -48 -8 -18 59 -2 -60 -62
right_child=1 52 5 35 43 6 8 25 9 21 22 -13 13 16 15 -17 57 -19 23 27 -22 -23 -24 24 -26 26 -28 -29 -30 30 42 -33 33 -35 -36 36 -38 39 -40 -41 41 -43 -44 -45 -46 46 55 -49 50 -51 -52 -53 -54 -55 -56 -57 -58 -59 60 -61 61 -63
leaf_value=0.0052916071396157038 0.037125910525058356 0.045424280738655155 0.054109937584020121 0.015699551670161956 -0.025388871967353316 0.004344924058665418 0.082186541681019354 0.047933002549523845 -0.074281089708681469 0.030464431877085908 0.039029555851873017 -0.041550943070329714 -0.016690227500057487 -0.038000907089085725 0.022816702096259744 -0.031348652598834015 -0.035084558566462469 0.026095897434514709 -0.011267244130953447 0.003000315869854114 -0.027626635741661409 -0.022343370308191318 0.011139313795810631 0.017733031419000546 -0.021485172012691223 -0.023605607786783032 0.043339674297870973 -0.05875834097106386 -0.0021326191763936966 -0.029477348955044315 0.0019172787496149661 0.0033983668695946414 0.0078100328396290587 -0.006284477144757307 0.0009642497646787289 0.029412250638230965 0.041629161422172149 0.0022832786361901346 -0.0032706361706790095 -0.032423256696408248 -0.004889620635626226 0.031331764238739117 0.009821718721991668 0.060947157391840458 0.039125764124301139 0.016763765212828682 0.076583112094423964 -0.0035905916353083582 0.0014083187885400332 0.056776227173241489 0.0090113735326261581 0.023848346366376113 0.051473634255683388 0.0010443086110459973 -0.024616046391950204 0.031353636381289497 0.036412147245342828 -0.072648168719094408 0.043792311755438976 0.019631596896902206 0.039781841987943989 0.03489416910896935
leaf_weight=17787.701789692044 848.81710517406464 3293.2848601490259 57.337939664721489 481.2633388787508 17.776740163564682 967.89840736985207 25.141557395458221 21.708027228713036 15.751086443662642 117.75328849256039 123.83969634771347 46.873562261462212 181.73501051962376 30.704318031668663 729.69177588820457 61.249737918376923 28.562143072485924 59.332374155521393 1116.7613401859999 2477.7248269021511 16.377728164196014 33.789446756243706 336.87590591609478 252.48883932828903 59.020050823688507 286.35435032844543 21.164020702242851 16.859524980187416 2211.0969684571028 66.559919282793999 953.32685175538063 2363.4277763515711 10004.493039995432 451.60330317914486 5957.5587454289198 104.5757273286581 33.377923265099525 81.736211746931076 255.90242840349674 123.02653975784779 62.221471756696701 248.34988912940025 8630.2500990182161 38.903727635741234 33.783873841166496 1134.1293098032475 26.746057063341141 233.65197195112705 794.07211254537106 48.454418778419495 10026.472788318992 30.156373232603073 1715.7160626351833 49.073431268334389 45.913687542080879 23.562911838293076 21.826591640710831 31.934676855802536 612.0680096000433 53.195009887218475 5375.4564496576786 754.03262044489384
leaf_count=57882 1755 7001 148 1376 63 3303 52 59 72 353 355 212 710 122 2388 257 113 191 4293 9165 64 132 1113 888 231 1150 61 80 8210 258 3045 7596 32166 1589 19690 276 72 248 784 436 217 698 26722 84 87 3135 46 739 2435 102 29575 104 3735 164 177 61 60 150 1224 123 10924 1580
internal_value=0.0116003 0.0424758 0.00597594 0.00659659 0.00585397 0.00219122 0.00699655 0.00328691 0.0190455 0.00249567 0.00734929 0.00222494 0.000608474 0.00821465 0.01238 0.0186222 -0.0195342 0.0042376 -0.000804731 0.00354063 0.0359502 0.0186899 0.0186362 -0.00387125 0.0103026 -0.0125576 -0.0189983 0.00258292 -0.00519801 0.00579529 0.00771307 0.00249787 0.00512165 0.00720128 0.0042059 0.00916915 -0.000290595 -0.00276599 0.00621076 -0.0185693 0.0289144 0.024075 0.00903542 0.0358325 0.0168828 0.00961265 0.0147807 0.0132867 0.00896695 0.0194569 0.00845342 -0.0109208 0.0474963 0.0154246 -0.037302 0.0553993 0.0609147 -0.0549134 0.0391856 0.0360942 0.0395993 0.0391806
internal_weight=82110.5 12652.6 69457.9 59672.4 46305.4 9785.57 2424.53 1853.79 570.747 213.208 1475.49 1014.77 7361.03 1153.37 1002.83 790.942 150.534 90.0367 6207.67 2568.3 73.7157 151.543 460.716 3639.37 311.509 378.3 307.518 2494.58 3327.86 46214.9 12013.6 2429.99 34201.4 10456.1 23745.3 13367 598.619 565.241 360.478 204.763 357.54 310.571 9583.58 90.4643 51.5606 12768.4 1418.09 1367.78 11350.3 529.718 10820.5 211.891 5009 70.7815 61.6648 50.309 46.9681 60.4968 7643.57 902.012 6741.56 6129.49
internal_count=250101 26342 223759 188467 149182 35292 8178 6417 1761 734 4983 3515 27114 4035 3459 2645 576 313 23079 9457 212 485 1468 13622 1119 1434 1211 9245 12503 148948 37621 7854 111327 33755 77572 39285 1816 1744 1060 684 1027 915 29767 234 150 37469 3981 3874 33488 1478 32010 814 10736 223 249 107 112 263 15606 1878 13728 12504
is_linear=0
shrinkage=0.05


Tree=36
num_leaves=63
num_cat=0
split_feature=22 19 6 1 29 21 17 17 17 13 17 18 14 15 28 28 29 29 12 6 16 15 17 3 4 15 28 29 16 15 11 27 13 17 17 15 13 4 8 6 6 16 14 6 15 29 19 27 11 15 8 8 7 7 7 9 17 9 11 35 8 7
split_gain=5376.34 84.6197 44.8585 30.6409 43.9196 29.8309 30.1561 24.5754 33.932 40.562 29.7654 24.561 36.5083 46.7953 38.3334 28.9126 30.8969 26.9134 24.5581 30.5942 23.9816 32.9325 23.6858 29.4435 44.0262 26.488 34.7473 26.5152 26.3322 23.5375 22.3514 21.6752 34.7579 40.2216 38.187 28.2379 21.7029 30.7898 20.8178 19.297 18.0943 25.2218 24.7687 18.0541 17.2826 16.9697 16.8939 14.0905 5.37056 5.08907 4.01753 5.6181 4.69556 3.19574 3.8519 5.32885 3.63081 3.75137 3.08305 3.02155 8.05428 3.01448
threshold=1.0000000180025095e-35 45.000000000000007 4.5000000000000009 3.5000000000000004 58967.17500000001 32.500000000000007 8.9570000000000025 5.3595000000000015 6.0590000000000002 193894.0916666667 8.6900000000000013 13.500000000000002 261.96959147683543 4.0875000000000012 195393.12000000002 172586.93000000002 143523.01000000004 173582.92000000001 -0.00068717593302689993 2.5000000000000004 31.340000000000003 6.3545000000000007 3.5645000000000002 1.5000000000000002 1.5000000000000002 7.0135000000000014 401892.27500000008 296699.06500000006 9.1110000000000024 7.488500000000001 -61.069999999996064 80493.460000000006 67204.473333333342 9.2350000000000012 10.817000000000002 4.5695000000000006 2296643.9561703983 1.0000000180025095e-35 272079.50500000006 7.5000000000000009 11.500000000000002 33.63750000000001 91.549042211350425 12.500000000000002 4.5305000000000009 248409.55000000002 75.000000000000014 212153.08500000005 -286.12499999999994 7.4730000000000016 108589.73000000001 105339.91500000002 347.50000000000006 236.50000000000003 343.50000000000006 119650.00000000001 9.7185000000000024 128850.00000000001 -55.444999999999702 1.0000000180025095e-35 80355.35000000002 178.50000000000003
decision_type=2 2 2 2 2 2 2 2 2 2 2 2 2 2 2 2 2 2 2 2 2 2 2 2 2 2 2 2 2 2 2 2 2 2 2 2 2 2 2 2 2 2 2 2 2 2 2 2 2 2 2 2 2 2 2 2 2 2 2 2 2 2
left_child=2 49 3 11 7 18 48 20 9 -9 -10 22 15 14 -14 16 -13 -15 30 -20 21 -5 25 24 -24 26 -1 -27 -25 31 -6 32 33 35 -35 -4 40 -38 43 -40 41 -33 -42 -34 -8 -17 61 -31 -7 50 51 59 -53 56 55 -55 57 -52 -22 -2 -61 -3
right_child=1 46 29 4 5 6 44 8 10 -11 -12 12 13 17 -16 45 -18 -19 19 -21 58 -23 23 28 -26 27 -28 -29 -30 47 -32 36 38 34 -36 -37 37 -39 39 -41 42 -43 -44 -45 -46 -47 -48 -49 -50 -51 53 52 -54 54 -56 -57 -58 -59 -60 60 -62 -63
leaf_value=0.0016507766067232279 0.037602716587481461 0.038588243352715337 0.0010718917049088502 -0.0087459668841991713 0.008875154143643052 0.070881751283200498 0.045365505023426969 -0.0058630887697027302 -0.010671703292461211 0.049948700375454493 0.0052290760752583491 -0.016347958734317745 0.0094355491964245048 -0.0070628873881261245 -0.033001608728445563 -0.054783840938221785 0.017676747564527213 0.020952600348622476 -0.0019556507041346206 0.026501210586185139 -0.071788207962925205 0.033999955803658298 0.0050194540519830346 0.00064726928629618111 0.0111478812013484 0.0066869774628574939 -0.014504688774932132 0.036633981974623461 0.0060923724942936507 -0.0073094039157611092 0.057041880446387833 0.0063916037227065188 0.030874985069179468 0.084869529188782836 0.0084951658662689271 -0.047308093360635017 -0.0002836149164406507 0.072191853056371547 0.030607651867549615 -0.030546839787095756 0.028048258551819579 -0.014767690172531302 0.0089675022372074312 0.010668113112752125 -0.013250413420385491 -0.0091602564355062858 0.050763639737468204 -0.072264676688069795 0.036943127168473318 0.017130833000347599 0.051941775137988228 0.037744908986853787 0.01319593339877502 0.051595502604073695 0.038740602281718585 0.034123769575269823 0.043415716218708461 0.036723063596268833 -0.036106578205982627 0.043002839393602069 0.015950045260228734 0.044934826039714416
leaf_weight=5078.7205978631973 687.185835942626 199.57151514291763 67.569056361913681 562.45093020796776 9399.5354093313217 38.248924419283867 19.744828432798386 53.562265127897263 361.46990516781807 83.000511020421982 1584.2377887368202 263.4693463742733 93.548369720578194 116.07406899333 123.41948494315147 60.205029055476189 89.348437279462814 327.8817780315876 937.51478256285191 105.03233359754086 13.505139991641045 48.982350453734398 18962.3423050493 6033.3621260523796 3466.2821911722422 311.24835015833378 356.17152129113674 96.933795854449272 3513.2057485282421 20.953934207558632 24.147134467959404 9721.9728591144085 394.89512394368649 18.840899303555489 124.6289242208004 54.477875754237175 27.835226520895958 30.946687802672386 20.891421169042587 33.720267549157143 174.75637957453728 142.90625736117363 6355.3294510096312 153.50982339680195 34.63224583864212 30.812531635165215 1654.2888031899929 13.879243567585943 16.766151458024979 28.612723022699356 44.036742746829987 31.669720366597176 50.60187603533268 46.1429323554039 4468.9810655862093 805.11415153741837 682.12713196873665 503.11054736375809 10.972317650914192 52.010506972670555 58.414001613855362 2993.84419234097
leaf_count=17844 1439 455 220 2023 29443 82 48 181 1283 215 4990 1073 331 451 538 279 307 1110 3103 296 65 144 61967 20296 10931 1089 1385 294 11413 68 59 30189 1033 39 367 227 86 64 58 119 444 502 18281 424 116 121 3735 67 46 66 84 66 123 87 9296 1727 1397 1075 48 105 141 6546
internal_value=0.0110553 0.0415199 0.00566696 0.00493498 0.00700748 0.00846448 0.0344393 0.00133871 0.00396602 0.0280584 0.00227506 0.00422713 -0.00312151 0.00432697 -0.0147043 -0.0142132 -0.00773146 0.0136278 0.00819299 0.000911261 -0.00726432 -0.00532156 0.0044418 0.00497671 0.00596659 0.00151462 0.00059204 0.0137987 0.00265111 0.00786906 0.00899858 0.00795162 0.0156498 0.000576024 0.0185249 -0.0205234 0.00754526 0.0378723 0.022287 -0.0071525 0.00743653 0.00608508 0.00947814 0.0252187 0.00803358 -0.0393387 0.0466626 -0.0331908 0.0605388 0.0381771 0.0382582 0.0350859 0.0226458 0.0386843 0.0381534 0.0350708 0.040982 0.0379479 -0.0557935 0.0363691 0.028692 0.0445382
internal_weight=81879.7 12305.7 69573.9 52216.8 13293.8 10575.6 109.392 2718.18 2082.27 136.563 1945.71 38923 1104.76 660.924 216.968 443.835 352.818 443.956 10466.2 1042.55 635.911 611.433 37818.3 31975.2 22428.6 5843.07 5434.89 408.182 9546.57 17357.1 9423.68 17322.3 868.533 265.517 143.47 122.047 16453.7 58.7819 603.017 54.6117 16395 9864.88 6530.09 548.405 54.3771 91.0176 4847.7 34.8332 55.0151 7458.01 7429.39 879.882 82.2716 6549.51 5320.24 851.257 1229.27 547.147 24.4775 797.61 110.425 3193.42
internal_count=250101 26342 223759 171571 42142 33193 292 8949 6669 396 6273 129429 4210 2430 869 1780 1380 1561 32901 3399 2280 2167 125219 104607 72898 20612 19229 1383 31709 52188 29502 52053 2487 853 406 447 49566 150 1634 177 49416 30691 18725 1457 164 400 10736 135 128 15606 15540 1874 189 13666 11110 1814 2556 1159 113 1685 246 7001
is_linear=0
shrinkage=0.05


Tree=37
num_leaves=63
num_cat=0
split_feature=22 19 0 6 35 17 16 10 10 17 8 13 13 4 28 28 15 17 28 10 28 28 8 16 15 20 16 17 14 16 16 16 11 17 13 15 13 1 29 7 15 13 28 17 28 0 25 11 13 7 15 1 19 4 8 17 11 16 15 0 10 8
split_gain=5064.45 85.493 57.0026 37.4106 28.3759 26.125 38.6618 42.4948 33.8344 44.5795 33.3792 51.2879 32.3207 27.6962 52.0394 63.6659 53.574 30.4947 32.1316 28.0657 41.2361 27.0164 24.6298 32.2168 24.1387 26.9307 34.9113 58.2198 24.7159 24.0747 25.563 23.9577 23.6073 23.2778 22.0553 21.3525 21.2784 25.2668 23.7245 20.5527 42.7462 36.0221 43.4567 30.4547 28.4 20.518 29.2366 39.3938 27.9268 25.411 25.5346 24.3585 17.2681 15.1668 16.0313 13.8176 11.6922 8.81523 4.89185 3.9799 7.21138 3.96447
threshold=1.0000000180025095e-35 45.000000000000007 4.5000000000000009 5.5000000000000009 2.5000000000000004 14.873000000000003 20.364500000000003 0.99411361950185495 0.98840682927127987 22.303000000000001 223916.22000000003 282508.06916666677 520362.64500000008 1.5000000000000002 385808.51500000007 368455.13500000007 6.7455000000000007 5.4690000000000003 401892.27500000008 0.92079361096708012 236257.47500000003 364657.27500000008 111649.22000000002 18.696000000000005 6.4955000000000007 75.000000000000014 7.3430000000000009 4.2520000000000016 3057575.2057118495 5.0835000000000008 3.4235000000000002 18.595500000000005 2487605.260109927 33.025000000000013 415144.11469889345 5.964500000000001 204882.25833333333 4.5000000000000009 207080.09000000003 344.50000000000006 6.5205000000000011 353805.50166666677 173502.83000000005 14.684000000000003 141094.30500000002 3.5000000000000004 11.500000000000002 -349.73500000001508 104260.41 177.50000000000003 3.1325000000000007 3.5000000000000004 75.000000000000014 1.0000000180025095e-35 168877.43000000002 28.958000000000002 -92.495000000002605 14.125000000000002 7.4730000000000016 4.5000000000000009 0.95165545401493945 275739.87500000006
decision_type=2 2 2 2 2 2 2 2 2 2 2 2 2 2 2 2 2 2 2 2 2 2 2 2 2 2 2 2 2 2 2 2 2 2 2 2 2 2 2 2 2 2 2 2 2 2 2 2 2 2 2 2 2 2 2 2 2 2 2 2 2 2
left_child=2 58 3 4 45 13 7 8 33 -10 36 55 -13 17 15 16 -15 19 21 20 -4 -19 56 -24 25 28 35 -28 31 30 -16 -5 -21 -7 -20 -27 37 -8 -38 41 -41 42 -26 -43 -42 49 47 -47 -48 50 -1 -51 -3 54 -6 -12 -9 -31 59 -2 -61 -62
right_child=1 52 5 24 53 6 10 22 9 -11 11 12 -14 14 29 -17 -18 18 34 32 -22 -23 23 -25 39 26 27 -29 -30 57 -32 -33 -34 -35 -36 -37 38 -39 -40 40 44 43 -44 -45 -46 46 48 -49 -50 51 -52 -53 -54 -55 -56 -57 -58 -59 -60 60 61 -63
leaf_value=-0.015857684108491671 0.037718610398704916 0.043666413872992881 0.052820443911440799 0.0086068348141284078 0.047029514178000248 0.00054347401197930596 0.029181733146376138 0.044537646658246673 0.03273780306196105 -0.0024918115903280404 -0.066541939024084465 0.024635487530989601 -0.03419658882607219 0.013090720632839864 -0.037528052379150488 0.10355811163139986 -0.022171651841357054 -0.0045259390566311751 0.038979142707241572 0.0026929244680827021 -0.037707116327799918 -0.03098253853346021 -0.022796748326814571 0.040741151270187466 0.0011142758282781018 0.0042939182916751318 0.02385642640848086 -0.029856198600514014 0.047095566801364362 -0.070331977131523379 0.038970683112253768 0.015071514164078341 -0.057402006344870471 0.034396338127761099 0.0050079246407108832 0.042566466304499062 0.08351249734482534 -0.0053744933132454922 0.027077040513278507 -0.066020953124104984 0.012627268156116015 0.0050634952510877178 0.022256338943880419 -0.039755957781555884 -0.0034125680082096699 -0.00080807574929265972 -0.0063777849863781363 0.017126731414176286 0.0031293612108250143 0.0048127933119762774 0.019214575858022803 0.0077543121842907391 0.050070227758907876 0.056457882356383049 -0.0090150495718933823 -0.010163664209782413 0.00073651961961374013 -0.02787102748436698 0.016447181377001678 0.046756688396532492 0.034591334071396376 0.026441329134833019
leaf_weight=57.289576381444931 6317.6373941153288 3096.7851796746254 58.655638039112091 8632.2940565645695 22.571310192346573 1046.2356171011925 213.59641011059284 22.079027771949768 238.15360400080681 144.14763671159744 28.218495801091194 139.87248785793781 28.021831199526787 925.59657736122608 23.018210098147392 18.103935763239861 121.89938439428806 3242.5602749139071 59.772869691252708 2483.1827421933413 16.013548225164413 99.453446969389915 284.12821888923645 21.457289129495621 452.69939182698727 183.99142742156982 69.624969676136971 183.18047465384007 44.327130973339081 28.380125686526299 20.778393015265465 1718.4452060908079 16.450470969080925 53.370103061199188 238.09325578808784 45.444157868623734 31.614339619874954 70.310546025633812 45.314749002456665 24.202926725149155 380.91276209056377 92.160299524664879 524.83964958786964 64.378058448433876 1001.6614638119936 496.45601211488247 855.20502565801144 798.85275886952877 7980.7478537857533 25973.604825213552 551.3415561914444 9653.8467113077641 1594.8501627147198 39.502190157771111 29.353643298149109 17.675354465842247 49.156953617930412 21.471236392855644 28.319584906101227 102.12816296517849 635.19700972735882 195.02808684110641
leaf_count=194 13509 7001 146 25270 55 3598 591 59 741 501 128 432 110 3116 101 34 489 12148 184 9165 66 422 1150 61 1367 550 187 630 98 140 67 4731 80 143 868 108 62 246 128 97 1089 279 1437 229 3213 1725 3045 2492 27776 82674 1515 29527 3735 84 95 64 164 88 66 208 1378 445
internal_value=0.0105355 0.0405802 0.00537454 0.00595329 0.00528163 0.00184094 0.00633322 0.00282899 0.00664129 0.0194544 0.0176683 0.00201235 0.0148163 0.00035841 0.00745336 0.0105939 0.00898716 -0.000965143 -0.00391076 0.00319975 0.0334059 -0.00531325 -0.0121635 -0.0183353 0.00827883 0.0093038 -0.00224707 -0.0150632 0.00983966 -0.0282818 -0.00123481 0.00968011 0.00229743 0.00218655 0.0118249 0.0118745 0.0269441 0.0206238 0.0502694 0.00389099 -0.000146612 0.00889947 0.0124654 -0.013369 0.00100656 0.00522675 0.00323759 0.0102528 0.00220919 0.00578291 0.0159133 0.00560985 0.0458433 0.0331095 0.015347 -0.0448287 0.0143123 -0.0520438 0.0371876 0.0372686 0.0342191 0.0326768
internal_weight=81653.7 11969.9 69683.7 59876.9 46458.8 9806.78 2433.35 1858.73 1481.91 382.301 574.624 213.788 167.894 7373.43 1159.25 1065.6 1047.5 6214.18 3639.88 2574.3 74.6692 3342.01 376.821 305.586 13418.2 10877.3 482.241 252.805 10395.1 93.648 43.7966 10350.7 2499.63 1099.61 297.866 229.436 360.836 283.907 76.9291 2540.85 1406.78 1134.08 977.539 156.538 1382.57 46367.3 10131.3 1295.31 8835.95 36236.1 608.631 35627.5 4691.64 91.4271 51.925 45.8939 71.236 49.8514 7278.31 7249.99 932.353 830.225
internal_count=250101 26342 223759 188467 149182 35292 8178 6417 4983 1242 1761 734 542 27114 4035 3639 3605 23079 13622 9457 212 12570 1434 1211 39285 31574 1475 817 30099 396 168 30001 9245 3741 1052 658 1027 837 190 7711 4399 3312 2804 508 4302 148948 35038 4217 30821 113910 1709 112201 10736 234 150 192 223 228 15606 15540 2031 1823
is_linear=0
shrinkage=0.05


Tree=38
num_leaves=63
num_cat=0
split_feature=23 19 0 0 15 9 13 10 15 10 7 25 16 14 7 15 16 9 7 9 15 29 9 10 10 16 7 14 9 15 11 21 28 28 10 21 13 25 9 10 15 16 3 13 9 10 14 28 16 16 9 19 7 11 14 7 18 15 8 8 10 0
split_gain=4767.1 86.2228 51.3018 23.2477 26.5412 20.8881 43.389 48.6889 37.6212 48.8886 39.4699 37.1566 36.0345 35.7276 33.1089 30.5725 31.0756 40.2413 29.3454 28.4148 40.9743 49.8001 33.9163 30.7125 26.2769 51.1652 25.9401 25.7789 24.4203 21.0781 20.0211 25.0661 19.7684 33.9832 61.6608 30.6606 43.6176 30.6471 30.3837 45.92 34.8192 24.447 23.8101 19.7311 47.8319 20.2995 19.7234 19.1183 18.9599 55.2307 29.2117 17.6326 12.4424 21.3442 9.90481 7.73986 5.62081 4.6995 4.02935 5.53313 4.88489 6.26918
threshold=1.0000000180025095e-35 45.000000000000007 4.5000000000000009 1.5000000000000002 2.5695000000000001 118650.00000000001 122179.86666666668 0.93285431344452385 3.4275000000000007 0.97568431768493247 350.50000000000006 17.500000000000004 24.260000000000002 240.88700172073237 231.50000000000003 5.6995000000000013 9.7635000000000023 82350.000000000015 175.50000000000003 128850.00000000001 4.7885000000000009 124567.78500000002 148950.00000000003 0.99650893969356302 0.98789757253505528 6.9110000000000005 228.50000000000003 77.746612412603511 126250.00000000001 2.9155000000000002 -315.14499999998947 1.0000000180025095e-35 106868.75500000002 103129.84500000002 0.98022239911899967 24.500000000000004 277176.37666666677 9.5000000000000018 115350.00000000001 0.95057883052630177 7.1520000000000001 16.853000000000005 2.5000000000000004 64388.834999999999 68150.000000000015 0.98530978424637772 73.90624030029069 114115.21000000001 23.015000000000004 24.045000000000005 643950.00000000012 75.000000000000014 355.50000000000006 -89.184999999997657 122.09069879341043 339.50000000000006 5.5000000000000009 7.4730000000000016 108589.73000000001 105339.91500000002 0.95272827594962084 4.5000000000000009
decision_type=2 2 2 2 2 2 2 2 2 2 2 2 2 2 2 2 2 2 2 2 2 2 2 2 2 2 2 2 2 2 2 2 2 2 2 2 2 2 2 2 2 2 2 2 2 2 2 2 2 2 2 2 2 2 2 2 2 2 2 2 2 2
left_child=2 57 3 4 30 8 7 -7 9 11 -11 14 13 -9 -4 16 17 -10 -18 20 21 -8 27 -24 47 -26 -13 -21 -22 -12 31 55 33 35 41 42 -37 -36 39 56 -41 -35 -5 52 46 -46 -45 -17 50 -50 -40 -3 54 -54 -6 -1 -34 58 59 -2 -60 -62
right_child=1 51 5 32 43 6 19 12 15 10 29 26 -14 -15 -16 24 18 -19 -20 22 28 -23 23 -25 25 -27 -28 -29 -30 -31 -32 -33 38 34 37 36 -38 -39 48 40 -42 -43 -44 44 45 -47 -48 -49 49 -51 -52 -53 53 -55 -56 -57 -58 -59 60 -61 61 -63
leaf_value=0.083733924113650354 0.034354417794118124 0.042807081548226697 -0.037143496295142429 0.0042042340466587431 0.056520102548465269 0.061137899431015524 0.013242419429742283 -0.021445830819315219 -0.020274234295643748 0.086082722504359277 -0.0027246220507000547 0.026755780669257198 0.030951838297664 -0.070824068505984328 0.03996851835127635 0.016665275025885603 0.050141650427385678 0.014707427807732685 -0.026062452470531728 0.018699131566968213 0.024126125151300571 0.095253837037039199 0.0031900897433109255 -0.007409084063760109 -0.028915664872581105 0.013640468545330894 -0.051875526358697834 -0.011461410849546367 -0.024315675567030477 0.040608802993138376 -0.0091390585095310964 0.0018326157252898058 0.07520705416365632 -0.039749614214321695 -0.036352411888697353 0.02967037954172564 -0.029331767637970303 0.012196032449574186 0.0052166429480914288 0.014394570644050191 -0.017308831243851804 -0.00082115408486749795 -0.0045637407167701217 0.0029565755314713044 0.0053435593185697178 0.009731476047429008 -0.060216710522237107 0.065414479992400784 0.024268290132084445 0.0065170747551108734 -0.0085717885339291651 0.049391143819230376 -0.038087365931369403 0.025857714576169078 0.022716500339218817 0.04571843255161382 0.042992734993533566 0.015785574696461229 0.041170328355922513 0.020467543533595648 0.036916583727564428 0.031864594714109552
leaf_weight=26.23261447250843 760.71301133930683 3003.3917346149683 18.110272437334061 8340.2955134361982 38.678570479154587 16.67833212018013 42.285281211137772 132.0984248816967 122.01696410775185 37.073772221803665 39.788593873381615 14.140430256724356 23.246964082121849 50.690324351191521 60.162654146552086 344.98079042136669 13.534337252378462 252.00206628441811 189.80172558128834 78.170592769980431 53.834181874990463 32.922794923186302 6234.1443349719048 767.61236621439457 104.10454738140106 219.65894317626953 40.614707097411156 756.27899648249149 50.348840534687042 95.220209330320358 21.355482906103134 22.900152117013931 26.473685294389725 159.04333624243736 37.483311742544174 215.0714438855648 36.662764295935631 244.86403675377369 33487.34612929821 961.20514896512032 95.181734398007393 54.031566724181175 853.52896252274513 18.575652182102203 5391.313389390707 5156.9942957162857 36.89669343829155 21.357097402215004 497.22524434328079 3690.8212027549744 388.57772891223431 1537.4001412093639 17.716934457421303 49.539594307541847 49.279320850968361 27.347016021609306 27.71764475107193 28.038513362407684 564.34876745939255 79.197963416576385 4971.6192757487297 700.62009289860725
leaf_count=45 1685 7001 67 27021 78 41 146 531 491 72 139 38 69 245 153 1092 35 822 775 273 183 73 22301 3023 424 726 170 2885 200 268 69 69 50 617 143 600 139 767 106865 2907 336 174 2922 58 15782 15077 157 50 1380 11409 1347 3735 64 131 125 67 68 66 1221 189 10875 1570
internal_value=0.01004 0.0396547 0.0050979 0.00564622 0.00774006 0.00174606 0.000738083 -0.0210307 0.00702663 0.0227889 0.0403863 2.52748e-05 -0.0276822 -0.0351392 0.0221269 0.00323222 -0.00525771 0.00329529 -0.0209902 0.00134293 0.0210185 0.0491434 0.000892508 0.00202809 0.0103351 -4.32455e-05 -0.0315691 -0.00863599 0.000715511 0.027838 0.033665 0.0456171 0.00518339 0.0031921 -0.00957268 0.00386162 0.0210773 0.00575093 0.0056887 0.0138408 0.0115381 -0.0298781 0.00339024 0.00750431 0.00724526 0.00748878 -0.0390623 0.0195073 0.00545085 0.00862459 0.00505848 0.0450363 0.0252023 0.00901309 0.0375813 0.0643308 0.0587302 0.0362152 0.0362961 0.033045 0.036734 0.0362926
internal_weight=81428.6 11645.3 69783.2 59972.4 10856.8 9810.88 8238.31 222.714 1572.57 305.111 172.083 133.028 206.036 182.789 78.2729 1267.46 577.355 374.019 203.336 8015.6 179.391 75.2081 7836.21 7001.76 690.101 323.763 54.7551 834.45 104.183 135.009 97.8353 76.4798 49115.5 9940.98 495.422 9445.56 251.734 282.347 39174.5 1110.58 1056.39 213.075 9193.82 10759 10603.8 10548.3 55.4723 366.338 38064 4188.05 33875.9 4540.79 155.214 67.2565 87.9579 53.5796 54.1913 7104.54 7076.5 839.911 6236.59 5672.24
internal_count=250101 26342 223759 188467 31722 35292 29970 886 5322 907 479 428 845 776 220 4415 2123 1313 810 29084 602 219 28482 25324 2292 1150 208 3158 383 407 250 181 156745 32383 1701 30682 739 910 124362 3361 3243 791 29943 31472 31074 30859 215 1142 121001 12789 108212 10736 398 195 203 112 118 15606 15540 1874 13666 12445
is_linear=0
shrinkage=0.05


Tree=39
num_leaves=63
num_cat=0
split_feature=22 22 0 2 8 4 9 9 1 16 16 14 16 10 16 16 29 14 9 10 8 10 13 15 16 12 0 15 9 29 25 9 15 15 1 8 22 9 16 25 12 1 8 29 15 9 13 8 12 12 21 10 12 15 15 8 8 10 0 14 16 16
split_gain=4484 86.7944 46.1782 23.9019 47.5216 33.4377 30.3553 74.8818 30.8077 27.8034 42.5817 34.4572 24.1066 57.5066 90.3059 41.2369 25.8429 38.2105 32.6417 25.1202 49.1274 30.5463 22.8846 22.6854 38.1867 22.2227 20.92 23.6937 19.9778 19.2604 50.3761 30.9042 41.028 39.331 29.7798 29.723 17.9848 17.7995 32.0818 23.0695 24.4866 17.5133 36.5355 39.135 37.5062 18.6285 41.1989 33.4596 16.0448 13.5904 25.7064 10.1826 6.85079 4.72822 4.51179 3.91801 5.36123 4.79857 6.0927 5.68876 4.03088 4.01655
threshold=1.0000000180025095e-35 1.5000000000000002 4.5000000000000009 3.5000000000000004 109545.07000000002 1.5000000000000002 437850.00000000006 606600.00000000012 4.5000000000000009 20.149500000000003 26.742000000000004 288.90478873098715 27.444500000000001 0.9880276969361671 29.948000000000004 26.238000000000003 262707.39000000007 402.56385435032672 133050.00000000003 0.96140661720286025 508440.94500000007 0.97237698822657215 635126.83154553885 7.2115000000000009 10.787000000000001 -0.00071369891615089985 1.5000000000000002 2.5695000000000001 494000.00000000006 202123.24500000002 15.500000000000002 158750.00000000003 6.4065000000000003 6.682500000000001 3.5000000000000004 210935.81500000003 2.5000000000000004 68150.000000000015 26.742000000000004 18.500000000000004 -0.0014877754814635498 3.5000000000000004 80355.35000000002 91433.220000000016 7.2645000000000008 459200.00000000006 453346.72333333344 277425.80000000005 -0.0014958955525468498 -0.0019065309173733997 1.0000000180025095e-35 0.98157180636874553 -0.0011841627460179498 6.7455000000000007 7.4730000000000016 108589.73000000001 106534.72000000002 0.95272827594962084 4.5000000000000009 188.60481510437606 10.222000000000003 9.0090000000000021
decision_type=2 2 2 2 2 2 2 2 2 2 2 2 2 2 2 2 2 2 2 2 2 2 2 2 2 2 2 2 2 2 2 2 2 2 2 2 2 2 2 2 2 2 2 2 2 2 2 2 2 2 2 2 2 2 2 2 2 2 2 2 2 2
left_child=2 54 26 12 5 23 9 8 -8 11 -11 -6 15 16 25 19 18 -18 -14 20 -4 -21 -9 24 -5 -15 27 49 -16 31 35 33 -33 -29 -32 -31 -3 38 39 48 -41 45 44 -44 -43 47 -47 -39 -28 50 -1 -17 -53 -40 55 56 -2 -57 60 -60 -59 -58
right_child=1 36 3 4 6 -7 7 22 -10 10 -12 -13 13 14 28 51 17 -19 -20 21 -22 -23 -24 -25 -26 -27 37 29 -30 30 34 32 -34 -35 -36 -37 -38 41 53 40 -42 42 43 -45 -46 46 -48 -49 -50 -51 -52 52 -54 -55 -56 57 61 58 59 -61 -62 -63
leaf_value=0.066661867506205938 0.033119098443614138 0.041958670014397653 -0.0085928658338335091 0.023192723847554032 -0.0073668748077312845 0.066952887492104915 -0.061564718505785654 0.07766063745410666 0.027552366444478005 0.034624335709911074 -0.0085386601053446427 0.0088827244573458971 0.047518582853639919 0.039656995422036712 -0.045932932709166707 -0.014469272273009518 0.091627624095968183 0.024781926444295371 -0.00042376486969880796 0.0097026630890179027 0.078233026044028819 -0.0002322972397820449 0.00048866887964703115 0.05507902869848328 -0.020486869192783964 -0.010475092715922152 -0.0048883095062730308 0.0080889329532565415 0.022455000510518956 -0.029843065660700909 0.0044453567826327227 0.0093319654765581187 0.023186583939771434 -0.0054432972971693409 0.015293639519681873 -0.0022390852423367228 0.048724320647574815 0.0039047380343461046 -0.072902136072102761 -0.0069644461621843476 0.014359977423073876 0.022968709518753159 -0.00020126986324394241 0.0074423420932599772 -0.047131160131880227 -0.040598378912256004 0.00093658641159813795 0.0076423783470948616 -0.041267902500610465 0.0057062147146180403 -0.00042261070165903938 -0.026037568355162341 -0.071305520956162188 -0.034906306169955721 0.015145591263907602 0.040236580762499606 -0.0009801592767524109 0.034502338085732727 0.038854704916811443 0.028311685522149011 0.037384857303860645 0.028042527887257473
leaf_weight=44.210061073303223 772.65389490127563 2913.2208634018898 1016.1240944713354 212.39825142920017 570.65828801691532 38.784011870622635 68.771246626973152 17.665285840630531 11.289944693446158 168.11051724851131 86.561899960041046 761.68274247646332 52.902421623468399 77.085164725780487 100.77683934569359 22.357577830553055 33.050541386008263 60.534570321440697 107.95241877436638 906.48355241119862 16.557135403156281 5281.327890470624 21.05790901184082 36.014487072825432 65.458214178681374 30.993853881955147 73.196473628282547 3026.896176353097 11.944712609052656 109.11404913663864 2153.6229693591595 2327.6500799357891 693.5826308131218 652.74562232196331 895.7304270863533 917.69091604650021 1481.9293162226677 26855.4640648067 13.892194077372549 264.31711193919182 274.35426361858845 466.45130150020123 2026.7971132099628 9636.4824764579535 19.895190834999084 61.851866662502289 1718.7149120122194 7705.9226880371571 51.726226791739464 33.206720948219299 21.093755543231964 12.262587785720823 26.2481809258461 19.940001785755157 27.769150048494339 548.96720266342163 20.255022153258324 2399.4069523513317 170.12735250592232 516.04147259891033 2452.436605989933 28.97360759973526
leaf_count=86 1753 7001 3765 596 2051 82 333 32 35 464 299 2517 133 225 462 83 67 181 362 3111 43 19740 78 69 231 119 244 8728 39 385 6459 6673 1871 2033 2500 2823 3735 86658 65 917 855 1299 6645 29520 81 241 5690 24248 199 100 64 49 126 83 66 1221 55 5425 369 1201 5450 66
internal_value=0.00956685 0.0387425 0.00483568 0.00165606 0.00644572 0.0231541 0.00299145 -0.0213886 -0.0489977 0.00481624 0.0199534 0.00192282 0.000384974 0.0112957 -0.00737523 -0.000327145 0.0274981 0.0483892 0.0153437 1.83316e-05 -0.00720077 0.00122312 0.0356941 0.017742 0.0129026 0.0252806 0.00535526 0.00733976 -0.0386861 0.00711663 0.00440648 0.00876522 0.0125126 0.0056884 0.00763198 -0.00517244 0.0442399 0.0049165 -0.00301443 -0.000593045 0.00389644 0.00503056 0.00667396 0.00611407 0.0201011 0.00448115 -0.000506221 0.00473809 -0.0199519 0.0317499 0.0449929 -0.0413093 -0.0568913 -0.0505082 0.0352593 0.0353401 0.0320998 0.0357777 0.0353357 0.0309257 0.0359594 0.0161012
internal_weight=81211.4 11331.8 69879.6 9815.05 2058.45 352.655 1705.8 118.784 80.0612 1587.01 254.672 1332.34 7756.6 475.241 220.801 7281.36 254.44 93.5851 160.855 7220.49 1032.68 6187.81 38.7232 313.871 277.856 108.079 60064.5 10875.5 112.722 10777 4076.16 6700.87 3021.23 3679.64 3049.35 1026.8 4395.15 49189 697.426 663.594 538.671 48491.6 12149.6 11663.3 486.346 36342 1780.57 34561.4 124.923 98.5105 65.3038 60.8683 38.5108 33.8322 6936.63 6908.86 821.883 6086.98 5538.01 686.169 4851.84 49.2286
internal_count=250101 26342 223759 35292 6787 978 5809 478 368 5331 763 4568 28505 1588 845 26917 743 248 495 26659 3808 22851 110 896 827 344 188467 31722 501 31472 12167 19305 8544 10761 8959 3208 10736 156745 2363 2215 1772 154382 37545 36165 1380 116837 5931 110906 443 250 150 258 175 148 15606 15540 1874 13666 12445 1570 10875 121
is_linear=0
shrinkage=0.05


Tree=40
num_leaves=63
num_cat=0
split_feature=22 19 6 0 15 10 27 11 9 15 34 7 18 29 10 15 21 17 7 29 18 8 24 9 17 9 29 7 27 15 17 5 16 18 17 8 16 19 16 16 13 9 17 17 27 9 14 15 16 29 9 27 14 13 29 29 7 10 0 29 9 16
split_gain=4191.49 88.1282 39.1649 30.9925 26.6162 21.1008 24.125 30.6954 29.5399 31.3233 24.5172 21.8934 24.3304 40.9896 24.0531 31.2725 22.1788 20.303 30.6916 43.1847 38.2972 35.2276 24.9426 40.5382 64.3546 51.975 28.1458 36.4612 28.974 25.3631 66.8821 45.1707 27.218 34.3204 23.9572 20.6613 19.888 19.3727 18.7283 40.6437 33.8081 27.4578 26.1645 33.1405 23.1412 17.6619 57.8193 36.3126 31.5525 26.3167 39.5324 31.7971 16.1237 16.0341 11.6956 19.1282 8.98347 3.98003 4.15957 5.90295 5.22066 4.5534
threshold=1.0000000180025095e-35 45.000000000000007 10.500000000000002 4.5000000000000009 2.5485000000000002 0.99460403842948353 109686.95500000002 -85.994999999995329 444750.00000000006 5.4615000000000009 1.0000000180025095e-35 178.50000000000003 11.000000000000002 194511.34000000003 0.96018957528285476 5.4835000000000003 5.5000000000000009 14.155500000000002 220.50000000000003 368065.11500000005 15.500000000000002 319787.68000000005 1.0000000180025095e-35 380300.00000000006 3.7115000000000005 575050.00000000012 335326.58500000002 228.50000000000003 164041.03000000003 6.7245000000000008 7.4540000000000015 1.5000000000000002 28.947500000000002 13.500000000000002 13.915000000000001 155176.52500000002 6.3675000000000006 75.000000000000014 11.111000000000002 12.085000000000003 202831.09000000003 282850.00000000006 14.611000000000002 14.941500000000001 157967.34500000003 88350.000000000015 235.21336740079008 4.6275000000000004 26.742000000000004 160867.73000000001 170350.00000000003 2006713.0345442481 103.21477234746553 346257.12333333358 262707.39000000007 186803.90000000002 167.50000000000003 0.97652349968410757 4.5000000000000009 311033.90000000008 372850.00000000006 8.3975000000000026
decision_type=2 2 2 2 2 2 2 2 2 2 2 2 2 2 2 2 2 2 2 2 2 2 2 2 2 2 2 2 2 2 2 2 2 2 2 2 2 2 2 2 2 2 2 2 2 2 2 2 2 2 2 2 2 2 2 2 2 2 2 2 2 2
left_child=2 57 3 5 54 11 7 52 10 -10 -8 12 16 -14 15 -13 -1 22 19 20 21 -19 29 26 -25 -26 28 -28 -24 32 31 -31 33 -4 -32 -34 -16 -3 42 41 -41 -40 44 -44 -20 46 48 -48 -6 51 -51 -47 -7 -9 55 -5 -21 -2 61 -60 -61 -59
right_child=1 37 17 4 45 6 8 53 9 -11 -12 14 13 -15 36 -17 -18 18 38 56 -22 -23 23 24 25 -27 27 -29 -30 30 34 -33 35 -35 -36 -37 -38 -39 39 40 -42 -43 43 -45 -46 49 47 -49 -50 50 -52 -53 -54 -55 -56 -57 -58 58 59 60 -62 -63
leaf_value=0.01455898944884804 0.036030238448488912 0.041074470025685289 0.008742107624503951 -0.052840617147845076 -0.0019887511172132044 -0.022283323116828409 0.0096152725494450825 0.0063542715051163601 -0.019653731307963898 0.0074798096389730078 -0.013452035330953183 0.0029803983371314113 -0.019872326214947937 0.015271575899895508 0.0028094483673189331 -0.0070819283304464622 -0.00058676843948071277 -0.0086090685368678949 0.074836471448802219 -0.08028644924444131 0.058087222017758636 0.036241677122321972 -0.006673195464694354 0.073708543936796087 0.018486415916059769 -0.073107900574604909 0.02200435271975773 -0.049587956074571671 0.0065832834319862867 0.020556789946177302 -0.069734458671991392 -0.026287238278299638 0.02455773187384715 0.024047778580281343 -0.0082513959111028511 -0.035088285400827264 0.0052691277546680747 0.048194541995864905 -0.053461216820211432 0.0025923784575198538 0.01950048302247669 0.016940949851669336 -0.025592900251431041 0.017999683465725877 0.023633760363474737 -0.0025703620998968665 0.011167347091080169 0.072377640565906037 0.041683002966768121 0.020754956478790134 0.0023994940378070915 0.049640319950709638 -0.0012237358228492634 -0.0030685846060426584 -0.070042341201386235 0.013419901938053994 -0.026435069185640828 0.032013850164840665 0.031642976720206238 0.0015614179452350903 0.02683373261725884 0.035448868247936513
leaf_weight=1355.5196775496006 2263.2839510291815 2824.6174006909132 2626.0028776973486 21.273415789008141 383.62118928134441 157.08430513739586 6672.2358771413565 3078.8631117939949 187.31335887312889 246.12102323770523 117.21422532200813 2867.8799474090338 172.51367151737213 159.84342893958092 12755.355175748467 1056.6521303206682 294.16554076969624 275.15897089242935 36.449407905340195 18.261971324682239 29.415862739086151 52.064892902970314 732.53366419672966 48.138927429914474 117.08107043802738 17.849252596497536 25.170506700873375 60.605467453598976 942.53080989420414 182.1771937161684 44.943264365196228 71.722811326384544 19.636587262153625 425.6211995780468 24.470703318715096 55.709655165672302 23103.596909344196 1443.6020584404469 41.462246164679527 561.14575976133347 624.85747191309929 20.795831680297852 45.642578557133675 973.61967743933201 55.923170909285545 3415.6796637624502 43.521472901105881 54.661519557237625 46.35706739127636 314.59730471670628 4340.0317751318216 29.412575602531433 215.67492850124836 529.03504586219788 15.04655024409294 22.319356948137283 13.446971058845518 1642.7021207213402 472.16862240433693 32.347125068306923 55.491009756922722 2337.6562523841858
leaf_count=3848 5204 6999 7635 98 1409 570 20741 9816 677 777 398 9191 605 475 41336 3566 895 854 63 79 61 125 2263 98 308 73 67 224 2760 524 193 270 53 1153 82 195 72684 3772 152 1567 1613 56 154 2554 144 12741 139 121 111 1019 15828 83 710 1759 74 78 46 3821 1089 88 131 5340
internal_value=0.00926997 0.0378506 0.00473631 0.00430589 0.00153767 0.00475986 0.00668667 0.00356128 0.00840912 -0.00424624 0.00921703 0.00424299 0.00937175 -0.00297026 0.00398747 0.000271189 0.0118583 0.00799547 0.0114934 -0.00153192 0.00343972 -0.00147282 0.00621335 0.00168367 0.0240769 0.00636987 -0.000644484 -0.0285796 0.000786004 0.00876539 -0.00456655 0.00732408 0.0101439 0.0108768 -0.0480597 -0.0195435 0.0043942 0.0434826 0.0136368 0.00943344 0.0115006 -0.029945 0.0183569 0.0160476 0.0438379 0.00176585 0.0106249 0.045245 0.00271961 0.00118817 0.0036401 -0.00212461 -0.0100984 0.00497257 -0.0320343 -0.0189154 -0.0574494 0.0343174 0.0334636 0.0294289 0.017527 0.0340312
internal_weight=80869.9 11071.9 69798 61655.6 8686.52 52969.1 11203.5 3980.66 7222.88 433.434 6789.45 41765.5 1982.04 332.357 39783.5 3924.53 1649.69 8142.44 2748.24 388.349 356.64 327.224 5394.19 1943.91 183.069 134.93 1760.84 85.776 1675.06 3450.28 323.314 253.9 3126.97 3051.62 69.414 75.3462 35859 4268.22 2359.9 1248.26 1186 62.2581 1111.63 1019.26 92.3726 8627.88 528.161 98.183 429.978 8099.72 4654.63 3445.09 372.759 3607.9 58.6393 43.5928 31.7089 6803.65 4540.37 560.007 87.8381 3980.36
internal_count=249559 26444 223115 199749 31701 168048 35448 12855 22593 1454 21139 132600 5823 1080 126777 12757 4743 23366 7468 1165 1040 979 15898 5793 479 381 5314 291 5023 10105 1069 794 9036 8788 275 248 114020 10771 6303 3388 3180 208 2915 2708 207 31451 1780 260 1520 29671 16847 12824 1280 11575 250 176 125 15673 10469 1308 219 9161
is_linear=0
shrinkage=0.05


Tree=41
num_leaves=63
num_cat=0
split_feature=22 22 6 0 22 10 27 9 25 12 18 29 7 18 9 10 10 9 7 17 7 28 18 14 25 9 9 17 17 2 1 29 28 29 18 9 10 17 17 14 9 17 10 10 1 17 2 13 9 2 17 17 17 10 0 12 13 20 5 27 17 10
split_gain=3937.81 88.386 35.2456 27.8961 19.706 18.947 21.654 26.849 27.4773 24.8235 21.8121 19.8099 19.6809 22.3816 39.6534 22.3821 21.6537 28.8497 18.8235 18.2682 27.5961 47.8979 32.8265 37.4784 22.7188 47.4652 60.682 35.1889 25.4926 61.1865 25.1959 24.2952 29.8937 28.9648 19.996 36.332 24.5132 19.9922 17.8141 31.5181 65.3975 31.18 43.1792 30.0977 26.5249 29.1823 25.6804 25.6217 25.581 23.0296 20.3269 17.6419 16.3791 33.8279 28.1026 27.7462 20.6977 18.5113 17.6248 16.1503 5.52149 3.88827
threshold=1.0000000180025095e-35 1.5000000000000002 10.500000000000002 4.5000000000000009 2.5000000000000004 0.99460403842948353 109686.95500000002 125450.00000000001 2.5000000000000004 -0.0016315107539505 9.5000000000000018 1.0000000180025095e-35 178.50000000000003 8.5000000000000018 116650.00000000001 0.97338800290927174 0.96018957528285476 105950.00000000001 357.50000000000006 14.155500000000002 220.50000000000003 368455.13500000007 15.500000000000002 1323.0659895989268 18.500000000000004 380300.00000000006 575050.00000000012 3.7115000000000005 13.481000000000002 2.5000000000000004 3.5000000000000004 119934.41000000002 89825.335000000006 335326.58500000002 13.500000000000002 133950.00000000003 0.9880276969361671 13.915000000000001 12.670500000000002 263.97664337966165 84450.000000000015 8.9570000000000025 0.98327574308261456 0.92079361096708012 1.5000000000000002 14.756500000000001 2.5000000000000004 261581.33333333334 483850.00000000006 1.0000000180025095e-35 13.167000000000002 9.2350000000000012 22.522000000000002 0.97959083354911103 4.5000000000000009 -0.00099298559135744982 535789.22707222064 75.000000000000014 2.5000000000000004 97979.110000000015 22.186500000000002 0.97652349968410757
decision_type=2 2 2 2 2 2 2 2 2 2 2 2 2 2 2 2 2 2 2 2 2 2 2 2 2 2 2 2 2 2 2 2 2 2 2 2 2 2 2 2 2 2 2 2 2 2 2 2 2 2 2 2 2 2 2 2 2 2 2 2 2 2
left_child=2 61 3 5 -3 12 9 10 -9 11 -8 -7 13 15 -15 -1 17 -14 -18 24 21 22 23 -21 25 31 27 -27 34 37 -31 32 -4 -33 36 -36 -26 -30 41 44 -41 43 51 49 45 -40 -45 -44 -42 -5 -46 -43 55 54 -54 58 -55 -57 -22 -11 -23 -2
right_child=1 4 19 38 -6 6 7 8 -10 59 -12 -13 16 14 -16 -17 18 -19 -20 20 52 60 -24 -25 28 26 -28 -29 29 30 -32 33 -34 -35 35 -37 -38 -39 39 40 48 42 47 46 50 -47 -48 -49 -50 -51 -52 -53 53 56 -56 57 -58 -59 -60 -61 -62 -63
leaf_value=0.0098684412326612934 0.035105925695056904 0.040243504540098819 0.007087951261565824 -0.010828397442882828 0.047549804415853159 -0.0099920999589796292 0.022679289458137575 -0.012817894111277321 0.0075871389192131381 0.0049237752405563223 -0.0029642839057270609 -0.06573651672408197 0.012353042522657598 -0.034972840276973054 0.0054342215361143573 0.029749963133656673 0.0054546523978148504 -0.0012618195277150333 0.0031495536011913643 -0.0082464729624568515 0.017580766429544672 -0.0780048863439603 0.053832389369821279 0.037995841877571886 0.0083369171362291921 0.073688102390538621 -0.055168222118226189 0.021472612064033985 -0.067530093698791968 0.03531231653069699 -0.026749260759656703 0.0036255606029983421 -0.024537679227284174 -0.027121171939096769 0.045596454344468351 0.011810755010299887 -0.017467374255679586 -0.011855126457592447 -0.029969668105587322 0.086325305101069782 0.0099481909561122493 -0.045708190990308234 0.0084742233115897136 0.0017301395309186733 0.031136745688597041 -0.0030793199036094586 -0.027811644387763436 -0.01267082862428163 -0.013991290926633183 0.052054496119906583 0.0026431137147088926 -0.014583543050268511 0.0002007042940282899 0.018984356975512057 -0.046999477618219765 0.00097236649241122248 -0.027047763578454329 0.04775861180912612 0.038129888523150607 -0.0091576288915467177 -0.034515663348696934 0.032538396776193565
leaf_weight=1317.0308114439249 2208.1480083763599 2740.935357041657 115.24276974797249 20.421049103140831 1391.3467576652765 122.14035506546497 481.89708054065704 169.287442445755 6489.0935432910919 3628.6732882559299 100.1592273414135 18.329141229391098 437.96661655604839 70.433067426085472 440.11620576679707 158.60791592299938 15880.112203732133 3486.8101861774921 20024.092090144753 275.17477405071259 1089.0443243831396 18.957132890820507 29.917918339371681 52.115366384387016 2778.396797850728 45.170342862606049 20.436160400509834 112.94505387544632 42.936454087495804 57.434018924832344 22.864545673131943 1264.4672604799271 212.50298637151718 81.536337211728096 97.711334630846977 428.65040150284767 95.18871146440506 25.821154415607452 128.00336566567421 27.175517708063126 1435.1072595268488 49.881315901875496 436.8549646884203 4277.2545450925827 67.97685407102108 476.39842113852501 74.851967692375183 213.16755421459675 120.99921561777592 50.729933544993401 790.04586791992188 521.64685061573982 316.77976275980473 415.89933581650257 35.021916806697845 344.37766596674919 25.942981198430061 22.524570733308792 115.40346777439117 215.72911255061626 11.867468476295469 4438.6357538700104
leaf_count=3803 5204 6999 333 72 3772 420 1375 577 20309 11621 332 79 1326 264 1345 411 49432 11431 64588 857 2820 84 62 120 8089 88 79 289 188 140 75 3734 723 278 231 1240 323 88 538 48 4818 217 1595 15927 217 1695 295 853 478 133 2781 2034 892 1056 135 1005 85 48 262 735 42 10469
internal_value=0.008832 0.0369613 0.00449336 0.00408525 0.0427035 0.00451549 0.00633941 0.00796857 0.00706835 0.00337925 0.0182666 -0.0172659 0.00402586 0.00888338 -0.000140154 0.0120054 0.00378363 0.000257466 0.00416908 0.00758285 0.0108977 -0.00146087 0.00369952 -0.000883174 0.00589326 0.00140466 0.0259103 0.0363895 0.00823596 -0.0120028 0.0176406 -0.00120953 -0.0134174 0.00176303 0.00912324 0.0180826 0.00748214 -0.046622 0.0014594 0.00454124 0.0094296 -0.000203437 -0.00727473 0.00174941 -0.000751111 -0.0087743 0.00122205 0.00153994 0.00808671 0.0340065 0.00490052 -0.0173 0.0129254 0.00707049 -0.00449808 0.0158826 0.0162816 0.00384463 0.0195497 0.0041336 -0.0612615 0.0333914
internal_weight=80664.4 10779.1 69885.3 61731 4132.28 53040.5 11225.3 7240.44 6658.38 3984.87 582.056 140.469 41815.2 1986.19 510.549 1475.64 39829 3924.78 35904.2 8154.33 2753.03 388.033 357.208 327.29 5401.3 1852.3 178.552 158.115 3549 149.056 80.2986 1673.75 327.746 1346 3399.95 526.362 2873.59 68.7576 8690.51 3045.71 1583.28 5644.81 1221.55 4423.26 1462.42 604.402 4352.11 650.023 1556.11 71.151 858.023 571.528 2364.99 793.644 351.802 1571.35 441.842 366.902 1204.45 3844.4 30.8246 6646.78
internal_count=249559 26444 223115 199749 10771 168048 35448 22593 20886 12855 1707 499 132600 5823 1609 4214 126777 12757 114020 23366 7468 1165 1039 977 15898 5524 456 377 10374 491 215 5068 1056 4012 9883 1471 8412 276 31701 10575 5344 21126 4699 16427 5231 2233 16222 2448 5296 205 2998 2251 6303 2168 1027 4135 1141 1053 3082 12356 126 15673
is_linear=0
shrinkage=0.05


Tree=42
num_leaves=63
num_cat=0
split_feature=22 19 17 17 15 15 1 3 15 18 18 14 0 25 13 15 13 10 10 10 1 5 5 15 13 27 10 13 0 14 14 19 25 29 15 17 11 13 15 1 15 13 15 18 15 29 28 10 7 10 7 12 15 14 29 2 4 29 28 28 18 17
split_gain=3696.46 88.4816 30.5747 56.7336 37.423 39.2414 74.4795 37.1187 36.5698 34.135 33.9735 36.4815 32.6329 33.6526 31.6632 58.9136 38.7383 31.0388 29.2872 28.3788 28.1796 28.1471 27.4935 26.6446 35.4074 42.6117 22.5317 22.5003 21.9254 21.3288 38.5994 20.0201 19.8974 19.4782 18.7418 17.8881 19.7649 17.6739 17.5736 41.9536 35.8076 30.2349 18.3828 26.8635 17.1489 16.1936 31.3248 14.4587 8.42388 4.0261 3.87265 5.87539 6.59562 6.58098 7.07796 5.56427 7.54336 8.12345 6.0881 3.62165 3.52962 4.7359
threshold=1.0000000180025095e-35 45.000000000000007 16.146000000000004 15.958500000000003 3.4040000000000004 3.7695000000000003 4.5000000000000009 1.5000000000000002 3.9855000000000005 9.5000000000000018 1.0000000180025095e-35 602.8381890108642 3.5000000000000004 61.000000000000007 106769.32666666668 7.4025000000000007 141307.12333333335 0.98490778745363672 0.97841064160722768 0.97456033417344012 1.0000000180025095e-35 2.5000000000000004 1.0000000180025095e-35 5.3295000000000003 145618.81666666668 250731.14000000004 0.991908474590256 180179.45000000001 4.5000000000000009 326.12294593452566 581.9767607190264 75.000000000000014 13.500000000000002 131929.00000000003 2.5485000000000002 15.794000000000002 -254.2750000000087 195916.78166666671 6.9175000000000013 1.5000000000000002 6.9765000000000006 1808667.2186751498 3.4465000000000008 2.5000000000000004 7.4345000000000008 262707.39000000007 185772.07500000004 0.99448215762631242 348.50000000000006 0.98142292436190426 238.50000000000003 -0.0014799569388504498 7.2810000000000015 163.12953441843851 341730.62500000006 3.5000000000000004 1.0000000180025095e-35 265839.94000000006 108873.96500000001 127973.145 9.5000000000000018 6.0590000000000002
decision_type=2 2 2 2 2 2 2 2 2 2 2 2 2 2 2 2 2 2 2 2 2 2 2 2 2 2 2 2 2 2 2 2 2 2 2 2 2 2 2 2 2 2 2 2 2 2 2 2 2 2 2 2 2 2 2 2 2 2 2 2 2 2
left_child=2 50 3 28 9 6 10 23 12 20 11 -6 17 -14 15 -10 -16 -7 -9 -8 27 -12 32 24 -5 -26 -20 -4 38 49 -31 -3 -22 -21 45 44 -37 -24 42 40 -40 -41 43 -1 -36 46 -30 -44 -25 -11 -2 55 60 59 -55 -52 57 -57 -58 -54 -53 -62
right_child=1 31 4 7 5 8 19 18 14 29 21 -13 13 -15 16 -17 -18 -19 26 33 22 -23 37 48 25 -27 -28 -29 34 30 -32 -33 -34 -35 35 36 -38 -39 39 41 -42 -43 47 -45 -46 -47 -48 -49 -50 -51 51 52 53 54 -56 56 58 -59 -60 -61 61 -63
leaf_value=-0.0010561031038372763 0.034934086018153669 0.039419878358895488 -0.044634915928432661 -0.07748391954174226 0.015004874876089714 0.053477525954341326 0.070757057620726066 0.044950314733783643 0.00091377749790624288 -0.024183584526082425 -0.036707697626923518 -0.06113686412199712 -0.068509161241799718 0.01413394058626867 0.012226953226969706 -0.058805018916493895 0.0054190269878358873 0.01110439279653002 -0.050320842611717223 0.040521472008804148 -0.0058840057715352223 0.0096126185599923614 0.088204236438720884 -0.036664918038873451 0.028724882353908111 -0.060690115058336984 0.015471466823235828 0.035230502600937262 -0.060774903977116462 0.057455827300300223 -0.031248207433385574 0.046912260903530179 0.033687104571749137 -0.02924642714777383 0.0014235865062796754 -0.073579840434307139 0.008493326294351242 0.041192063278170807 -0.016968968193310851 -0.0035176873971629755 0.010150771031114642 0.047964302552098687 0.0046117129669293634 0.0043866427493776091 0.025290278478378021 -0.068692055478358868 0.020309515719904542 0.007456099241542051 -0.073576671576534344 -0.062119168043091526 0.031188562162063189 0.034624224771055992 0.019585602040477764 -0.00086709060488878342 0.035153895067345203 0.02462093805411442 0.0071088865787740574 0.0048840713981172963 0.037103508450245924 0.039728707238212861 0.024409116932858119 0.033150618800652315
leaf_weight=3258.9112493395805 1287.9007136151195 2660.3561591058969 21.308082461357117 18.632423534989357 101.94733430445194 107.48200452327728 33.425203114748001 30.142554268240929 1770.4562185704708 14.378802731633188 203.11175316572189 18.601807340979576 15.439815089106558 60.925850763916969 2484.7041324079037 42.284757509827614 13138.596688479185 72.282034367322922 25.679590344429016 21.75217279791832 42.383440867066383 39.112257719039917 31.644058540463448 24.671485841274261 43.074934497475624 19.292069897055626 26.382674336433411 15.045969694852827 19.464049533009529 23.96045033633709 25.123265817761421 1341.0229278802872 126.8251289576292 18.523048117756844 7484.9497733414173 16.549072876572613 13.175942689180372 54.291457861661911 133.82987903058529 2477.0104636847973 1344.5643195062876 28.851392611861229 23366.341623410583 7449.0509143918753 76.029181927442551 16.171337738633156 30.695433378219604 5523.9915145039558 41.38505931198597 13.618228912353514 1466.4119312614202 2350.2531177699566 37.479178130626678 42.790704116225243 20.017092064023018 231.78144197165966 19.181005254387856 67.264002442359924 143.35701289772987 55.151926800608635 214.22867386043072 559.87976887822151
leaf_count=10458 3117 6999 80 82 289 229 65 72 5463 52 760 73 63 189 7296 177 40152 208 99 53 132 121 57 87 113 77 79 40 93 57 95 3772 330 65 27297 77 41 133 477 8396 4283 74 73420 23604 257 82 102 17429 179 58 3550 5582 95 120 45 584 53 189 336 123 539 1340
internal_value=0.00841428 0.036082 0.00426326 0.00363667 0.00600678 0.0056861 -0.00912444 -0.0211807 0.00605148 0.0217794 -0.018434 0.00325553 0.0248072 -0.00257506 0.00577597 -0.000479248 0.00650175 0.0364395 0.0057281 0.0366995 0.029604 -0.0292283 0.0354721 -0.0362228 -0.0170029 0.00106602 -0.0169804 -0.0115808 0.00374771 -0.00781095 0.0120531 0.0419309 0.0237753 0.00843439 0.00128015 0.00151139 -0.0372 0.0585034 0.00418123 0.00101597 0.00769579 -0.00292495 0.00449971 0.00273017 0.00166358 -0.0251822 -0.0111547 0.00515558 -0.0597905 -0.0426361 0.0324791 0.031872 0.0331596 0.0231071 0.0106129 0.0296815 0.0248939 0.0201815 0.0335639 0.0315787 0.0336597 0.0307315
internal_weight=80463.1 10497.1 69966.1 51468.8 18497.2 18128.6 436.474 229.261 17692.2 368.579 362.773 120.549 256.13 76.3657 17436 1812.74 15623.3 179.764 82.2048 73.7004 291.498 242.224 255.144 147.056 80.9994 62.367 52.0623 36.3541 51239.6 77.0807 49.0837 4001.38 169.209 40.2752 7657.03 7590.7 29.725 85.9355 43582.6 3984.26 1478.39 2505.86 39598.3 10708 7560.98 66.3308 50.1595 28890.3 66.0565 27.997 6495.7 5207.8 3279.8 155.439 62.8078 1928 461.583 299.045 162.538 92.6311 3124.36 774.108
internal_count=249559 26444 223115 166878 56237 55203 1426 788 53777 1034 1243 362 689 252 53088 5640 47448 437 250 183 772 881 652 538 272 190 178 120 166090 262 152 10771 462 118 27949 27672 118 190 138141 13230 4760 8470 124911 34062 27554 277 195 90849 266 110 15673 12556 7844 383 165 4712 1162 773 389 218 7461 1879
is_linear=0
shrinkage=0.05


Tree=43
num_leaves=63
num_cat=0
split_feature=23 19 6 0 15 19 15 25 14 13 0 14 29 11 34 27 9 16 15 4 27 17 17 17 7 28 14 11 25 9 9 11 15 17 16 15 28 27 16 16 13 9 17 17 25 2 29 6 16 9 5 0 15 12 7 12 15 21 2 4 29 28
split_gain=3467.23 88.3972 31.8395 22.8083 22.5347 20.3127 17.1289 48.1739 37.2913 42.7105 16.6797 31.1333 37.4504 36.9999 19.2462 41.0476 17.5086 16.5033 40.7332 43.8257 42.4482 23.7591 19.1268 15.6828 24.6368 43.7749 24.6626 22.2117 25.8874 39.47 56.429 27.993 25.0714 48.9561 22.7358 19.793 17.7433 17.0756 16.6012 36.3095 30.5433 24.9579 23.1146 29.7863 24.8949 15.4243 14.081 21.3552 18.216 10.6775 24.512 9.02306 6.10145 5.16859 3.78222 5.67434 6.3575 8.71761 5.33555 7.20487 7.59639 5.80972
threshold=1.0000000180025095e-35 45.000000000000007 10.500000000000002 4.5000000000000009 2.5485000000000002 75.000000000000014 7.4730000000000016 14.500000000000002 316.42400361673634 230126.54333333333 1.0000000180025095e-35 1129.0404019163077 80746.520000000019 -1056.4850000000004 1.5000000000000002 367309.83000000007 459200.00000000006 23.734000000000005 5.2415000000000012 1.5000000000000002 217858.06500000003 35.487500000000011 27.858000000000004 14.155500000000002 220.50000000000003 368455.13500000007 1323.0659895989268 -813.21499999998184 18.500000000000004 416900.00000000006 451850.00000000006 -565.75999999999465 6.7245000000000008 7.4540000000000015 28.947500000000002 4.0685000000000011 323314.61500000005 186475.55000000002 11.111000000000002 12.085000000000003 202831.09000000003 282850.00000000006 14.611000000000002 14.941500000000001 20.500000000000004 4.5000000000000009 277962.36000000004 19.500000000000004 12.909000000000001 254150.00000000003 1.5000000000000002 2.5000000000000004 5.9840000000000009 -0.00097188052691824986 238.50000000000003 -0.0014799569388504498 7.2810000000000015 21.250000000000004 3.5000000000000004 1.0000000180025095e-35 265839.94000000006 108873.96500000001
decision_type=2 2 2 2 2 2 2 2 2 2 2 2 2 2 2 2 2 2 2 2 2 2 2 2 2 2 2 2 2 2 2 2 2 2 2 2 2 2 2 2 2 2 2 2 2 2 2 2 2 2 2 2 2 2 2 2 2 2 2 2 2 2
left_child=2 54 3 6 49 -3 10 51 9 -9 11 13 -13 -1 16 -16 -12 21 20 -20 -19 22 -6 27 25 26 35 37 29 31 -31 -29 34 -34 -30 -25 -28 -4 42 41 -41 -40 44 -44 -26 -10 48 -48 -39 50 -5 -8 -27 -23 -2 58 -57 -58 -56 60 -60 -61
right_child=1 5 23 4 17 -7 7 8 45 -11 14 12 -14 -15 15 -17 -18 18 19 -21 -22 53 -24 24 38 52 36 28 32 30 -32 -33 33 -35 -36 -37 -38 46 39 40 -42 -43 43 -45 -46 -47 47 -49 -50 -51 -52 -53 -54 -55 55 56 57 -59 59 61 -62 -63
leaf_value=-0.057737757872095924 0.034037852230962784 0.038602720526439115 0.044732142776627064 0.040116058420514696 0.00047966312525218977 0.046280471514926098 -0.031476595474951338 0.005983970381292311 0.038316861884508863 -0.043922751766519039 0.0040097416745279299 -0.024008462089147191 0.031095642237445122 0.0066212273952104238 0.0078211918274816421 0.049919986270108768 -0.00039539187555125512 -0.0016084628241987337 0.0099269562050370904 -0.022382034456225438 0.070731910173782414 -0.062036615329477157 0.0137557938382888 0.03513322963470452 0.07123404505773806 -0.077292963046466656 -0.00070593298023811446 -0.020822822538861523 0.0090554832251008559 0.085358901742960624 -0.013435641992227449 -6.466416577873326e-05 0.0038854578934816963 -0.044605611693357153 -0.019362799579240295 -0.0066903989785066431 0.057378464522806538 -0.0063907026875715577 -0.051895101533795389 0.0014898478386595436 0.017528302386505504 0.015171048900456474 -0.025294269999710618 0.016057065407006351 0.018698487379921504 -0.012064570462418073 0.013464943681484334 0.049458218218236198 0.019883838995276654 -0.054377126428712376 -0.048475247425355632 -0.0741959175074247 -0.031306100829451157 -0.022927297914462214 0.030295251543112463 0.032754634617742563 0.026917598612429303 -0.0086052427491247543 0.023803749057549863 0.0067874694718268978 0.004655974847048527 0.036196861805077744
leaf_weight=22.506903767585754 1256.5278105214238 2582.8234518617392 41.178357779979706 13.576696157455446 7495.0721846818924 1292.5956017076969 24.712070226669312 119.09344103932381 69.753410339355469 66.981807231903076 46865.711647853255 35.492959380149841 234.8928650021553 2869.1055728346109 385.57595416903496 68.132686004042625 2369.7193421572447 34.260981187224388 622.542082041502 126.24420753121376 49.688542664051056 15.648530021309851 281.48200193047523 31.581615790724754 38.198488608002663 18.469483405351642 21.922294929623604 184.5243084281683 2695.8277735859156 31.089424967765808 27.011276736855507 1355.1242187619209 234.73047107458115 66.880757793784142 72.267480596899986 271.27871802449226 32.849252209067345 183.22849829494953 41.13546234369278 562.84597787261009 628.11602981388569 20.930390059947968 45.575719580054283 979.24914529919624 55.044338077306747 19.421446397900581 370.05328519642353 46.374045863747597 103.0760014206171 25.165981084108353 18.375821486115456 24.730950146913528 11.834512844681738 18.3593819886446 1434.9795101210475 3052.034014955163 133.18575701117516 19.844574958086014 227.85333865880966 19.087300345301628 67.037257432937622 139.6944308578968
leaf_count=86 3117 6999 94 42 27639 3772 92 398 200 295 148764 118 576 8237 1166 158 7780 121 2069 493 118 69 872 75 67 82 62 615 7737 50 86 4065 736 272 238 837 65 591 152 1567 1613 56 154 2554 140 64 1026 102 286 121 87 114 44 70 3550 7461 324 59 584 53 189 336
internal_value=0.00801535 0.0352127 0.00404498 0.00365762 0.00128438 0.0411635 0.00404592 -0.00740312 0.000759479 -0.011981 0.00411626 0.00763742 0.0238622 0.00612029 0.00389218 0.0141431 0.00379772 0.00149124 0.00818243 0.00447971 0.0412088 0.000777845 0.000960209 0.00697858 0.0100464 -0.00163452 0.00325465 0.0054144 0.00413553 -0.00102588 0.0394289 -0.00255249 0.00682199 -0.00686719 0.00831356 -0.00232912 0.0341302 0.0134383 0.0119576 0.00800554 0.00994856 -0.0292785 0.0163866 0.0142181 0.0402206 0.0273443 0.0116046 0.0174732 0.00306872 -0.030018 -0.0108326 -0.0528444 -0.0593339 -0.0409232 0.031581 0.0309749 0.032256 0.0223111 0.028801 0.0240745 0.0194509 0.0326615
internal_weight=80272.3 10225.7 70046.6 61876.2 8700.42 3875.42 53175.8 324.693 275.25 186.075 52851.1 3162 270.386 2891.61 49689.1 453.709 49235.4 8643.3 832.736 748.786 83.9495 7810.56 7776.55 8170.4 2759.03 387.936 357.632 5411.37 4667.46 1597.75 58.1007 1539.65 3069.71 301.611 2768.1 302.86 54.7715 743.91 2371.1 1253.03 1190.96 62.0659 1118.07 1024.82 93.2428 89.1749 702.732 416.427 286.304 57.1185 31.9525 49.443 30.304 34.0079 6350.24 5093.72 3205.06 153.03 1888.65 453.672 294.891 158.782
internal_count=249559 26444 223115 199749 31701 10771 168048 1163 957 693 166885 9017 694 8323 157868 1324 156544 31451 2801 2562 239 28650 28511 23366 7468 1165 1039 15898 13799 4816 136 4680 8983 1008 7975 912 127 2099 6303 3388 3180 208 2915 2708 207 264 2005 1128 877 250 129 206 126 139 15673 12556 7844 383 4712 1162 773 389
is_linear=0
shrinkage=0.05


Tree=44
num_leaves=63
num_cat=0
split_feature=22 22 6 17 17 17 12 20 1 13 13 9 9 3 17 13 13 16 16 22 0 9 15 15 15 10 10 6 24 17 9 15 1 24 3 17 11 15 14 9 14 3 16 16 15 17 9 6 14 17 15 14 17 0 29 12 10 15 9 16 17 34
split_gain=3249.44 88.1432 28.6845 20.8573 48.4361 67.8608 36.4977 35.4452 28.7631 25.2905 58.4292 38.909 25.2295 24.1154 23.1906 50.3032 79.9353 58.6841 38.6831 20.5815 19.4185 22.2613 20.1351 19.3954 22.4646 20.1968 16.232 30.181 26.7106 17.13 35.2257 31.3839 28.7249 30.2741 28.6946 16.3153 27.2274 22.6704 35.2167 31.3468 22.2841 21.0444 27.1303 25.5578 19.9495 19.2358 51.1217 17.6756 15.8626 15.7289 14.5893 13.7294 13.0022 13.4261 10.1227 7.02151 3.94607 4.35239 5.74844 7.81129 4.83798 5.75714
threshold=1.0000000180025095e-35 1.5000000000000002 10.500000000000002 16.449500000000004 17.058000000000003 17.348500000000005 -0.0011159863919786997 75.000000000000014 2.5000000000000004 106769.32666666668 79310.218333333352 202250.00000000003 80350.000000000015 2.5000000000000004 15.794000000000002 83527.158333333355 123202.64333333336 15.912000000000001 10.787000000000001 2.5000000000000004 4.5000000000000009 690550.00000000012 2.5485000000000002 3.4275000000000007 3.1105000000000005 0.92377850063357558 0.92079361096708012 13.500000000000002 1.0000000180025095e-35 6.7795000000000014 351650.00000000006 3.0125000000000006 1.5000000000000002 1.0000000180025095e-35 1.5000000000000002 15.190500000000002 -813.21499999998184 4.6815000000000007 399.0839962341899 416900.00000000006 907460.99727082055 2.5000000000000004 13.424000000000001 20.149500000000003 4.2415000000000012 16.613500000000002 228150.00000000003 20.500000000000004 1610.9884165063181 16.759500000000006 5.3045000000000009 212.25933469679535 7.2870000000000008 3.5000000000000004 290806.66000000003 -0.0042960940449765991 0.97652349968410757 4.4385000000000012 104550.00000000001 3.0505000000000004 8.9570000000000025 1.0000000180025095e-35
decision_type=2 2 2 2 2 2 2 2 2 2 2 2 2 2 2 2 2 2 2 2 2 2 2 2 2 2 2 2 2 2 2 2 2 2 2 2 2 2 2 2 2 2 2 2 2 2 2 2 2 2 2 2 2 2 2 2 2 2 2 2 2 2
left_child=2 56 3 14 7 6 8 12 -6 10 -7 -11 -5 -14 20 50 18 -18 -17 -3 23 22 -22 24 -1 -25 27 28 52 30 31 -29 33 -31 -34 36 41 39 -39 -38 45 43 -43 -28 -42 46 -37 -47 -23 -9 -16 -8 53 -4 -46 -30 57 58 59 -2 61 -59
right_child=1 19 26 4 5 9 51 49 -10 11 -12 -13 13 -15 15 16 17 -19 -20 -21 21 48 -24 25 -26 -27 35 29 55 32 -32 -33 34 -35 -36 40 37 38 -40 -41 44 42 -44 -45 54 47 -48 -49 -50 -51 -52 -53 -54 -55 -56 -57 -58 60 -60 -61 -62 -63
leaf_value=0.0032342024407314911 -0.010950113334248715 0.037791303125661119 -0.06773296623498519 -0.040393178941033635 -0.019853560580453553 0.011294747896034742 -0.030570329138220827 -0.068525642235070128 0.011845884799547646 0.0085556106963609341 -0.0086007202769332117 0.0030822251215739532 0.022567041030360765 -0.008429157669596149 0.015893868207835091 -0.073855878292823293 0.0070365268866315724 -0.024503855513071465 -0.013780107148199614 0.045653100677780729 -0.028952143489845518 -0.061133178274654615 0.001072919360576091 0.016575521268605495 -0.0020371031121205457 0.0040126899467446183 0.023390745901443598 0.046642662430421269 -0.079827754738462375 -0.0029920891728794454 0.074574554458097742 -0.0062114225991668076 0.020103592234112302 -0.074107062562769541 -0.031564952082269129 0.0031471220868644375 0.0067174673299929856 0.0044565632689999995 -0.0097733380237494602 0.038344614314790838 0.033769162286886499 -0.044197529881040712 0.031482137890752063 -0.0098744021407532728 -0.016501266131572875 0.011024442429706675 0.048131646097925904 -0.010988570999985101 0.0090179652889814995 -0.0045635668544230998 0.070321011048661883 -0.071823370656739147 0.013539290865245333 -0.0019006595022440333 -0.062619593017237726 -0.032594473444674615 0.029808538225291392 0.025076299455541958 0.031472202164104186 0.02541221190574048 0.037491780334814116 0.038481996677491845
leaf_weight=6218.6233580559492 17.963075444102287 2508.2747784331441 13.975476756691934 17.686525329947472 180.02210392057896 593.53077408671379 71.572705462574959 15.608744516968725 118.77405229210854 6102.5100095272064 975.63226589560509 6939.0078208893538 748.27557624876499 68.494675874710083 23.869480758905411 61.988423213362694 515.58880078792572 206.56225329637527 47.197469651699066 1246.0259596481919 56.312906488776207 24.702740356326103 6612.3381647616625 323.50132800638676 2994.402358815074 28931.783480867743 446.82961855828762 37.458289206027985 21.773359060287476 33.740307778120041 22.147135868668556 112.25156822800636 103.40052224695683 26.894424468278885 36.306411415338516 132.46709264814854 2450.8246407955885 1729.2539560943842 580.83821764588356 80.932382330298424 16.294758453965187 30.604789584875107 19.316845998167992 66.309749260544777 46.206429421901703 1875.4276368767023 120.7058375030756 95.852658644318581 11.959788978099821 25.015696406364441 25.429729118943214 28.082241073250771 33.539581403136253 17.371850177645683 16.024890258908272 12.320353567600248 4151.5916041061282 213.27842925488949 982.00950653851032 83.067892462015152 634.16890081763268 128.24537514895201
leaf_count=19915 56 6999 57 63 635 1712 262 64 342 18334 3227 21717 2090 229 69 271 1591 722 161 3772 250 122 24493 921 9803 92459 1188 84 94 105 39 361 272 113 125 368 7000 5145 1894 188 35 114 46 207 143 4993 250 290 44 79 54 120 93 56 61 45 10469 561 2492 216 1567 312
internal_value=0.0076353 0.0343524 0.00383845 0.00347096 0.00503328 0.0043666 -0.0159921 0.016468 -0.00725276 0.00492181 -0.00107532 0.00564338 0.0186883 0.0199677 0.00293211 -0.0051038 -0.00801385 -0.0019852 -0.0478871 0.0404006 0.00308876 0.000605762 0.000819375 0.00352157 0.00152093 0.00415161 0.00662143 -0.00238761 -0.0269266 0.00413816 0.0157196 0.00701298 -0.00579664 -0.034535 0.0066762 0.00717214 0.00567056 0.00446037 0.000878667 0.00772849 0.0106963 0.0160771 -0.0149138 0.0190921 -0.0154812 0.0116203 0.0245945 0.00995407 -0.038249 -0.0291391 0.0439687 -0.0421952 -0.00809896 -0.0312505 -0.028377 -0.0627592 0.0306961 0.0324859 0.0303038 0.0189471 0.034908 0.0301103
internal_weight=80082.2 9964.63 70117.5 61938.5 15884.2 15009.1 398.451 875.081 298.796 14610.7 1569.16 13041.5 834.457 816.77 46054.3 880.636 831.337 722.151 109.186 3754.3 45173.6 6705.31 6668.65 38468.3 9213.03 29255.3 8179.07 471.179 98.9806 372.199 171.857 149.71 200.342 60.6347 139.707 7707.89 5404.91 4841.85 2310.09 2531.76 2302.98 563.061 49.9216 513.139 78.5261 2224.45 253.173 1971.28 36.6625 40.6244 49.2992 99.6549 64.8869 31.3473 62.2313 34.0937 6210.32 2058.73 1083.04 101.031 975.693 341.524
internal_count=249559 26444 223115 199749 48874 46349 1359 2525 977 44990 4939 40051 2382 2319 150875 2868 2745 2313 432 10771 148007 24909 24743 123098 29718 93380 23366 1444 345 1099 484 445 615 218 397 21922 15782 14227 7039 7188 6140 1555 160 1395 239 5901 618 5283 166 143 123 382 206 113 204 139 15673 5204 2764 272 2440 873
is_linear=0
shrinkage=0.05


Tree=45
num_leaves=63
num_cat=0
split_feature=23 19 6 25 2 17 17 7 14 1 16 9 7 0 16 17 16 10 16 29 20 3 16 9 10 13 9 13 14 25 7 18 18 13 17 29 17 13 29 29 17 17 17 9 7 18 17 14 13 19 29 13 5 14 1 14 0 18 14 10 0 16
split_gain=3084.39 92.1705 33.2362 31.7823 31.4648 39.2885 31.6103 38.8073 33.2153 29.862 29.0696 27.3477 49.4331 27.3433 27.2845 37.8359 54.9341 33.4879 28.0947 30.1173 26.4208 27.697 25.2205 25.0111 26.5009 61.1038 42.9301 25.8295 32.223 30.2239 24.9122 30.7929 29.4343 23.8416 44.9767 33.4622 32.2988 57.9479 43.4315 25.2351 23.7424 35.0492 34.4572 26.9446 22.9674 28.8995 22.4938 21.4169 21.412 17.7696 17.4203 21.1048 17.0822 15.9123 11.5878 11.1921 10.8184 9.84485 8.55442 4.76654 5.58012 4.99144
threshold=1.0000000180025095e-35 45.000000000000007 8.5000000000000018 9.5000000000000018 1.5000000000000002 10.657500000000002 15.190500000000002 339.50000000000006 871.37767096730727 3.5000000000000004 29.438000000000006 59850.000000000007 357.50000000000006 4.5000000000000009 20.849000000000004 21.107000000000003 21.766500000000004 0.99254116186667229 19.472500000000004 146094.81500000003 75.000000000000014 1.5000000000000002 14.498000000000003 118650.00000000001 0.98727635626473009 135685.02750000005 297750.00000000006 97708.873333333337 115.50534835970767 61.000000000000007 164.50000000000003 3.5000000000000004 13.500000000000002 81295.953333333353 6.0590000000000002 75196.775000000009 10.817000000000002 93496.728333333347 290806.66000000003 77365.710000000006 14.000500000000001 14.684000000000003 14.941500000000001 73850.000000000015 338.50000000000006 8.5000000000000018 12.550000000000002 339.00946085792356 52021.587500000009 75.000000000000014 123714.08000000002 231438.6466666667 1.0000000180025095e-35 64.4949071170915 4.5000000000000009 676.08566192946967 2.5000000000000004 5.5000000000000009 128.31004701221187 0.97652349968410757 1.5000000000000002 6.4175000000000013
decision_type=2 2 2 2 2 2 2 2 2 2 2 2 2 2 2 2 2 2 2 2 2 2 2 2 2 2 2 2 2 2 2 2 2 2 2 2 2 2 2 2 2 2 2 2 2 2 2 2 2 2 2 2 2 2 2 2 2 2 2 2 2 2
left_child=2 59 9 10 30 20 8 -8 -7 13 40 12 58 14 18 16 -16 -17 22 -20 47 -22 -1 27 25 -25 -26 28 -15 -29 31 55 -33 34 35 -13 38 -38 -35 -36 43 56 -43 57 52 -46 -45 -6 53 -3 -12 -52 -32 -14 -50 -5 -42 -4 -11 -2 -61 -62
right_child=1 49 3 4 5 6 7 -9 -10 11 50 33 48 23 15 17 -18 -19 19 -21 21 -23 -24 24 26 -27 -28 29 -30 -31 44 32 -34 36 39 -37 37 -39 -40 -41 41 42 -44 46 45 -47 -48 -49 54 -51 51 -53 -54 -55 -56 -57 -58 -59 -60 60 61 -63
leaf_value=0.0034450751890488999 0.031918638973146625 0.03756563727394388 -0.078547790051289632 0.025111368514845279 0.024842197686563705 -0.0011003710786348236 0.00074272052760585494 0.014836735891481052 0.019082522479413763 -0.033194348126198883 -0.073166977481153694 0.0057539404903408841 0.011796271431031352 -0.013833615022605225 -0.025334532882519981 0.017460151377947843 0.0046512151881138294 -0.012128085563613795 0.022193094611998577 0.004005292360889973 -0.036047117204526261 0.024685013897129602 -0.00098026475867388891 -0.02847185353578819 -0.0020524949535566349 -0.0028854344809527851 0.012835648072329873 0.038820218768869548 0.01043645724593216 0.0084935428804926386 0.0014814332016631923 -0.017939601733586587 0.044778193375923106 0.0052530032172152267 0.013888169636090334 -0.052085835091838978 -0.026492921511386602 0.003091891162612246 0.014877499480794455 0.038456637337402538 0.011851290522225834 -0.055756634695561517 0.0070457439519932916 0.0010635081975331037 0.00040300651854223793 0.012959466099332462 -0.020489645725721817 0.01281902585059083 0.057578138206947529 0.045015233124852387 0.010677628152806295 -0.05521938046145685 -0.013844576200887086 -0.060861055033523327 0.0039596829093295474 0.066030398215720779 0.051467361148522933 -0.018848150166580004 -0.075015772168345776 0.032858293546820308 0.025338364236692924 0.029450195960222154
leaf_weight=32232.655329406261 2008.4483352825046 2445.3412866666913 14.773789986968042 29.784857451915741 635.45113742351532 1414.6385054737329 684.36716152727604 1705.7356766015291 238.17058052122593 21.619479686021805 18.028182312846184 76.007713004946709 15.446709975600244 260.64256428182125 363.37383948266506 264.10851296782494 263.49841773509979 149.90784898400307 398.68628019094467 530.44591353833675 47.26955708861351 31.140525534749031 3576.860573515296 255.67683386802673 1822.4854471832514 2670.9336253702641 659.37766970694065 102.24744814634323 287.7435636818409 418.11043633520603 409.17133592069149 56.475136518478394 27.97355318069458 6126.5405254215002 326.60958881676197 37.266066268086433 169.70161516964436 6710.8581750839949 1449.4888758212328 153.70352697372437 24.609809756278992 22.452789455652237 801.24438719451427 1328.975991293788 1246.0623798966408 724.78440473973751 133.18640173971653 887.95799386501312 21.147001713514328 1190.0488465353847 30.114785268902779 20.368428632616997 327.20708510279655 14.713263615965841 19.248494446277618 38.070998623967171 57.490598067641258 12.966617569327353 28.145859748125076 740.79078440368176 1116.9786469340324 2175.707435362041
leaf_count=102844 5189 7003 65 78 1615 4262 2006 4437 636 85 73 257 51 1038 1388 756 889 508 1151 1641 164 80 11586 1077 6945 10024 2408 273 949 1430 1287 199 65 19454 935 150 617 20665 4369 371 64 88 2175 3967 3840 2095 437 2462 52 3737 84 78 1108 65 65 77 126 46 129 1871 2924 5593
internal_value=0.0072464 0.0337135 0.00360796 0.0061368 0.00758561 0.00975027 0.0071246 0.0108011 0.00180799 0.00314121 0.00113682 0.00505558 -0.0186872 0.00248499 0.00299959 -0.00498328 -0.0127304 0.00674679 0.00322577 0.0118096 0.0163773 -0.0119274 0.00300305 -0.000516518 -0.00189767 -0.00512074 0.00190296 0.00647293 -0.00109887 0.0144526 0.00331256 0.0229885 0.00283561 0.00524539 0.0150664 -0.0132748 0.00484214 0.00236221 0.00709442 0.0217502 0.00205519 0.00843899 0.00533384 -0.0018259 0.00220562 0.00502068 -0.00089974 0.0178342 0.00822859 0.0400043 -0.0309765 -0.0159098 -0.00532862 -0.0236489 0.0320289 0.0480693 0.0395923 -0.0506426 -0.0568474 0.0299285 0.0289375 0.0280553
internal_weight=80073 9677.32 70395.7 10968.5 8504.26 5644.73 4042.91 2390.1 1652.81 59427.3 2464.21 15170.5 120.321 44256.8 37779.5 1040.89 626.872 414.016 36738.6 929.132 1601.82 78.4101 35809.5 6477.22 5408.47 2926.61 2481.86 1068.74 548.386 520.358 2859.53 152.305 84.4487 15050.2 593.587 113.274 14456.6 6880.56 7576.03 480.313 2395.7 905.798 823.697 1489.9 2707.23 1970.85 1462.16 1523.41 70.5555 3635.39 68.5114 50.4832 736.378 30.16 40.3955 67.8559 82.1004 27.7404 49.7653 6041.93 4033.48 3292.69
internal_count=250103 26317 223786 31614 24411 15662 11341 6443 4898 192172 7203 47265 447 144907 120763 3541 2277 1264 117222 2792 4321 244 114430 24144 20454 11101 9353 3690 1987 1703 8749 419 264 46818 1713 407 45105 21282 23823 1306 6968 2453 2263 4515 8330 5935 4404 4077 233 10740 235 162 2395 116 117 155 190 111 214 15577 10388 8517
is_linear=0
shrinkage=0.05


Tree=46
num_leaves=63
num_cat=0
split_feature=22 22 6 21 15 17 15 25 28 1 15 15 4 29 9 10 15 12 17 15 18 15 15 17 15 17 15 25 10 15 10 0 15 29 6 17 8 10 15 0 0 28 22 7 10 10 0 10 15 17 10 7 17 15 18 34 17 4 15 14 18 17
split_gain=2886.08 91.5788 30.3694 26.8426 25.0239 25.0486 24.6341 43.3 30.9787 24.4151 32.8168 25.3272 26.53 26.9931 22.3855 21.4005 41.4495 25.8758 21.1161 35.1835 60.5151 39.7876 46.2304 41.2326 33.5239 71.433 46.0675 74.2572 58.7057 42.6673 31.7998 20.4862 23.428 20.0349 19.8145 19.0011 24.4156 21.8164 21.5057 29.3249 20.1436 18.8504 17.9904 11.0936 13.0633 4.62636 5.38571 4.96236 5.98874 6.55915 4.72639 5.79202 5.12936 7.25811 7.08074 8.8741 5.3251 4.25885 4.1525 11.0421 6.733 4.08646
threshold=1.0000000180025095e-35 1.5000000000000002 6.5000000000000009 1.0000000180025095e-35 7.488500000000001 5.259500000000001 4.7885000000000009 16.500000000000004 111947.04500000001 3.5000000000000004 2.5245000000000002 7.4535000000000009 1.0000000180025095e-35 95653.575000000012 73850.000000000015 0.9264383580245088 3.2505000000000002 -0.0020724507419464496 19.003500000000006 7.3185000000000011 7.0000000000000009 6.8955000000000011 6.7615000000000007 14.444500000000003 5.831500000000001 28.958000000000002 6.8520000000000012 20.500000000000004 0.99254116186667229 4.1655000000000006 0.97037911580525715 1.0000000180025095e-35 5.9840000000000009 148589.43500000003 16.500000000000004 29.831000000000003 125946.48000000003 0.97926012578653177 6.4785000000000013 1.0000000180025095e-35 1.0000000180025095e-35 95562.805000000008 2.5000000000000004 343.50000000000006 0.97787639389259273 0.97652349968410757 1.5000000000000002 0.97732103638925183 4.222500000000001 5.6095000000000015 0.97338800290927174 341.50000000000006 8.8520000000000021 3.3245000000000005 1.0000000180025095e-35 1.0000000180025095e-35 13.093000000000002 1.5000000000000002 3.3050000000000002 152.55372398671793 3.5000000000000004 22.303000000000001
decision_type=2 2 2 2 2 2 2 2 2 2 2 2 2 2 2 2 2 2 2 2 2 2 2 2 2 2 2 2 2 2 2 2 2 2 2 2 2 2 2 2 2 2 2 2 2 2 2 2 2 2 2 2 2 2 2 2 2 2 2 2 2 2
left_child=2 45 9 4 5 31 7 -7 -8 18 33 15 13 -13 43 16 -12 -17 19 21 30 22 -1 -23 25 29 27 -26 -28 -20 -21 34 -33 -11 -4 38 -37 -38 40 -40 -16 -22 61 -5 -45 50 -47 48 -48 -50 52 -52 54 56 55 -2 -54 -56 59 -49 -60 -3
right_child=1 42 3 14 -6 6 8 -9 -10 10 11 12 -14 -15 35 17 -18 -19 24 20 41 23 -24 -25 26 -27 28 -29 -30 -31 -32 32 -34 -35 -36 36 37 -39 39 -41 -42 -43 -44 44 -46 46 47 58 49 -51 51 -53 53 -55 57 -57 -58 -59 60 -61 -62 -63
leaf_value=0.0015824629060459221 0.0092104937637990381 0.037565087097998703 0.011410852121786956 -0.06750047444029604 -0.049212115872895111 0.00035149068592949651 0.015265912522222189 0.014284724452987793 0.0042030270795771997 0.06516364857486269 -0.014800946892141668 -0.062417533018085808 -0.060796664680590744 0.011533222898215133 -0.017340835993258228 0.00091612165393922893 0.03233076156225486 0.0057610283213690378 0.020219593640679021 0.052051592870163969 -0.05114513404101078 -0.0032218050177101826 0.014086486346970614 -0.029056723462626971 -0.0050536854014180243 -0.078416362590547128 0.0079314638825252921 0.014334671398314073 -0.0083873590652415574 -0.00081343032041049802 0.014683002745395482 -0.00016506865091385977 0.013290847013399363 0.0034550724916946811 0.061301501709569377 0.048273081396461096 0.026934091689014741 -0.0272634329843594 0.039266995603265464 -0.012001166347327927 0.0040709391202472366 -0.0067158773085735828 0.044392860141019952 0.013631524196213721 -0.044912178614170031 0.0319814713057038 0.033416869197378289 -0.0089741995380693967 -0.032453876323628443 0.013319093345261932 0.025711968956506889 0.040439608680733215 0.028616443336521625 0.034761289004349737 0.030963142047730638 0.035118909105047239 0.0072182828876383581 0.018926382740721885 0.024342100004667258 0.024886778785983978 0.029721674291584989 0.031369016441261638
leaf_weight=29716.836329460144 104.67970756441355 2069.8703630939126 76.022415548563004 14.918269187211989 20.033473446965218 704.51278267800808 743.54165656864643 2673.9684729725122 4248.7723431289196 36.022821024060249 63.882508486509323 15.693747058510779 28.938334301114082 57.739712581038475 115.74709935486317 3770.2759622037411 172.90879498422146 10243.153551027179 264.37225626409054 62.02058832347393 27.404320016503334 1803.4164955168962 758.06773939728737 168.90764431655407 608.53704789280891 28.557893306016922 1380.9404775053263 2620.448484569788 917.12913317978382 2741.3391355425119 693.79735587537289 2281.5134420543909 376.9230722039938 20.71851547062397 26.958854839205742 49.311986610293388 42.071884199976921 33.236644729971886 29.773788899183273 441.32147161662579 2153.3488874435425 185.31282818317413 1147.4802046492696 18.422445982694626 19.737675532698631 723.49097251147032 26.301429510116577 26.028739400207996 9.9373769015073758 36.845530800521374 91.663456320762634 245.70025206357241 97.673437386751175 694.22915786504745 554.05761518329382 48.301091872155666 41.397552169859409 84.725002013146877 822.84350688755512 320.98375701159239 1984.18447445333 305.36377856135368
leaf_count=98560 308 6080 205 62 83 2057 2049 7265 12465 73 213 70 130 184 356 11940 448 31817 744 158 122 6320 2340 650 1939 124 4251 7751 3100 8780 2205 7188 1147 65 52 96 99 105 66 1416 6270 692 3737 55 74 1871 67 82 35 105 248 609 262 1817 1460 124 123 238 2199 853 5176 923
internal_value=0.00690189 0.0328702 0.00342414 0.00550224 0.00661932 0.0067198 0.00808204 0.0113792 0.0058507 0.00290559 0.0046814 0.00453137 -0.0202497 -0.00427108 0.0012327 0.00470939 0.0196154 0.00445752 0.00229601 0.00172839 0.011119 0.00144808 0.0018935 -0.00543428 0.00451153 0.00028877 0.00682977 0.0106807 0.00141884 0.00103656 0.0177494 0.00259038 0.00174276 0.0426314 0.0244714 0.00182882 0.0209232 0.00301457 0.000960428 -0.00876096 0.00297872 -0.0124397 0.039252 -0.0309415 -0.0166492 0.0290682 0.0280825 0.0272084 0.014328 0.00359624 0.0310526 0.036438 0.0299345 0.0326727 0.0270527 0.0173906 0.0222468 0.0293666 0.0275068 0.0223469 0.0281447 0.0367685
internal_weight=79892.3 9435.76 70456.6 14070.1 11152.2 11132.2 8370.8 3378.48 4992.31 56386.4 14409.3 14352.6 102.372 73.4335 2917.89 14250.2 236.791 14013.4 41977.1 33415.8 968.535 32447.2 30474.9 1972.32 8561.32 3034.27 5527.06 3228.99 2298.07 3005.71 755.818 2761.42 2658.44 56.7413 102.981 2864.81 124.621 75.3085 2740.19 471.095 2269.1 212.717 3522.71 53.0784 38.1601 5913.04 3950.62 3227.12 73.0843 46.7829 1962.43 337.364 1625.06 833.3 791.763 152.981 139.071 638.783 3154.04 347.012 2807.03 2375.23
internal_count=250103 26317 223786 41110 32511 32428 23836 9322 14514 182676 44940 44802 384 254 8599 44418 661 43757 137736 111047 3177 107870 100900 6970 26689 9648 17041 9690 7351 9524 2363 8592 8335 138 257 8408 300 204 8108 1482 6626 814 10740 191 129 15577 10388 8517 207 140 5189 857 4332 2202 2130 432 385 1698 8310 935 7375 7003
is_linear=0
shrinkage=0.05


Tree=47
num_leaves=63
num_cat=0
split_feature=23 19 6 17 9 9 15 16 8 13 25 15 17 17 9 15 9 17 16 17 27 9 7 0 16 10 9 15 27 16 11 16 7 5 7 9 9 15 17 17 9 17 9 15 15 8 17 25 11 16 12 10 5 19 15 13 15 18 25 9 0 10
split_gain=2698.37 90.8053 27.3662 26.8328 45.3614 40.7727 47.2593 34.9133 38.1974 28.5245 27.9144 52.434 43.1403 43.4082 27.8146 27.8012 43.1188 28.5996 25.9475 23.6142 32.2664 24.4501 23.2532 23.2013 32.2644 53.3939 34.5975 38.0495 35.8561 38.4782 37.0636 33.4487 31.5971 41.2023 29.1187 26.2344 41.8479 42.2991 45.2612 39.5429 35.1317 43.5973 37.1329 31.9219 49.0231 29.5244 22.0302 21.1411 44.4257 26.8206 20.918 19.5436 27.7418 18.1843 16.6543 28.1997 19.8387 15.2841 16.2693 15.0511 4.51424 5.43245
threshold=1.0000000180025095e-35 45.000000000000007 8.5000000000000018 2.8085000000000004 321350.00000000006 258650.00000000003 2.7770000000000006 5.4515000000000002 125946.48000000003 421848.375 18.500000000000004 4.5885000000000007 13.233500000000001 12.550000000000002 575050.00000000012 4.3835000000000006 155850.00000000003 2.8805000000000001 12.817500000000003 5.259500000000001 347868.2900000001 59850.000000000007 164.50000000000003 3.5000000000000004 32.982500000000009 0.9890539815303071 323350.00000000006 6.6005000000000011 298236.87500000006 4.1515000000000013 -878.08499999999174 5.6790000000000012 353.50000000000006 1.0000000180025095e-35 231.50000000000003 549200.00000000012 459200.00000000006 5.7425000000000006 13.481000000000002 33.025000000000013 362700.00000000006 19.138500000000004 343050.00000000006 6.3215000000000012 7.1520000000000001 658358.28500000003 7.2870000000000008 10.500000000000002 -241.34999999999124 29.438000000000006 -0.0015956667857564498 0.95747264429538925 1.5000000000000002 75.000000000000014 6.7615000000000007 326425.59500000003 6.6655000000000006 15.500000000000002 15.500000000000002 279950.00000000006 1.5000000000000002 0.97652349968410757
decision_type=2 2 2 2 2 2 2 2 2 2 2 2 2 2 2 2 2 2 2 2 2 2 2 2 2 2 2 2 2 2 2 2 2 2 2 2 2 2 2 2 2 2 2 2 2 2 2 2 2 2 2 2 2 2 2 2 2 2 2 2 2 2
left_child=2 60 23 4 5 7 -7 22 -9 51 12 15 13 14 -5 17 -17 -12 -15 20 -13 -21 -4 35 26 32 28 31 30 -30 -25 -28 33 -26 -29 36 40 50 -39 43 42 -42 -1 45 -45 -37 -34 49 -49 -14 -38 -6 -53 -3 56 -56 -27 58 -11 -8 -2 -62
right_child=1 53 3 10 9 6 59 8 -10 57 11 19 47 18 -16 16 -18 -19 -20 21 -22 -23 -24 24 25 54 27 34 29 -31 -32 -33 46 -35 -36 39 37 38 -40 -41 41 -43 -44 44 -46 -47 -48 48 -50 -51 -52 52 -54 -55 55 -57 -58 -59 -60 -61 61 -63
leaf_value=0.0034301947760482852 0.031269121752231038 0.035975536247762653 0.046757556969150106 6.9286180129354426e-05 0.059321316843113106 0.026040191591250268 -0.063857822999007371 -0.015448593344562346 0.010849162940545052 0.015801094822058687 0.06239299593705161 -0.022079671054439139 0.0066268198180654452 -0.01628627315165351 -0.060263455865682936 -0.0040455799938493419 0.040080445719071128 0.011373907968617938 -0.070354697160807819 0.046274213683372777 0.047006934420389501 0.0049259072707560315 -0.020805692125894851 -0.012506616076671943 0.0063508372005516818 -0.048279549982254422 0.0015908735215737814 0.032917779925709018 -0.0058414581964920413 0.017995271779507462 0.0024552080924724767 -0.010229962946397702 -0.012506583291751503 -0.073640889317113933 0.0032609611130260344 0.017203234810646468 -0.0053332627814726037 0.026979759934299477 -0.0078414447389007543 -0.057868931922687772 0.0058593988174950604 0.021423027602906604 -0.0070054716085234366 0.045879109310460429 -0.016356644187759478 -0.004050148605875453 0.040054260923203681 0.0025239334176012712 0.033629088340590925 -0.035297059387483516 -0.022796501228715585 0.034103043022925529 -0.02035265601899305 0.043771589114262516 -0.052483435953012518 0.00010542563755420519 0.026514118196886406 0.037953719384165807 -0.035496410185966262 -0.02825892245127444 0.029935493733464005 0.026375901153527177
leaf_weight=34306.366441443563 1004.1683718264103 2307.9401394277811 13.436082094907759 1670.3252839446068 43.063763841986656 30.862694159150124 51.230924218893051 185.33785864710808 541.5571154654026 24.670520350337029 27.788480684161186 145.22715567052364 1048.6928781569004 65.050871387124062 19.324205547571182 75.147108733654022 210.284592628479 2385.1331609934568 33.677117362618446 36.135839954018593 19.12642565369606 3369.4713238924742 244.08567972481251 425.8079370111227 53.110521048307419 14.572096079587935 967.48673804104328 102.74937006831169 223.67243102192879 696.48093658685684 14829.169517442584 1568.8824584037066 27.897385135293007 23.099539637565613 425.61361308395863 405.59700892865658 351.30301722884178 161.79723055660725 220.5002293586731 19.773700088262558 2237.0657352507114 563.25818294286728 874.14900921285152 143.20356670022011 40.616174176335335 273.65315188467503 69.854601055383682 232.30122520029545 226.92721566557884 39.589443400502205 335.00062645971775 91.4631407558918 31.42265422642231 1106.619252294302 110.16643308103085 33.165975034236908 22.641180694103241 16.128247171640396 41.386076241731644 70.621451392769814 1620.9289834350348 3164.2234214991331
leaf_count=106327 2671 7003 33 4944 94 88 225 658 1606 68 59 487 2871 210 79 223 485 6477 138 83 45 9714 895 1614 173 61 3582 307 806 2207 51273 5951 104 108 1517 1154 1149 448 718 82 6836 1492 2828 336 137 885 188 658 521 139 1192 241 107 3737 512 115 70 41 161 264 4389 8517
internal_value=0.00657319 0.0320354 0.00324982 0.00554227 -0.000963197 -0.00518973 -0.0292277 -0.00146066 0.00414397 0.0184059 0.00648059 0.00844705 0.00278552 -0.00250372 -0.000620728 0.013707 0.0284632 0.0119615 -0.0347296 0.0044713 -0.0140398 0.00536464 -0.0172806 0.0028266 0.00141742 -0.0135296 0.00169283 -0.00317818 0.00261575 0.012201 0.00203758 -0.00572096 0.00623871 -0.0178949 0.00902825 0.00351807 0.00332537 -0.00643292 0.0068957 0.0120414 0.00359993 0.00898987 0.00317089 0.0136431 0.0321277 0.00864077 0.025054 0.00889802 0.0178945 0.00510172 -0.0138575 0.0303359 0.0201784 0.0385021 -0.032577 -0.0403148 -0.00277383 -0.00568364 -0.016338 -0.0432259 0.0282213 0.0275817
internal_weight=79720 9203.88 70516.1 10989.5 1385.27 1137.13 152.715 984.417 726.895 248.134 9604.2 6268.31 3335.89 1788.38 1689.65 2698.35 285.432 2412.92 98.728 3569.96 164.354 3405.61 257.522 59526.7 19594.4 354.508 19239.9 3064.73 16175.1 920.153 15255 2536.37 173.962 76.2101 528.363 39932.3 39049.4 1068.6 382.297 882.844 37980.8 2800.32 35180.5 863.07 183.82 679.25 97.752 1547.51 459.228 1088.28 686.304 165.95 122.886 3414.56 180.546 143.332 37.2133 82.1848 66.0566 121.852 5789.32 4785.15
internal_count=250103 26317 223786 31614 4481 3769 577 3192 2264 712 27133 17573 9560 5371 5023 7244 708 6536 348 10329 532 9797 928 192172 68588 1331 67257 11357 55900 3013 52887 9533 573 281 1824 123584 120990 3507 1166 2594 117483 8328 109155 2512 473 2039 292 4189 1179 3010 2341 442 348 10740 758 627 131 270 229 489 15577 12906
is_linear=0
shrinkage=0.05


Tree=48
num_leaves=63
num_cat=0
split_feature=22 19 6 21 13 15 1 15 15 10 16 18 9 16 9 12 13 17 15 15 4 0 17 15 10 10 19 15 15 15 16 17 16 15 15 9 9 8 17 27 10 16 15 15 14 17 27 10 17 10 21 14 15 13 16 10 17 21 15 13 27 8
split_gain=2520.68 89.8748 25.0624 23.2025 23.7825 22.8618 22.367 29.236 22.8018 26.2219 22.1209 29.3205 22.9952 26.3055 21.0531 36.9287 31.2892 20.903 20.8584 42.0159 26.2112 18.4556 30.8863 21.4806 41.8641 38.7059 18.3507 18.1858 42.4099 29.0694 17.8374 35.0159 44.0376 43.2283 34.7016 49.2877 25.8986 17.7592 17.4208 14.8409 13.5955 11.127 4.48517 5.38006 7.1447 5.26318 6.65358 4.74898 6.79845 6.51162 4.57018 5.10864 4.53673 5.29814 4.42107 4.38368 4.13438 3.7036 3.59219 3.5447 3.53531 3.05232
threshold=1.0000000180025095e-35 45.000000000000007 6.5000000000000009 1.0000000180025095e-35 73122.538333333345 7.488500000000001 3.5000000000000004 2.5245000000000002 7.4535000000000009 0.98258506919588418 29.146000000000004 18.000000000000004 97650.000000000015 15.912000000000001 59850.000000000007 -0.0014104095740085998 81295.953333333353 5.259500000000001 5.4835000000000003 5.4615000000000009 1.5000000000000002 4.5000000000000009 36.185000000000009 6.0810000000000004 0.98727635626473009 0.9857082264865995 75.000000000000014 5.7425000000000006 4.6275000000000004 7.230500000000001 11.931500000000002 16.449500000000004 17.391500000000004 4.831500000000001 7.4025000000000007 188050.00000000003 533550.00000000012 166354.75500000003 29.831000000000003 166491.285 0.98157180636874553 3.6515000000000004 7.2810000000000015 3.4615000000000005 115.50534835970767 29.273500000000002 141740.68000000002 0.97652349968410757 8.9570000000000025 0.97411539587761375 6.7500000000000009 650.16714960044828 3.9105000000000003 105540.49500000001 9.4010000000000016 0.97732103638925183 35.487500000000011 23.250000000000004 7.3375000000000012 1541008.4484885146 252153.05500000002 92406.280000000013
decision_type=2 2 2 2 2 2 2 2 2 2 2 2 2 2 2 2 2 2 2 2 2 2 2 2 2 2 2 2 2 2 2 2 2 2 2 2 2 2 2 2 2 2 2 2 2 2 2 2 2 2 2 2 2 2 2 2 2 2 2 2 2 2
left_child=2 42 6 5 41 17 21 37 14 -10 12 40 13 -6 15 -9 -16 27 19 -19 -20 30 23 24 -23 -25 56 28 -4 -29 34 33 -33 -32 36 -36 -1 -8 -14 -11 -12 -5 43 44 61 57 -47 48 49 -45 60 -52 53 -49 -43 -54 59 58 -44 -3 -46 -2
right_child=1 26 3 4 10 -7 7 8 9 39 11 -13 38 -15 16 -17 -18 18 20 -21 -22 22 -24 25 -26 -27 -28 29 -30 -31 31 32 -34 -35 35 -37 -38 -39 -40 -41 -42 54 45 47 50 46 -48 52 -50 -51 51 -53 55 -55 -56 -57 -58 -59 -60 -61 -62 -63
leaf_value=0.0026266673966390888 -0.01911584557794227 0.035572569987232759 0.0043547364435675773 0.0050693881350190777 0.0038871118410453002 -0.047724859150748589 0.061051394589921981 -0.043527549330819065 0.029649996360339444 -0.059749203533020802 -0.028499045626029108 -0.077830165183989788 0.00053408467807110392 0.047032593998813356 0.016076462955674636 0.012770877802588291 0.0040345984483105652 0.0092166142377456649 0.0029092944294205137 0.062029124315757966 0.014263991260931579 -0.0064922920520602365 -0.071756206433645692 0.013886588622985745 0.0034297821395631888 -0.001340073302533855 0.043150525500868973 0.015749830694634061 -0.011479031812256603 -0.025786708383547848 0.0072415072611521497 -8.3897717340525617e-05 0.011204800793685833 -0.0041425889740732292 0.033514814362544464 -0.00016956729312590422 0.012519373670283924 0.0031857931144443942 0.020864989902794357 -0.015538683446765907 0.01316029078656324 -0.06653970289750552 0.012960705898132903 0.024362855226407725 0.033238644133124232 0.029097282139630073 -0.010655818275633406 0.0097944089603553015 0.034030740973168751 0.039871853574125676 0.019807577653374871 0.029315389416138746 0.013659013617158501 0.035400248208792055 -0.0324023252228108 0.027068543526727253 0.01128533920646527 0.007475869368048076 0.031584408688912789 0.014801984153331851 0.022351800173956559 0.01221810698999843
leaf_weight=25720.32935012877 11.027045644819735 2204.6962453350425 1750.57015581429 15.538373142480848 85.037602245807648 19.761015191674232 36.395840093493462 61.359189987182617 21.462539166212082 30.887182965874672 40.487289056181908 18.828556150197983 2509.6791325211525 60.434538424015045 561.73119069635868 55.451788559556007 13597.246456712484 4463.3509112894535 3289.729337900877 37.980415284633636 601.11721427738667 2473.2330303490162 15.170545458793638 661.50162513554096 1864.5931577682495 1130.8160500228405 1067.4182067736983 408.26596038043499 557.60744138062 46.968551948666573 1028.3095719665289 2196.6637707650661 1423.9502363950014 4410.6554798036814 223.17574702203274 211.52778518199921 679.05132474005222 20.858148694038391 109.98213575780392 49.24945193529129 37.933443605899811 14.727780818939207 33.413101233541965 455.48579835146666 240.6121553555131 17.329950079321861 26.808554142713547 21.898045115172863 757.06002921611071 79.491785265505314 451.51946154981852 205.62004151195288 62.318008281290531 260.76161818951368 26.63959014415741 2770.1476273611188 17.948663257062435 27.697369948029518 115.02869425714016 20.734201565384865 108.05935381352901 26.330507509410381
leaf_count=82219 37 6870 5335 48 244 83 72 257 63 143 136 83 7437 124 1595 177 42389 12375 9706 78 1677 9457 72 2241 6930 4248 3737 1197 1876 184 3235 6876 4145 14909 609 702 2093 66 262 178 108 62 97 1287 641 46 85 65 2064 205 1280 561 181 681 95 7584 62 82 298 71 306 77
internal_value=0.00625979 0.0312082 0.00308455 0.00497068 0.00100149 0.00600754 0.00261381 0.00431195 0.00416995 -0.0194332 0.00163781 -0.0218003 0.00246212 0.0218114 0.00433793 -0.0168019 0.00451234 0.00610272 0.0073447 0.00966222 0.00466354 0.00203073 -0.000501156 -0.000324818 -0.00222734 0.00427972 0.037754 0.00233097 0.000529629 0.0114643 0.00246421 0.000545915 0.00435583 -0.00199027 0.00311186 0.0171239 0.00288113 0.0399704 0.00138764 -0.0325788 -0.00834772 -0.0310056 0.0273864 0.0276691 0.0244402 0.0203916 0.00495231 0.0284333 0.0309819 0.0266673 0.0252376 0.0227826 0.0273763 0.0334165 -0.0445561 0.0267735 0.0351863 0.0242605 0.0273924 0.0353791 0.0298646 0.00296908
internal_weight=79549.7 8981.41 70568.3 14094.6 2919.29 11175.4 56473.6 14434.6 14377.4 101.599 2862.38 97.2493 2765.13 145.472 14275.8 116.811 14159 11155.6 8392.18 4501.33 3890.85 42039 6145.31 6130.14 4337.83 1792.32 3310.8 2763.41 2308.18 455.235 35893.7 9059.58 3620.61 5438.97 26834.1 434.704 26399.4 57.254 2619.66 80.1366 78.4207 56.9057 5670.61 5450.33 1043.17 220.278 44.1385 4407.16 1292.04 534.978 1005.81 657.14 3115.13 282.66 41.3674 2832.47 2243.38 176.139 148.442 2225.43 348.672 37.3576
internal_count=250103 26317 223786 41110 8599 32511 182676 44940 44802 384 8394 327 8067 368 44418 434 43984 32428 23836 12453 11383 137736 22948 22876 16387 6489 10740 8592 7211 1381 114788 29165 11021 18144 85623 1311 84312 138 7699 321 244 205 15577 14969 2902 608 131 12067 3556 1492 2788 1841 8511 746 157 7765 7003 477 395 6941 947 114
is_linear=0
shrinkage=0.05


Tree=49
num_leaves=63
num_cat=0
split_feature=23 19 19 1 16 15 7 17 15 29 16 28 16 27 28 12 16 17 28 15 7 13 29 16 8 3 13 14 15 28 17 17 17 12 7 12 29 8 14 14 15 2 27 15 14 11 17 12 35 17 17 2 11 13 15 29 1 15 3 7 15 8
split_gain=2352.8 88.769 18.4873 14.6355 29.7929 26.8182 23.875 39.4703 45.0889 30.3095 40.9614 30.1397 30.0598 29.8094 29.3999 28.7326 26.1642 25.1632 51.0356 32.1215 23.3868 28.1013 36.74 30.8479 28.8302 25.12 21.8629 20.153 17.7961 17.0743 24.0719 46.9757 43.1461 15.3659 21.8238 15.2998 13.6573 13.01 11.7894 11.0209 4.33301 7.23261 8.23227 5.12323 6.70925 5.04324 6.23092 8.28563 7.42519 4.20969 3.8733 4.844 4.14471 3.41439 3.22481 3.32551 3.29913 2.85881 4.4492 3.66694 2.84002 2.74654
threshold=1.0000000180025095e-35 45.000000000000007 75.000000000000014 3.5000000000000004 21.643500000000007 2.5245000000000002 351.50000000000006 14.941500000000001 7.4535000000000009 179366.72500000003 21.380000000000006 278059.72500000003 19.885500000000004 229053.50500000003 311202.14000000007 -0.0018797049977749998 11.285500000000001 15.493500000000003 150190.04500000001 3.2505000000000002 177.50000000000003 202831.09000000003 77365.710000000006 21.766500000000004 250661.91 2.5000000000000004 113157.8666666667 224.56359151145458 7.488500000000001 58864.245000000003 10.882000000000003 16.613500000000002 8.1545000000000005 -0.0019350419063236997 174.50000000000003 -0.0018671496825434497 199239.59500000003 256287.32500000004 358.50811409609247 141.66566744687401 7.3005000000000004 3.5000000000000004 116974.50500000002 3.4615000000000005 115.50534835970767 -201.73500000000055 6.4715000000000016 -0.0013579668062819997 1.0000000180025095e-35 22.303000000000001 10.817000000000002 1.0000000180025095e-35 -606.21500000004005 1541008.4484885146 3.7415000000000007 2020329.5509143982 1.0000000180025095e-35 7.1125000000000016 2.5000000000000004 223.50000000000003 7.3375000000000012 92406.280000000013
decision_type=2 2 2 2 2 2 2 2 2 2 2 2 2 2 2 2 2 2 2 2 2 2 2 2 2 2 2 2 2 2 2 2 2 2 2 2 2 2 2 2 2 2 2 2 2 2 2 2 2 2 2 2 2 2 2 2 2 2 2 2 2 2
left_child=3 40 49 4 6 36 7 8 16 10 12 13 -8 -11 -13 -10 -1 18 -9 -19 37 22 26 -24 25 -23 -22 -26 29 33 32 -32 -31 34 -7 -35 38 -6 -5 -12 43 -42 -43 44 61 54 48 -48 -47 53 51 -46 -52 -3 56 -56 -45 58 -51 -59 -61 -2
right_child=1 2 -4 5 20 28 9 17 15 11 39 14 -14 -15 -16 -17 -18 19 -20 -21 21 24 23 -25 27 -27 -28 -29 -30 30 31 -33 -34 35 -36 -37 -38 -39 -40 -41 41 42 -44 45 50 46 47 -49 -50 57 52 -53 -54 -55 55 -57 -58 59 -60 60 -62 -63
leaf_value=0.0035338629356741745 -0.017904272169315061 0.035461953255557718 0.042528843926408537 0.025199827213038095 -0.079068306013447859 0.048825791773130491 0.0030082975188568139 -0.0060043280738868512 0.069023800010514433 0.00055360752099392716 -0.058099920669547368 0.0086315714148136758 0.015979117669166144 -0.0056048569231786404 0.00071117040930684992 -0.0057099997208172248 -0.001417609026768472 0.041433335278034569 0.037486529957317938 0.0062049778078280635 0.0103710009103923 -0.040883134490124214 -0.018481383366462111 0.019874776553181855 0.019818947847900111 0.023909729615394608 -0.058236650966352492 -0.012490068188299498 -0.047944702936928298 0.004618525058938559 -0.0015374146257318832 0.0063763899382958834 0.013422615267940219 0.041615841420582611 -0.011748952845986725 0.0012740089913143137 0.0011171340716073573 -0.012389473381243663 0.073285339944084524 -0.0053039905323962258 0.024085879467358667 0.031872215786978318 -0.01615850742311976 0.019624452327721757 0.015683500092310645 0.022388089963729495 0.015733789595383251 0.028747031299061743 0.001690846097427842 0.033060643342487227 0.028127347652781805 0.027639259624309895 0.013699518350479459 0.014346053332734863 0.02808949449100814 0.043919529888952584 0.036602460502223842 0.03840975285741708 0.0084841215957089326 -0.0050452416389981788 0.024654145905395976 0.011714191575743075
leaf_weight=11538.399715974927 11.180488131940363 1880.1838668733835 1029.8283345773816 26.203151017427444 17.084515646100048 15.499517217278479 15785.379211246967 106.08830744028091 41.390196487307549 4937.0912507921457 34.190127640962601 1571.8574003875256 459.68203845620155 3263.9792921096087 4601.5058837980032 18.659091427922249 3470.4018184840679 65.432660669088364 185.2371638417244 5833.707481816411 17.806105300784111 121.63754063844681 67.264869138598442 237.52214826643467 63.346400111913681 17.056731075048447 33.379926234483719 202.72728131711483 16.448218569159508 6510.2820440530777 3593.6869660317898 3921.3078910410404 1769.9183385670185 23.850291237235069 365.63632707297802 1612.0854797065258 21.545991078019142 12.793568417429922 24.821615010499954 13.904416605830191 158.42262227088213 13.537313416600226 26.162200838327408 33.102063253521919 97.012482970952988 316.63233208656311 140.25198001414537 956.65460079163313 50.204149156808853 214.75151335448027 75.519880808889866 668.65802581608295 146.03042986989021 19.340958200395107 2592.675843372941 33.606833375990391 211.00116385519505 14.457769282162188 20.142676316201687 18.109183125197887 14.490396618843077 26.096136584877968
leaf_count=36180 37 6013 3737 68 75 34 51179 338 91 16258 148 4962 1395 11270 15359 63 11320 154 452 17050 59 470 238 706 198 51 143 721 76 20321 11282 11358 5056 63 1258 5189 69 39 43 50 435 36 85 96 286 901 413 2644 158 690 212 1858 432 67 7254 86 567 45 72 68 48 77
internal_value=0.00596097 0.0303894 0.0370073 0.00292792 0.00250847 0.00416315 0.00265514 0.00394283 0.00256196 0.00176249 0.00323892 8.89863e-05 0.00337533 -0.00189743 0.00272786 0.0458018 0.00238896 0.00730414 0.021649 0.00659573 -0.00712453 -0.00542029 0.00482701 0.0114098 -0.0144323 -0.0329149 -0.0343701 -0.00479799 0.00403968 0.00408768 0.00464088 0.00259199 0.00650043 -0.000244268 -0.00928558 0.00186215 0.0344966 -0.0505169 0.0485916 -0.0428363 0.0265649 0.0193036 0.000219702 0.0268334 0.0236535 0.027585 0.0251966 0.0270831 0.0195555 0.0344007 0.0244397 0.0261244 0.0186175 0.035247 0.028803 0.0282921 0.0343001 0.0286997 0.0309532 0.0174511 0.00815603 0.00283064
internal_weight=79386.9 8768.05 3211.3 70618.8 52717.5 17901.3 51926.9 21259.3 15068.9 30667.6 16293.2 14374.4 16245.1 8201.07 6173.36 60.0493 15008.8 6190.47 291.325 5899.14 790.619 760.741 355.973 304.787 404.768 138.694 51.186 266.074 17828.7 17812.3 15795.2 7514.99 8280.2 2017.07 381.136 1635.94 72.5708 29.8781 51.0248 48.0945 5556.75 198.122 39.6995 5358.63 1024.5 4334.13 1463.74 1096.91 366.836 2181.48 987.221 765.671 221.55 1899.52 2870.39 2626.28 244.103 281.952 234.894 47.0573 32.5996 37.2766
internal_count=250103 26317 10740 223786 168969 54817 166269 65648 47654 100621 52772 47849 52574 27528 20321 154 47500 17994 790 17204 2700 2586 1146 944 1440 521 202 919 54637 54561 48017 22640 25377 6544 1292 5252 180 114 111 198 15577 556 121 15021 2902 12119 4116 3057 1059 7003 2788 2144 644 6080 8003 7340 663 923 762 161 116 114
is_linear=0
shrinkage=0.05


end of trees

feature_importances:
Column_15=356
Column_17=353
Column_16=246
Column_9=222
Column_10=192
Column_7=135
Column_13=134
Column_0=118
Column_29=117
Column_14=111
Column_8=104
Column_18=90
Column_6=89
Column_28=82
Column_19=74
Column_3=70
Column_11=68
Column_27=68
Column_1=67
Column_12=59
Column_25=53
Column_22=50
Column_4=46
Column_2=45
Column_5=45
Column_21=36
Column_20=20
Column_24=11
Column_23=10
Column_34=10
Column_35=9
Column_26=5
Column_32=2
Column_33=2
Column_30=1

parameters:
[boosting: gbdt]
[objective: binary]
[metric: auc]
[tree_learner: serial]
[device_type: cpu]
[data_sample_strategy: bagging]
[data: ]
[valid: ]
[num_iterations: 500]
[learning_rate: 0.05]
[num_leaves: 63]
[num_threads: 0]
[seed: 42]
[deterministic: 0]
[force_col_wise: 0]
[force_row_wise: 0]
[histogram_pool_size: -1]
[max_depth: 7]
[min_data_in_leaf: 50]
[min_sum_hessian_in_leaf: 0.001]
[bagging_fraction: 0.8]
[pos_bagging_fraction: 1]
[neg_bagging_fraction: 1]
[bagging_freq: 5]
[bagging_seed: 400]
[bagging_by_query: 0]
[feature_fraction: 0.8]
[feature_fraction_bynode: 1]
[feature_fraction_seed: 30056]
[extra_trees: 0]
[extra_seed: 12879]
[early_stopping_round: 0]
[early_stopping_min_delta: 0]
[first_metric_only: 0]
[max_delta_step: 0]
[lambda_l1: 0]
[lambda_l2: 0]
[linear_lambda: 0]
[min_gain_to_split: 0]
[drop_rate: 0.1]
[max_drop: 50]
[skip_drop: 0.5]
[xgboost_dart_mode: 0]
[uniform_drop: 0]
[drop_seed: 17869]
[top_rate: 0.2]
[other_rate: 0.1]
[min_data_per_group: 100]
[max_cat_threshold: 32]
[cat_l2: 10]
[cat_smooth: 10]
[max_cat_to_onehot: 4]
[top_k: 20]
[monotone_constraints: ]
[monotone_constraints_method: basic]
[monotone_penalty: 0]
[feature_contri: ]
[forcedsplits_filename: ]
[refit_decay_rate: 0.9]
[cegb_tradeoff: 1]
[cegb_penalty_split: 0]
[cegb_penalty_feature_lazy: ]
[cegb_penalty_feature_coupled: ]
[path_smooth: 0]
[interaction_constraints: ]
[verbosity: -1]
[saved_feature_importance_type: 0]
[use_quantized_grad: 0]
[num_grad_quant_bins: 4]
[quant_train_renew_leaf: 0]
[stochastic_rounding: 1]
[linear_tree: 0]
[max_bin: 255]
[max_bin_by_feature: ]
[min_data_in_bin: 3]
[bin_construct_sample_cnt: 200000]
[data_random_seed: 175]
[is_enable_sparse: 1]
[enable_bundle: 1]
[use_missing: 1]
[zero_as_missing: 0]
[feature_pre_filter: 1]
[pre_partition: 0]
[two_round: 0]
[header: 0]
[label_column: ]
[weight_column: ]
[group_column: ]
[ignore_column: ]
[categorical_feature: ]
[forcedbins_filename: ]
[precise_float_parser: 0]
[parser_config_file: ]
[objective_seed: 16083]
[num_class: 1]
[is_unbalance: 0]
[scale_pos_weight: 3.8094]
[sigmoid: 1]
[boost_from_average: 1]
[reg_sqrt: 0]
[alpha: 0.9]
[fair_c: 1]
[poisson_max_delta_step: 0.7]
[tweedie_variance_power: 1.5]
[lambdarank_truncation_level: 30]
[lambdarank_norm: 1]
[label_gain: ]
[lambdarank_position_bias_regularization: 0]
[eval_at: ]
[multi_error_top_k: 1]
[auc_mu_weights: ]
[num_machines: 1]
[local_listen_port: 12400]
[time_out: 120]
[machine_list_filename: ]
[machines: ]
[gpu_platform_id: -1]
[gpu_device_id: -1]
[gpu_device_id_list: ]
[gpu_use_dp: 0]
[num_gpu: 1]

end of parameters

pandas_categorical:null
