tree
version=v4
num_class=1
num_tree_per_iteration=1
label_index=0
max_feature_idx=35
objective=binary sigmoid:1
feature_names=Column_0 Column_1 Column_2 Column_3 Column_4 Column_5 Column_6 Column_7 Column_8 Column_9 Column_10 Column_11 Column_12 Column_13 Column_14 Column_15 Column_16 Column_17 Column_18 Column_19 Column_20 Column_21 Column_22 Column_23 Column_24 Column_25 Column_26 Column_27 Column_28 Column_29 Column_30 Column_31 Column_32 Column_33 Column_34 Column_35
feature_infos=[0:5] [0:5] [0:5] [0:3] [0:2] [0:3] [1:23] [157:359] [0:15726029.105792876] [50000:1238600] [0.88760406839622641:5] [-20053077.66100065:14850409.775792876] [-0.95010774461291858:5] [0:12650589.371514391] [0:14179667.197754033] [2.5:7.5] [0:37.5] [0:37.494999999999997] [0:25] [0:90] [0:90] [0:90] [0:3] [0:1] [0:1] [0:99] [0:1] [0:21135719.731000651] [0:18666677.178939711] [0:21135719.731000651] [0:90] [0:90] [0:90] [0:3] [0:3] [0:3]
tree_sizes=6829 6856 6875 6847 6852 6876 6867 6890 6848 6881 6882 6874 6854 6878 6890 6873 6886 6888 6930 6894 6891 6939 6933 6865 6862 6918 6909 6949 6916 6904 6898 6923 6891 6915 6949 6904 6921 6939 6902 6906 6889 6924 6930 6900 6883 6932 6936 6913 6921 6947 6896 6909 6906 6914 6908 6945 6924 6929 6935 6912 6835 6888 6871 6913 6888 6890 6904 6932 6933 6906 6891 6918 6914 6887 6936 6942 6959 6928 6937 6962 6942 6916 6919

Tree=0
num_leaves=63
num_cat=0
split_feature=22 0 6 6 0 19 17 17 9 1 0 2 17 17 9 16 21 15 17 13 7 0 15 5 17 14 17 12 16 10 15 12 17 16 16 13 15 17 14 7 9 9 17 17 9 16 15 15 16 9 5 9 21 8 16 16 29 1 16 20 10 14
split_gain=52654.8 1082.49 507.317 338.22 192.865 149.34 137.341 131.793 117.875 110.254 101.033 93.1821 86.2348 79.5742 75.6702 63.4857 62.0265 60.4369 60.6512 92.504 60.0371 57.6613 57.4833 68.3391 64.0127 51.3862 69.1467 47.9134 47.4763 63.504 46.3878 44.4408 44.3577 44.0994 43.0173 72.6368 42.2534 41.7537 40.5644 39.1477 37.487 36.7131 36.4193 54.8887 36.3567 36.3511 35.6236 35.385 35.1775 33.4806 57.0608 43.0797 29.8476 39.6259 26.6598 31.757 23.9713 23.925 23.2857 21.7246 14.9263 13.4507
threshold=1.0000000180025095e-35 3.5000000000000004 8.5000000000000018 4.5000000000000009 1.5000000000000002 45.000000000000007 7.8265000000000002 3.8100000000000005 190750.00000000003 3.5000000000000004 4.5000000000000009 2.5000000000000004 26.293000000000003 10.729500000000002 437850.00000000006 16.140000000000004 1.0000000180025095e-35 7.4730000000000016 5.3110000000000008 155364.99833333338 176.50000000000003 2.5000000000000004 6.3215000000000012 1.0000000180025095e-35 27.177500000000006 454.45472594199242 4.8885000000000014 -0.0027677261637428997 27.444500000000001 0.98853746008655274 6.9175000000000013 -0.0011982264546744499 8.9570000000000025 2.7055000000000002 17.642000000000003 125907.8016666667 4.3435000000000015 35.487500000000011 352.63024626831583 168.50000000000003 416900.00000000006 348550.00000000006 13.841000000000003 12.611000000000002 301150.00000000006 27.730000000000004 4.6275000000000004 6.9765000000000006 20.731500000000004 97650.000000000015 2.5000000000000004 100750.00000000001 1.0000000180025095e-35 166354.75500000003 12.351500000000003 8.9190000000000023 82898.010000000009 1.0000000180025095e-35 25.548000000000005 75.000000000000014 0.99057030743416929 625.79602027506019
decision_type=2 2 2 2 2 2 2 2 2 2 2 2 2 2 2 2 2 2 2 2 2 2 2 2 2 2 2 2 2 2 2 2 2 2 2 2 2 2 2 2 2 2 2 2 2 2 2 2 2 2 2 2 2 2 2 2 2 2 2 2 2 2
left_child=1 2 4 10 20 -2 49 34 12 30 17 28 16 -11 15 -13 33 18 19 -3 54 27 42 24 -24 40 -27 44 32 -30 -8 -25 -12 -5 35 36 -4 45 -18 -36 -22 -20 43 -10 -9 -14 -29 -37 -41 50 -6 -51 56 -54 55 -1 -23 -44 -16 -7 -19 -56
right_child=5 3 7 8 6 59 9 21 22 13 11 14 37 -15 58 -17 38 60 41 -21 25 52 23 31 -26 26 -28 46 29 -31 -32 -33 -34 -35 39 47 -38 -39 -40 48 -42 -43 57 -45 -46 -47 -48 -49 -50 51 -52 -53 53 -55 61 -57 -58 -59 -60 -61 -62 -63
leaf_value=-0.72369599145754138 -0.64825972380221786 -0.76138038310502665 -0.77970625758628531 -0.76234233634319692 -0.76987126457605692 -0.63919879035669025 -0.7579522141150915 -0.75351665171641469 -0.76335023024634907 -0.73571312809580047 -0.78007320591973628 -0.77185781609649595 -0.71492330114187652 -0.75313681928546827 -0.80909862904893426 -0.75283395199794345 -0.761466829894766 -0.79169290089974798 -0.76512034256719264 -0.78254163337398264 -0.74843100966316611 -0.7127550873401598 -0.77168178467699344 -0.82306419134505038 -0.70892476642646551 -0.77642030917204985 -0.75363677001561635 -0.72136348606757406 -0.73510978128479221 -0.78292845536650402 -0.76722955916448365 -0.78242054142612305 -0.79254096389078987 -0.74489567836307158 -0.81161939903080205 -0.75375828745351148 -0.84080318236981044 -0.64482422313587295 -0.79676891278629258 -0.70756734680551014 -0.78454751387230326 -0.77607393791160639 -0.73353370964260234 -0.81052273317129475 -0.72336898012090689 -0.78908492731984603 -0.73492083664626218 -0.81281274864729192 -0.75165500462367218 -0.73522010757166678 -0.81845850979676027 -0.76361678209615191 -0.77592085762333851 -0.74537521986184563 -0.73088169459251107 -0.79146568025513098 -0.742448208957185 -0.75687716463857491 -0.73880226420403705 -0.63221347376442849 -0.85030220415564073 -0.6878923581672991
leaf_weight=70.040639787912369 6577.5075078606606 756.54268196225166 115.72672203183174 478.57512125372887 721.30259254574776 3085.7327738106251 10361.088685780764 424.69491666555405 1572.1554347276688 819.9968141913414 3520.2913845777512 1819.3067892193794 126.92682695388794 3262.3083457946777 142.46491473913193 577.8396762907505 361.06488186120987 18.094386845827103 5869.2883820235729 1627.2358749210835 5484.1303107440472 70.804033130407333 301.1259845495224 99.40732741355896 46.971462070941925 412.22475573420525 1733.1925849020481 770.94010296463966 126.35724967718124 154.10790449380875 1548.814202517271 207.95411565899849 894.71450784802437 1489.4951700568199 16.422238111495972 601.81760939955711 37.457966476678848 18.490544110536575 105.04860359430313 85.096777081489563 72.800899386405945 879.62103134393692 153.7559922337532 64.183425039052963 130.8049818277359 18.996343553066254 1304.2855145931244 26.482325255870819 96.613074392080307 135.37681674957275 65.952481806278229 9954.8976963758469 156.97359725832939 328.08950418233871 26.670205861330032 22.951010406017303 1698.3750913739204 383.64185750484467 12.842469245195387 1741.1001858115196 27.182803988456726 57.261085152626038
leaf_count=223 15542 2719 439 1725 2659 6987 36851 1490 5684 2718 13368 6746 392 11432 586 2023 1298 71 21333 6223 18937 217 1116 424 142 1549 6083 2435 418 590 5665 795 3519 5086 68 2113 167 43 418 256 280 3302 506 265 416 74 4312 110 337 448 278 36020 589 1122 87 90 5754 1360 43 3810 124 160
internal_value=-0.742155 -0.760192 -0.755363 -0.769164 -0.757659 -0.643358 -0.759676 -0.741761 -0.758344 -0.756728 -0.77274 -0.777153 -0.750655 -0.749637 -0.769463 -0.767272 -0.753022 -0.769255 -0.76897 -0.775826 -0.75078 -0.738404 -0.765405 -0.778384 -0.763213 -0.751442 -0.758014 -0.733375 -0.781333 -0.761385 -0.759159 -0.795566 -0.7826 -0.749138 -0.758499 -0.763774 -0.794646 -0.715608 -0.769423 -0.73769 -0.748904 -0.766548 -0.761492 -0.765201 -0.746418 -0.724578 -0.729884 -0.756247 -0.731008 -0.764011 -0.773942 -0.763236 -0.744272 -0.75526 -0.721983 -0.740422 -0.74126 -0.750198 -0.803286 -0.636679 -0.82688 -0.701553
internal_weight=73871.6 62467.3 40613.6 21853.7 34749 11404.3 26869.7 5864.58 5427.79 15992.2 16425.9 7247.92 2598.6 4082.31 2552.45 2397.15 2434.18 9177.97 9132.69 2383.78 7879.27 4884.97 2829.2 655.459 348.097 7702.35 2145.42 2630.73 4695.47 280.465 11909.9 307.361 4415.01 1968.07 979.617 781.485 153.185 164.414 466.113 198.132 5556.93 6748.91 2173.74 1636.34 555.5 145.923 2075.23 628.3 181.71 10877.5 787.255 10090.3 2254.24 485.063 176.923 92.9917 1769.18 537.398 155.307 4826.83 45.2772 83.9313
internal_count=250037 223698 143305 80393 123480 26339 96071 19825 19328 56666 61065 27293 9036 14150 9398 8769 8527 33772 33577 8942 27409 16335 10292 2477 1258 26849 7632 8653 17895 1008 42516 1219 16887 6811 3490 2829 606 509 1716 661 19217 24635 7815 5949 1906 466 6747 2223 593 39405 2937 36468 7682 1711 560 313 5971 1866 629 10797 195 247
is_linear=0
shrinkage=1


Tree=1
num_leaves=63
num_cat=0
split_feature=22 0 6 6 17 17 19 9 1 0 2 0 0 17 17 9 17 15 0 9 15 17 13 7 10 17 0 15 5 17 9 7 15 7 6 1 10 15 14 17 17 9 11 10 13 13 15 1 7 9 15 17 15 27 13 9 14 3 17 17 15 20
split_gain=44060.2 950.759 449.831 298.684 151.69 121.402 116.582 103.131 93.5612 89.8937 83.1644 81.011 77.0952 73.9497 68.0121 67.8865 64.3917 83.0903 61.5367 62.515 54.776 53.8058 84.1332 53.7903 53.2537 53.2311 50.9043 50.9002 61.2201 55.388 49.9601 46.0893 53.8128 43.4584 42.9176 41.0862 57.0875 46.9568 39.9267 39.6901 37.8975 37.7709 42.9283 35.8219 35.6328 42.7935 35.477 35.3069 33.2277 32.5213 32.1171 31.8898 52.0701 31.2999 29.2813 26.952 23.4739 23.1853 22.3478 20.9882 19.9673 16.8613
threshold=1.0000000180025095e-35 3.5000000000000004 5.5000000000000009 4.5000000000000009 8.3500000000000032 3.8100000000000005 45.000000000000007 190750.00000000003 3.5000000000000004 4.5000000000000009 2.5000000000000004 2.5000000000000004 1.5000000000000002 26.293000000000003 8.2570000000000014 437850.00000000006 10.817000000000002 3.0505000000000004 2.5000000000000004 113950.00000000001 7.4730000000000016 5.3110000000000008 180179.45000000001 288.00000000000006 0.98929377457137646 5.7015000000000002 2.5000000000000004 6.3215000000000012 1.0000000180025095e-35 27.177500000000006 97650.000000000015 349.50000000000006 5.7425000000000006 178.50000000000003 10.500000000000002 3.5000000000000004 0.9908201293737865 2.7245000000000004 425.24956221249727 10.817000000000002 4.2520000000000016 302950.00000000006 -1195.2950000000126 0.96018957528285476 198839.26166666672 169602.2716666667 7.1125000000000016 2.5000000000000004 358.50000000000006 348550.00000000006 6.7455000000000007 13.841000000000003 3.8305000000000002 481968.11500000005 294259.9266666667 168850.00000000003 124.11859004464866 2.5000000000000004 24.214000000000002 27.564000000000004 7.3005000000000004 75.000000000000014
decision_type=2 2 2 2 2 2 2 2 2 2 2 2 2 2 2 2 2 2 2 2 2 2 2 2 2 2 2 2 2 2 2 2 2 2 2 2 2 2 2 2 2 2 2 2 2 2 2 2 2 2 2 2 2 2 2 2 2 2 2 2 2 2
left_child=1 2 4 9 14 41 -2 13 12 20 35 31 30 23 18 39 54 -18 19 -1 21 22 -3 25 -20 -5 -16 51 29 -29 -6 32 -7 -14 40 37 -37 -11 -30 -12 -13 44 53 -44 45 -4 50 -46 -28 -23 -15 52 -9 -43 -10 -25 -36 -33 -53 -17 -48 -8
right_child=6 3 5 7 8 11 61 27 16 10 15 34 33 46 26 59 17 -19 24 -21 -22 49 -24 55 -26 -27 48 28 38 -31 -32 57 -34 -35 56 36 -38 -39 -40 -41 -42 42 43 -45 47 -47 60 -49 -50 -51 -52 58 -54 -55 -56 -57 -58 -59 -60 -61 -62 -63
leaf_value=0.012510808826148873 0.1242775180333362 0.019688995531082887 0.021316993187972356 -0.002833234835481516 0.051723358828877887 0.055268260870684122 0.13209401948337463 0.02904621093065406 0.041078396944633611 0.030311031868243563 -0.00055021669143750878 -0.022415856998509669 0.046566514996532346 0.064827667439123382 -0.051675782034931617 -0.024670389899004396 -0.0031612304448575533 0.033023567024643312 0.014489048949853468 0.027130009174610743 -0.039889067325737104 0.019286045278103615 0.00082430802871857824 0.032015030669269591 0.023684719202471772 0.027391988508810746 0.075875763077904029 0.013133206151697469 0.0035076028961114059 0.070803235442053414 0.030979616017207459 0.0405708716349647 0.040189376261179688 0.023852194449185779 0.018247736255540895 0.022085825253716173 -0.0026492550549033645 0.00048783976900580836 -0.034536483428437452 0.019578224928950325 0.030655566537646201 -0.055134277481021433 0.095527488942846461 0.041422008306515962 -0.0038952830808846686 0.049274250097420258 0.1255167554458167 0.024907374609303558 -0.025048263673366496 0.0089976174795396574 0.0044817096150343442 0.037748149462947592 0.01118290550562169 0.044564959951409189 0.061635858137560479 0.046946050078176718 0.042404025759792359 0.017912399917612745 0.010762379671025772 0.027065124728871126 0.067710189165739995 0.13809187310886692
leaf_weight=839.96281959116459 6895.4233060777187 1066.1279725879431 576.33367229998112 198.69820691645145 320.20402172207832 1660.7926067858934 3244.012025937438 740.90244179964066 717.62677961587906 137.06548018753529 276.61090134084225 34.370587676763535 214.86842349171638 78.011940166354179 55.111735656857491 131.21728031337261 165.14275431632996 4034.7633479684591 3753.2076585441828 5651.0543638467789 44.562362819910049 5913.8086207509041 1326.2734304517508 1327.5196847766638 2712.1379222422838 545.81041723489761 16.875411733984947 302.68165922164917 201.28418733179569 48.275070756673813 3104.0094531327486 1215.8580483496189 919.13585282862186 10547.167386889458 107.29080531001091 634.98611988127232 368.71955294907093 3562.0828507840633 104.90999412536621 2136.7962338626385 1578.080566868186 18.117354303598404 36.323953256011009 193.85848760604858 222.47080384194851 179.50893564522266 28.97542142868042 203.9284001737833 15.783160865306852 882.73456904292107 30.735212042927742 451.99150398373604 907.78006775677204 13.921273678541182 228.33119034767151 391.33730094134808 1605.2447908818722 124.45580875873566 92.403599709272385 23.046820804476738 30.836310759186745 1834.3446952104568
leaf_count=3082 15542 3846 2067 761 1032 5246 6987 2595 2384 482 1061 139 709 236 240 547 632 13851 13724 19844 195 21333 5096 4571 9647 1911 50 1116 769 142 10713 4059 3060 37402 384 2281 1431 13701 450 7708 5463 80 100 650 856 585 67 719 64 3302 114 1526 3354 46 708 1284 5323 446 340 82 92 3810
internal_value=0.0405846 0.0238871 0.0283796 0.0154959 0.0256685 0.0384806 0.128512 0.0256075 0.0284798 0.0121372 0.00797862 0.0411194 0.0263848 0.0327441 0.021502 0.0152158 0.0342552 0.0316008 0.0217992 0.0252382 0.0154116 0.0156798 0.009231 0.0305518 0.0183465 0.0193253 -0.0223635 0.0190176 0.00681124 0.0210659 0.0329194 0.0459886 0.0498962 0.0243057 0.0353785 0.00402727 0.0129992 0.00159289 -0.00952728 0.0172712 0.0295243 0.0252447 0.0424125 0.0499601 0.0214369 0.0279567 0.064784 0.00987979 0.0271014 0.0179498 0.0477721 0.0226751 0.0192105 -0.0118134 0.0460405 0.0354144 0.0408906 0.0384669 0.0331677 -0.0169412 0.0957142 0.13426
internal_weight=75025.9 63052.1 41065.9 21986.2 32376.2 8689.69 11973.8 5482.15 19332.1 16504 7270.53 7245.23 14186.2 2631.92 13044.1 2567.67 5145.86 4199.91 12956.4 6491.02 9233.51 9188.94 2392.4 2463.37 6465.35 744.509 87.7703 2850.23 657.151 350.957 3424.21 3920.24 2579.93 10762 3324.99 4702.85 1003.71 3699.15 306.194 2413.41 1612.45 1444.46 262.221 230.182 1182.24 755.843 168.559 426.399 32.6586 6796.54 108.747 2193.08 1648.68 32.0386 945.958 1718.86 1712.54 1340.31 544.395 154.264 59.8117 5078.36
internal_count=250037 223698 143305 80393 114082 29223 26339 19328 67431 61065 27293 24120 49856 9036 46651 9398 17575 14483 46297 22926 33772 33577 8942 8527 23371 2672 354 10292 2477 1258 11745 12811 8306 38111 11309 17895 3712 14183 1219 8769 5602 5103 876 750 4227 2652 509 1575 114 24635 350 7815 5949 126 3092 5855 5707 4505 1866 629 159 10797
is_linear=0
shrinkage=0.05


Tree=2
num_leaves=63
num_cat=0
split_feature=22 0 7 7 7 2 0 22 0 17 2 9 18 17 9 1 0 29 9 13 9 10 9 1 10 12 10 17 17 4 28 10 10 9 17 25 9 9 9 0 9 0 17 2 1 1 21 10 9 29 17 5 1 4 1 9 3 17 17 1 8 25
split_gain=37604.2 837.315 246.652 137.675 126.881 121.747 116.078 96.4407 84.0369 71.896 67.1839 92.6285 63.568 81.5358 67.9492 63.156 62.9098 61.8134 61.141 62.7752 59.4977 58.5356 54.3616 51.367 51.818 58.7949 51.09 48.1186 47.4036 47.3827 45.8855 45.0168 54.4487 43.5241 42.7197 57.7246 53.2314 42.1946 85.8582 42.7994 40.4054 39.8927 46.2651 38.2401 50.7793 69.5067 45.279 44.5845 37.6628 37.2947 53.7752 37.2047 35.8345 35.7915 34.488 31.8971 52.6685 39.1901 30.5231 27.8423 24.6866 23.0629
threshold=1.0000000180025095e-35 3.5000000000000004 355.50000000000006 338.50000000000006 349.50000000000006 2.5000000000000004 4.5000000000000009 1.5000000000000002 1.0000000180025095e-35 3.8100000000000005 3.5000000000000004 437850.00000000006 1.5000000000000002 4.4105000000000008 397050.00000000006 2.5000000000000004 1.0000000180025095e-35 128876.00000000001 606600.00000000012 635126.83154553885 237050.00000000003 0.98517282306231513 113050.00000000001 3.5000000000000004 0.9908201293737865 -0.0018550863490845997 0.9264383580245088 4.6475000000000009 5.956500000000001 1.0000000180025095e-35 147751.49500000002 0.98688746733642363 0.93082031504033069 293850.00000000006 16.449500000000004 11.500000000000002 181550.00000000003 358050.00000000006 345850.00000000006 2.5000000000000004 153050.00000000003 1.0000000180025095e-35 14.080000000000002 2.5000000000000004 4.5000000000000009 3.5000000000000004 1.0000000180025095e-35 0.98394801163437473 199550.00000000003 335326.58500000002 15.341000000000003 1.0000000180025095e-35 3.5000000000000004 1.0000000180025095e-35 3.5000000000000004 123150.00000000001 2.5000000000000004 7.9390000000000009 11.071000000000002 2.5000000000000004 384574.88000000006 8.5000000000000018
decision_type=2 2 2 2 2 2 2 2 2 2 2 2 2 2 2 2 2 2 2 2 2 2 2 2 2 2 2 2 2 2 2 2 2 2 2 2 2 2 2 2 2 2 2 2 2 2 2 2 2 2 2 2 2 2 2 2 2 2 2 2 2 2
left_child=1 2 3 12 9 8 20 -2 21 17 23 22 37 14 -14 16 60 -5 -13 -20 31 33 59 26 25 -25 28 -11 -8 -15 -18 32 -3 -4 36 -36 -33 38 -1 -39 -24 42 -6 44 45 -22 53 -46 -28 58 -51 -43 -23 -45 -34 57 -57 -10 -17 -12 -7 -26
right_child=7 6 5 4 41 15 10 -9 55 27 11 18 13 29 -16 49 30 -19 19 -21 43 52 40 24 61 -27 48 -29 -30 -31 -32 34 54 -35 35 -37 -38 39 -40 -41 -42 51 -44 46 47 -47 -48 -49 -50 50 -52 -53 -54 -55 -56 56 -58 -59 -60 -61 -62 -63
leaf_value=0.032671152853710632 0.11384598537924551 -0.00016529427733241644 0.028633185719698091 -0.0037361788813956541 0.027962826770826787 0.045891489707009514 0.056692377928482612 0.12276177663334134 0.00844350265028148 0.075456285136453638 0.049314948134443072 -0.048276676956250215 0.018747626376909406 0.030523019171759071 -0.019039170501679567 0.042368497094219915 0.02830925505340301 0.036637559904285071 0.11210096715829757 -0.02677042680691466 0.0079556021895847498 0.035238945883666238 0.00072046243040224103 0.0080613041483304088 0.045816662420511231 0.031255586935588442 0.0093619462518355484 0.045724186682360335 0.0033858737070311452 0.021838563119476118 0.018289771700304644 0.017720004223463575 0.022514891242183959 -0.017191121904515678 0.064615878947326386 0.021291341679344156 0.0020605219219605214 0.059862640914197657 -0.037192959837787171 0.025150531599444678 0.021677098070227108 0.023972102374576004 0.067090928143813386 0.010109613288728333 0.0074703069810696469 0.030969555884968927 0.036726450735085056 -0.039658279654526368 0.0013584449679256505 0.021472180281234446 0.055417064266202798 0.034438638565290149 0.061644743155663054 0.026713765833970518 0.033284351361504663 0.021157905661024209 0.0086489926429198193 0.023253608181387636 0.028425962443377414 0.01357440107773336 0.00040301715519894395 -0.00055124346894680064
leaf_weight=2765.4295890778303 7143.909885764122 229.34786269068718 166.22134931385517 124.19202260673046 149.77635963261127 381.86054892838001 95.279928684234619 5270.8994641155005 1420.2605527639389 144.09694276750088 232.17709776759148 80.916835948824883 1687.1470975875854 5201.3533280342817 127.9978501200676 443.99702917039394 1826.8898220658302 400.62952083349228 14.14576981961727 19.159962609410286 2162.8058963119984 409.57060766220093 283.49537272751331 452.22699463367462 28.56904710829258 690.26069290935993 3056.1497719734907 2446.6942807137966 74.170812487602234 2250.0830402970314 3051.040136307478 1679.6983554959297 3471.0819828212261 75.287741243839264 85.518127724528313 761.45980389416218 801.71650117635727 277.70065195858479 44.686396241188049 130.54491387307644 1219.0027931928635 1860.8187662214041 152.43437707424164 1022.9316014349461 107.0354285389185 386.75063291192055 297.71758848428726 94.478524506092072 2832.0501104444265 174.11113779246807 353.67551653087139 1561.5384121984243 187.21014472842216 475.38151352107525 945.99985894560814 8660.728471159935 932.05604043602943 651.625658005476 3387.0728327333927 71.20126023888588 32.353299602866173 437.43726685643196
leaf_count=9365 15542 866 569 477 511 1231 304 10797 5238 410 749 356 6020 17727 509 1448 6295 1339 36 80 8057 1373 1065 1672 95 2372 11352 7789 279 7881 10852 6029 12235 297 262 2699 3030 854 186 455 4315 6468 454 3763 398 1342 1005 401 10806 610 1110 5249 574 1662 3225 30579 3418 2274 11622 256 121 1682
internal_value=0.0380354 0.0224951 0.0266839 0.0308121 0.0365137 0.0230828 0.0146361 0.117631 0.0198263 0.0439593 0.0104953 0.0188592 0.0276884 0.0255858 0.016083 0.0273017 0.0236309 0.0270837 -0.0248074 0.0322117 0.0178061 0.0351174 0.0216211 0.00840048 0.0163431 0.0220747 0.00629146 0.0473779 0.0333594 0.0279006 0.0220423 0.0204086 0.023588 0.014348 0.01597 0.0256658 0.0126606 0.0337423 0.0315602 0.0487627 0.0177229 0.0302854 0.0476989 0.0132417 0.00953689 0.0114467 0.0189166 -0.0146256 0.0055125 0.0317584 0.044219 0.0287477 0.0435224 0.0153777 0.0248214 0.0187274 0.0199425 0.0131014 0.0300418 0.0409268 0.0423385 0.00229139
internal_weight=76002.1 63587.3 41479.1 19325.1 6840.18 22154 22108.2 12414.8 12503 3115.61 9586.24 1920.1 12484.9 9266.58 1815.14 9651 5292.14 524.822 114.223 33.3057 12521.9 838.29 1805.88 7666.14 1608.49 1142.49 6057.65 2590.79 169.451 7451.44 4877.93 7974.82 4646.43 241.509 3328.39 846.978 2481.41 3218.36 2810.12 408.246 1502.5 3724.57 302.211 4547.1 2751.07 2549.56 1796.03 201.514 5888.2 4358.86 527.787 3422.36 596.781 1498.31 4417.08 11664.7 9592.78 2071.89 3831.07 303.378 414.214 466.006
internal_count=250037 223698 143305 65694 22697 77611 80393 26339 44322 10015 35419 6857 42997 32137 6529 33289 18499 1816 472 116 44974 2813 6385 28562 5821 4044 22741 8199 583 25608 17147 28346 16326 866 12020 2961 9059 10860 9551 1309 5380 12682 965 16628 10198 9399 6430 799 22158 14790 1720 11717 1947 5425 15460 41509 33997 7512 13070 1005 1352 1777
is_linear=0
shrinkage=0.05


Tree=3
num_leaves=63
num_cat=0
split_feature=22 6 17 17 1 18 18 19 6 7 1 9 16 17 16 15 15 15 16 15 13 17 15 13 13 18 16 1 3 10 24 16 18 24 15 18 16 29 16 11 16 18 17 16 28 9 15 10 24 17 15 4 10 29 9 15 15 20 18 3 9 7
split_gain=32607.6 589.408 188.225 110.001 94.7975 133.584 129.34 83.4337 83.3995 78.08 74.037 118.249 87.8232 82.3911 70.3989 63.8693 63.9587 63.1362 62.9128 60.0539 57.6914 55.3081 76.0276 55.046 52.282 52.2051 58.3221 52.0308 47.9442 47.7049 45.1074 44.5077 44.381 43.5549 43.2918 42.9575 56.4026 42.5494 42.2377 48.2923 41.63 41.1801 57.7198 38.0069 37.8345 34.9414 34.2762 32.6854 32.538 56.4534 47.976 30.0586 27.4551 25.0541 43.1681 35.4239 23.025 14.0381 13.1529 12.477 5.76888 4.91722
threshold=1.0000000180025095e-35 5.5000000000000009 8.3500000000000032 2.8085000000000004 3.5000000000000004 9.5000000000000018 15.500000000000002 45.000000000000007 10.500000000000002 338.50000000000006 3.5000000000000004 221950.00000000003 16.048500000000004 3.6395000000000004 17.642000000000003 6.1735000000000015 7.1520000000000001 2.5245000000000002 33.63750000000001 7.4730000000000016 125907.8016666667 10.882000000000003 3.0505000000000004 124131.755 132741.33333333337 9.5000000000000018 12.351500000000003 2.5000000000000004 2.5000000000000004 0.99093671317556842 1.0000000180025095e-35 19.758000000000006 8.5000000000000018 1.0000000180025095e-35 2.5885000000000002 5.5000000000000009 7.2170000000000014 80746.520000000019 36.342500000000008 -375.5449999999982 5.1415000000000015 11.000000000000002 8.1545000000000005 2.8795000000000006 356654.18000000011 506950.00000000006 4.6815000000000007 0.98917114532974504 1.0000000180025095e-35 13.233500000000001 4.5885000000000007 1.5000000000000002 0.97387615358186752 217092.65000000005 321350.00000000006 7.230500000000001 4.8885000000000014 75.000000000000014 9.5000000000000018 1.0000000180025095e-35 133050.00000000003 238.50000000000003
decision_type=2 2 2 2 2 2 2 2 2 2 2 2 2 2 2 2 2 2 2 2 2 2 2 2 2 2 2 2 2 2 2 2 2 2 2 2 2 2 2 2 2 2 2 2 2 2 2 2 2 2 2 2 2 2 2 2 2 2 2 2 2 2
left_child=1 2 10 14 5 19 21 61 18 28 11 12 13 -1 20 23 -17 -12 35 34 27 30 -23 -7 60 33 -27 46 43 -21 -6 51 -14 -13 -4 36 -5 -37 39 -8 -26 45 -43 -10 -30 -19 -3 -40 50 -50 -11 56 -20 55 -55 -33 -16 -9 -54 -29 -22 -2
right_child=7 3 4 8 6 15 38 57 9 48 17 25 32 -15 31 16 -18 41 52 29 24 22 -24 -25 40 26 -28 59 44 -31 -32 53 -34 -35 -36 37 -38 -39 47 -41 -42 42 -44 -45 -46 -47 -48 -49 49 -51 -52 -53 58 54 -56 -57 -58 -59 -60 -61 -62 -63
leaf_value=0.012067812722267035 0.10782516924129799 0.025154021243694313 -0.0067249340385287975 0.028475945062855852 0.046412927828546176 -0.018547418930054557 0.005276805469380072 0.11155983787201379 0.015508552902026027 0.05120131850018779 0.0868025811093045 0.011750425385755995 0.019658215345520567 0.022025415961067128 0.015180461280737762 0.0289852867682244 -0.0027970169626361551 0.026788008495943851 0.041325634980561798 0.016155592605241902 0.05220196968711989 -0.0055720225295319038 0.029233961749028432 0.0065720238089648792 0.0024589787989461789 -0.013916142539870044 0.012983928288087063 -0.027614120255159882 0.011767018362771126 -0.040024194770848426 0.019983273453357916 0.043913384309566858 -0.0068558381609790803 -0.0008264300893663037 0.021447839412038636 0.051151222227827253 0.043957304139400036 0.022415667875211362 0.018260288708193639 0.022243790664897616 0.023139941470453968 0.015491416033666973 0.065104430861864959 0.034034464990839397 -0.059389945127379287 -0.010840368133400774 -0.019093410301031007 -0.05021259948053404 0.025864429497567412 0.04456961268912598 0.037541261198923759 0.1125793937531207 0.016772253894657908 -0.023748882724256931 0.040143909623870197 -0.028273212130204076 0.064243487901728874 0.1168604224075348 -0.036678300028330744 -0.069734968081412135 0.089775269650312003 0.10462931123548465
leaf_weight=3300.3034996837378 1517.7472864985466 106.17798009514809 137.34526100754738 2265.811070010066 789.43944045901299 265.54614759981632 614.46158945560455 3457.5385046005249 345.44929108023643 1112.3137757778168 35.415709406137466 4781.5175271779299 221.31808140873909 5606.036725372076 34.060722455382347 548.7494153380394 222.47078076004982 1891.8695625811815 18.644603252410889 80.107274040579796 18.154966652393341 163.12942871451378 4103.8357917517424 1220.5097238868475 366.87947599589825 514.8724842518568 331.05486890673637 52.246738165616989 168.90806818008423 71.526460558176041 202.93798893690109 167.40317191183567 550.17068445682526 804.16087013483047 19006.958643272519 135.60544507205486 794.67096987366676 2575.7197116315365 29.543483749032021 1320.9555999487638 722.61450113356113 3220.8577686399221 59.710541963577271 1394.1255753785372 21.003659516572952 63.774646684527397 74.462452813982964 42.50018510222435 892.58654852211475 735.96589837968349 1522.6986671239138 22.731541618704796 14.21612426638603 56.486719861626625 49.692904517054558 18.915403008460999 80.26217220723629 1955.623439848423 60.453534975647926 26.498408243060112 23.361155837774277 5815.1227621734142
leaf_count=11979 3175 370 520 7662 2471 1054 2276 6987 1216 3428 99 17358 776 19679 120 1901 847 6480 59 286 57 621 13789 4533 1359 2049 1220 213 598 302 694 541 2116 3026 66255 424 2517 8893 104 4630 2510 11564 180 4607 91 245 298 185 3001 2313 4942 55 49 226 163 76 239 3810 248 120 64 12367
internal_value=0.0357285 0.0212005 0.0186792 0.0303208 0.0213162 0.0196511 0.0262549 0.108766 0.0320502 0.0360969 0.0151246 0.0134415 0.0169337 0.0183356 0.0188627 0.0081423 0.0198172 0.020268 0.0277773 0.0209975 0.0133968 0.030376 0.0279033 0.00208338 0.0182743 0.0081867 -0.00338876 -0.00787072 0.0277514 -0.0103447 0.0410081 0.036555 0.000750286 0.00993976 0.0212457 0.0284357 0.0324958 0.0238529 0.0154578 0.0168571 0.0161758 0.019818 0.0163944 0.0303555 0.00389727 0.0255609 0.00691463 -0.0221334 0.0398737 0.0343176 0.0433076 0.0600672 -0.0129498 0.025538 0.00615345 0.0365849 0.0496259 0.113475 -0.026502 -0.0417881 0.0733445 0.105291
internal_weight=76825.2 64079.2 50201.1 13878.1 28820 21553.2 7266.8 12746 12058.2 6193.05 21381.1 16109.4 9677.83 8906.34 1819.95 2257.28 771.22 5271.63 5865.12 19295.9 1390.4 5259.34 4266.97 1486.06 1131.01 6431.61 845.927 259.386 1929.49 151.634 992.377 429.553 771.489 5585.68 19144.3 5771.81 3060.48 2711.33 2007.46 1935.42 1089.49 5236.21 3280.57 1739.57 189.912 1955.64 180.64 72.0437 4263.56 1628.55 2635.01 137.054 93.3143 292.498 106.18 186.319 114.323 5413.16 74.6697 78.7451 41.5161 7332.87
internal_count=250037 223698 177239 46459 100468 75698 24770 26339 40048 20196 76771 58203 34550 31658 6411 8335 2748 18568 19852 67363 4991 17575 14410 5587 3990 23653 3269 1001 6512 588 3165 1420 2892 20384 66775 19496 10179 9317 7195 6906 3869 18469 11744 5823 689 6725 668 289 13684 5314 8370 414 356 1006 389 617 359 10797 297 333 121 15542
is_linear=0
shrinkage=0.05


Tree=4
num_leaves=63
num_cat=0
split_feature=22 0 6 6 0 17 0 17 19 2 0 1 15 14 15 16 16 1 25 15 17 10 16 17 16 16 15 17 16 13 15 13 8 15 13 13 16 16 28 16 14 8 17 17 28 15 16 18 7 15 8 29 16 8 13 18 29 3 4 2 16 18
split_gain=28643.9 698.431 312.846 230.665 105.94 88.4792 78.811 77.6788 74.7932 64.5285 63.7959 63.734 64.8525 61.0815 71.1689 60.3056 76.5139 67.937 53.6733 53.4 95.9959 56.811 50.3857 50.2359 74.7589 50.9316 48.7914 47.6946 67.7306 55.4907 45.0001 41.9829 41.1452 40.0624 38.8888 38.8536 38.3243 36.8947 57.2556 39.1382 36.1075 36.037 34.401 56.1493 54.0239 67.9317 62.8219 34.9752 34.3993 44.3825 30.1111 56.4207 32.0625 23.6023 23.1206 22.7332 20.0279 19.8443 18.7279 16.9804 19.6178 16.2916
threshold=1.0000000180025095e-35 3.5000000000000004 5.5000000000000009 6.5000000000000009 1.5000000000000002 3.8100000000000005 4.5000000000000009 6.7335000000000003 45.000000000000007 2.5000000000000004 2.5000000000000004 3.5000000000000004 6.8955000000000011 463.14628521988692 6.7245000000000008 13.424000000000001 13.629500000000002 2.5000000000000004 11.500000000000002 4.1655000000000006 14.444500000000003 0.98714477746900453 17.642000000000003 6.3180000000000005 8.3975000000000026 21.493500000000004 5.0425000000000013 8.9570000000000025 23.734000000000005 339573.1766666667 7.4730000000000016 535789.22707222064 72256.020000000004 2.8155000000000006 108840.67166666668 77695.928333333359 21.001500000000004 32.115000000000009 172586.93000000002 29.146000000000004 1129.0404019163077 179849.41 5.0305000000000009 5.0855000000000006 238896.41000000003 6.1325000000000012 32.982500000000009 1.0000000180025095e-35 349.50000000000006 5.7425000000000006 257728.29000000004 249800.62500000003 32.115000000000009 367384.51000000007 138566.19333333336 22.500000000000004 252689.44500000004 2.5000000000000004 1.0000000180025095e-35 4.5000000000000009 27.062000000000001 13.500000000000002
decision_type=2 2 2 2 2 2 2 2 2 2 2 2 2 2 2 2 2 2 2 2 2 2 2 2 2 2 2 2 2 2 2 2 2 2 2 2 2 2 2 2 2 2 2 2 2 2 2 2 2 2 2 2 2 2 2 2 2 2 2 2 2 2
left_child=1 2 4 6 42 22 18 37 -2 27 48 12 -9 19 54 17 -17 -11 23 32 21 -21 34 24 -3 -25 -22 28 -8 -29 41 -13 58 -34 35 -4 56 39 -39 -6 -36 -20 44 -44 46 -46 -1 -45 49 -7 51 -12 -52 -38 61 -56 -24 -50 -5 60 -16 -15
right_child=8 3 5 13 7 10 9 11 -10 15 50 31 -14 14 59 16 -18 -19 30 20 26 -23 36 25 -26 -27 -28 29 -30 -31 -32 -33 33 -35 40 -37 53 38 -40 -41 -42 -43 43 47 45 -47 -48 -49 57 -51 52 -53 -54 -55 55 -57 -58 -59 -60 -61 -62 -63
leaf_value=0.027998427019080754 0.098130469450467009 -0.014853639571501999 0.029267853033237874 -0.041201099439808674 0.016133117886944125 0.046560063305273902 0.0039485906429844297 0.021738909959071528 0.1058083596037893 0.010563607552771881 0.027967257116802275 0.02577313895810231 0.012124803808776348 -0.024055365766789249 -0.037105331232475051 0.086881203296155479 0.019893622854286221 -0.022338042800368135 0.015750400400941559 0.018351048993547423 0.0094980793941662894 -0.015770455061889642 0.065837819789419341 0.033707156217370055 0.030376483749946066 -0.0019551028791487089 0.041990568581487121 -0.011678355532808445 0.029591767299183037 0.016644436870120679 -0.038769619860694743 0.044497441143982963 0.012958502950043933 0.045889182940787934 0.022808963669950891 -0.026218177015481844 0.012842562548518816 -0.022052541628278886 0.06835720766100685 -0.013532813368236658 -0.0074298416749683828 0.0092770679635444855 0.087579960791843617 0.032130298294353675 -0.0061436330649217103 0.049283323408502611 -0.069002851194902043 0.02460060428162136 0.034001363974730914 0.033130515471775514 0.037912238548746494 -0.0064225841145722487 -0.013284544902626172 0.066192981269965936 0.020569625064885695 -0.024614423392330612 0.021606452794685288 0.013336220225349497 0.027206474180760429 0.029907056996934946 0.018542159661866519 0.031810326223745827
leaf_weight=846.06803323328495 7470.6700758039951 187.23304875195026 46.727976158261299 22.421415641903877 8266.1158359050751 1732.3109425455332 3695.5820346027613 10679.159534394741 5512.3047021776438 1683.7900851517916 2275.1411702781916 4032.766917437315 2098.8148275762796 51.926829054951668 92.954706117510796 44.815417796373367 873.2121168076992 173.01732121407986 3818.7831276655197 1205.083552852273 138.78981310129166 135.72705738246441 121.51148191094398 788.86209703981876 178.41247063875198 114.6706687361002 689.57634961605072 873.93162648379803 276.78856079280376 215.60100702941418 43.681843310594559 323.36945892870426 108.1289260238409 633.23567791283131 918.28368765115738 97.135476410388947 130.57589693367481 22.985919862985611 73.529823660850525 112.69535684585571 110.61196804046631 4919.8430133312941 39.606511265039444 2718.9965294748545 316.62955704331398 66.973141312599182 17.027450203895569 3563.3567570000887 1259.1542959958315 954.03738832473755 1006.4069334566593 125.86435258388519 31.5394396930933 24.643401682376862 1296.1154723912477 28.448519796133041 32.421066522598267 127.9785261452198 18.067156717181206 14.483790963888167 19.090730711817741 17.430745825171471
leaf_count=2848 15542 734 161 92 29225 5246 13876 36737 10797 6115 7514 13506 7480 206 390 124 3057 697 13507 4199 489 526 347 2632 610 428 2188 3437 947 782 193 1015 381 1994 3141 396 460 91 217 433 418 17943 106 8923 1194 210 75 12022 4059 3060 3213 463 119 71 4498 113 109 446 60 48 69 58
internal_value=0.0336272 0.0199942 0.0237818 0.0128504 0.0215395 0.0320528 0.0103114 0.0200036 0.10139 0.00655279 0.0342554 0.0219403 0.0201598 0.0230079 0.0148665 0.0126808 0.0231638 0.00749783 0.0132418 0.0272026 0.0231646 0.014897 0.0208871 0.022853 0.00721587 0.0291811 0.0365466 0.00319356 0.00573537 -0.00607373 0.0118529 0.0271631 0.0384057 0.0410862 0.0161535 -0.00819588 0.038844 0.0160882 0.0468255 0.0157341 0.0195581 0.0121059 0.0267367 0.0282336 0.0191458 0.00353335 0.0260848 0.0278594 0.0384889 0.0417907 0.0292407 0.0261645 0.0363566 0.0213127 0.0181256 0.0195992 0.0565219 0.0320948 -0.0106757 -0.0210383 -0.0276239 -0.0100154
internal_weight=77515.1 64532.1 42172.4 22359.7 33178.1 8994.34 17888.2 25609.4 12983 7836.74 7512.43 17134.1 12778 4471.48 1520.45 2774.83 918.028 1856.81 10051.5 2951.03 2169.18 1340.81 1481.91 1269.18 365.646 903.533 828.366 5061.9 3972.37 1089.53 8782.31 4356.14 781.853 741.365 1172.76 143.863 309.152 8475.33 96.5157 8378.81 1028.9 8738.63 7568.66 6321.96 1246.7 383.603 863.095 6282.35 4073.48 2686.35 3438.95 2401.01 1037.95 155.219 1393.92 1324.56 153.933 1387.13 40.4886 126.529 112.045 69.3576
internal_count=250037 223698 143305 80393 114082 29223 65082 88704 26339 29035 24120 58738 44217 15311 5382 9993 3181 6812 36047 9929 7402 4725 5103 4404 1344 3060 2677 19042 14823 4219 31643 14521 2527 2375 4116 557 987 29966 308 29658 3559 31450 25378 21051 4327 1404 2923 20945 12811 8306 11309 7977 3332 531 4875 4611 456 4505 152 507 459 264
is_linear=0
shrinkage=0.05


Tree=5
num_leaves=63
num_cat=0
split_feature=22 0 0 7 17 7 16 9 15 7 17 7 2 9 22 0 16 9 9 18 9 18 1 9 11 17 16 10 16 10 15 7 28 28 17 15 16 9 16 9 27 10 7 10 15 26 16 27 9 9 5 16 24 18 5 9 3 10 16 16 2 3
split_gain=25301.2 685.245 200.616 148.244 108.831 87.6598 90.9067 109.717 107.244 82.5631 79.068 77.3939 73.9412 102.181 71.1544 69.4321 66.0512 58.2845 110.766 64.6046 55.327 52.5141 52.4371 82.744 61.7782 50.5306 50.445 104.332 78.0199 52.2137 59.2864 47.7737 44.9196 54.2717 42.1584 42.0043 40.4791 91.9684 77.6229 71.0028 66.401 47.7191 39.0759 36.8825 42.4684 36.5495 36.2512 35.0794 34.5192 32.6171 31.8307 97.189 33.6811 28.15 50.0532 31.1514 27.7927 27.3477 26.8602 26.5655 26.5066 23.8275
threshold=1.0000000180025095e-35 2.5000000000000004 4.5000000000000009 354.50000000000006 8.0270000000000028 353.50000000000006 16.538000000000004 195850.00000000003 7.3005000000000004 337.50000000000006 14.756500000000001 288.00000000000006 3.5000000000000004 387550.00000000006 1.5000000000000002 1.0000000180025095e-35 13.489000000000003 301150.00000000006 248750.00000000003 7.0000000000000009 105950.00000000001 5.5000000000000009 3.5000000000000004 68150.000000000015 -621.37000000000978 36.800000000000004 28.006000000000004 0.98929377457137646 28.947500000000002 0.9264383580245088 2.9925000000000002 349.50000000000006 622748.51500000001 529042.19000000006 3.5645000000000002 7.2115000000000009 16.140000000000004 278050.00000000006 20.731500000000004 116650.00000000001 224044.15500000003 0.98229836523339853 358.50000000000006 0.95165545401493945 4.5305000000000009 1.0000000180025095e-35 3.1495000000000002 159699.05500000002 286750.00000000006 431100.00000000006 2.5000000000000004 14.582500000000001 1.0000000180025095e-35 5.5000000000000009 1.5000000000000002 257450.00000000003 1.0000000180025095e-35 0.98675366162475242 20.149500000000003 6.3175000000000008 3.5000000000000004 1.5000000000000002
decision_type=2 2 2 2 2 2 2 2 2 2 2 2 2 2 2 2 2 2 2 2 2 2 2 2 2 2 2 2 2 2 2 2 2 2 2 2 2 2 2 2 2 2 2 2 2 2 2 2 2 2 2 2 2 2 2 2 2 2 2 2 2 2
left_child=1 3 4 9 22 11 7 -7 -8 17 15 25 26 20 -2 50 59 18 21 -20 35 -1 24 -24 46 -6 29 61 -29 30 -4 45 33 -17 -26 -14 37 40 41 -40 -12 -38 -25 49 -45 60 -3 -22 -39 -19 52 -52 -5 55 -55 -33 -31 -13 -18 -15 -11 -28
right_child=14 2 12 10 5 6 8 -9 -10 31 36 57 13 16 -16 32 58 43 19 -21 47 -23 23 42 34 -27 27 28 -30 56 -32 53 -34 -35 -36 -37 38 48 39 -41 -42 -43 -44 44 -46 -47 -48 -49 -50 -51 51 -53 -54 54 -56 -57 -58 -59 -60 -61 -62 -63
leaf_value=0.030822390633230425 0.091842320840150649 0.01324025641993944 0.089331351561761072 0.03783382006353278 0.019631886146211225 0.01984016089481757 0.026392047204433458 0.0076869746363038664 -0.012647294426229215 0.03958630378401376 0.022929811173966568 0.032716333672930246 0.035645494243419305 -0.021759159172123246 0.099301931174733432 0.017524507536441965 0.064253190036605887 0.056973531208904728 6.3162001804793961e-05 0.033188701058663776 0.0071801698623754004 0.018835565508723076 -0.039569393056735305 0.025538512281409926 0.0093384255248373706 0.074379753749677313 0.035856989420370744 0.065102656601843792 -0.02066184972332526 0.0081683419355100106 0.018200954295150958 0.039394875321190355 -0.0079475640649052937 0.05873576381868395 0.01644375803499018 0.099071904313784862 0.015946914014250149 0.07175907286974513 -0.0037222481897067777 0.031546967588368245 -0.00061019437098535625 0.054393540927167319 0.014375626049400379 0.016673305442716554 0.03765072545130551 0.00088553620661281575 -0.0011455131576134125 0.023007241915728577 0.036225786611105537 0.024261120686053114 -0.040239595109630988 0.075062966092789174 0.016210461914964149 0.0090123309309611526 0.047562370824127238 0.021823908813931838 0.001918172302481958 0.017534204135669633 -0.0022387935437918386 -0.072323063050183503 0.053331828057230059 0.072227863289295577
leaf_weight=3472.699479803443 7550.8773041665554 669.33162072300911 35.301726683974266 816.40149267017841 5464.1681547313929 3547.2655545771122 2736.048140257597 3897.573026061058 188.00561630725861 1155.941960260272 1711.5702528804541 2170.5873789787292 196.5095644146204 59.032493412494659 5543.7889521867037 6815.0473098009825 22.014306023716927 301.69859346747398 631.10851143300533 191.95926596224308 530.12476795911789 1239.9551891833544 58.792209848761559 1670.2222276777029 3405.8954013586044 42.473987892270088 180.85141551494598 32.282325267791748 148.49032992124557 3359.0875227451324 172.14779250323772 884.98023283481598 170.82683010399342 80.835633292794228 5393.6893391907215 30.101744279265404 96.233172103762627 78.022085040807724 173.28401583433151 808.51518622040749 363.12986905872822 500.26240848004818 1477.4401225447655 351.12205405533314 771.16895060241222 51.250285997986794 1266.6442799419165 1030.9429140239954 551.27067098021507 101.95106837153435 51.89905609190464 28.209829553961754 231.05242769420147 310.07479582726955 115.5911485850811 352.80926756560802 3780.3196758925915 343.5656740963459 48.983799025416374 46.388957053422928 503.4975703060627 59.960882857441902
leaf_count=11331 15530 2383 95 2592 18707 12186 9144 13956 719 3541 5762 6955 636 238 10741 23504 66 890 2281 619 1908 4219 242 5635 12272 121 587 98 594 12333 603 2762 640 243 18847 77 329 222 628 2617 1320 1504 5228 1205 2461 178 4709 3528 1784 337 210 78 790 1080 353 1170 14147 1171 186 218 1445 170
internal_value=0.0315951 0.0188171 0.0150275 0.0257743 0.016922 0.0194479 0.0164117 0.0134776 0.023882 0.0301718 0.0220961 0.0233729 0.00873393 0.0174013 0.0950004 0.0192186 -0.0189019 0.0270977 0.0247127 0.00778884 0.0209839 0.0276685 0.0135904 0.0192012 0.0119146 0.0200542 0.00654256 0.0233623 -0.00534605 0.00557739 0.0303052 0.0366057 0.0173802 0.0180076 0.0136936 0.0440707 0.0276021 0.0238882 0.0339651 0.0253221 0.0188097 0.0481909 0.0202989 0.0357496 0.0310877 0.0424725 0.00382813 0.0176325 0.0406313 0.0487113 0.0307408 0.000363461 0.033064 0.0305723 0.0194807 0.0343866 0.00485887 0.0306417 0.0183783 -0.044009 0.0437569 0.0449131
internal_weight=78071.3 64976.6 42064.2 22912.4 32331.7 18389.7 10368.9 7444.84 2924.05 10435.8 12476.6 8020.8 9732.54 1964.1 13094.7 8194.27 176.42 7061.66 5535.72 823.068 1787.68 4712.65 13942 3206.45 10735.6 5506.64 7768.44 421.585 180.773 7346.86 207.45 3374.15 7066.71 6895.88 8799.58 226.611 4282.29 2703.99 1578.29 981.799 2074.7 596.496 3147.66 1525.94 1122.29 1710.69 1935.98 1561.07 629.293 403.65 1127.56 80.1089 1047.45 1663.46 425.666 1237.79 7139.41 2514.15 70.9981 105.421 1659.44 240.812
internal_count=250125 223854 147759 76095 112275 62959 36005 26142 9863 33872 42223 26954 35484 6857 26271 28057 708 23343 18450 2900 6149 15550 49316 11105 38211 18828 28627 1449 692 27178 698 10529 24387 23747 31119 713 14166 9088 5078 3245 7082 1833 10863 4893 3666 5164 7092 5436 2006 1227 3670 288 3382 5365 1433 3932 26480 8126 252 456 4986 757
is_linear=0
shrinkage=0.05


Tree=6
num_leaves=63
num_cat=0
split_feature=22 6 2 16 17 16 18 19 15 18 16 16 8 13 18 8 29 18 16 28 17 17 15 28 13 9 16 9 15 13 15 25 29 9 4 18 15 7 9 18 28 9 8 10 16 9 16 27 7 9 17 14 17 19 35 10 2 6 16 6 10 15
split_gain=22665.2 464.101 193.75 105.628 86.139 82.9927 71.7808 66.9528 63.6514 59.0402 58.6198 62.4182 58.6145 82.9642 56.7241 51.558 49.0329 46.511 78.8081 53.7049 52.275 51.4538 56.4459 58.3425 44.862 75.8605 57.3297 44.3169 74.4223 44.5615 43.921 53.765 51.7905 43.8744 43.5208 41.4325 96.9745 71.6245 39.8344 39.3085 37.7493 58.4086 34.0335 30.8033 45.6022 30.6685 29.657 29.016 28.5688 24.4572 22.1916 21.0509 15.6211 13.5629 13.3011 3.57443 3.36779 3.18443 3.40191 3.63396 3.10486 3.72322
threshold=1.0000000180025095e-35 6.5000000000000009 2.5000000000000004 16.285500000000003 2.8085000000000004 23.015000000000004 4.5000000000000009 45.000000000000007 7.3725000000000014 13.500000000000002 6.5890000000000013 7.0360000000000005 110552.72000000002 81295.953333333353 18.000000000000004 149857.56000000003 229385.58000000005 5.5000000000000009 1.0000000180025095e-35 360910.37500000006 2.9640000000000009 36.185000000000009 6.581500000000001 385808.51500000007 125907.8016666667 138850.00000000003 18.226500000000005 127250.00000000001 4.7255000000000011 125907.8016666667 7.2645000000000008 14.500000000000002 356322.15000000008 115350.00000000001 1.0000000180025095e-35 8.5000000000000018 4.5485000000000015 358.50000000000006 171250.00000000003 3.5000000000000004 296875.18500000006 326350.00000000006 74861.945000000022 0.98994767610212098 13.049000000000001 345850.00000000006 10.159000000000001 95399.525000000009 165.50000000000003 293850.00000000006 13.915000000000001 610.18665889970805 2.7030000000000007 75.000000000000014 1.0000000180025095e-35 0.97652349968410757 2.5000000000000004 7.5000000000000009 6.8005000000000004 5.5000000000000009 0.98272871976394216 7.3005000000000004
decision_type=2 2 2 2 2 2 2 2 2 2 2 2 2 2 2 2 2 2 2 2 2 2 2 2 2 2 2 2 2 2 2 2 2 2 2 2 2 2 2 2 2 2 2 2 2 2 2 2 2 2 2 2 2 2 2 2 2 2 2 2 2 2
left_child=1 2 5 9 10 16 34 55 14 27 48 -12 13 42 -8 -10 35 18 19 45 -20 22 47 -24 26 -26 -13 28 -4 -29 32 -32 -14 -22 50 37 -37 -1 -36 -15 49 -42 -5 46 -45 -6 -11 -19 -3 -18 -7 -21 54 -9 -50 56 57 58 59 -2 -57 -62
right_child=7 4 3 12 17 6 8 53 15 43 11 24 30 39 -16 -17 40 21 20 51 33 -23 23 -25 25 -27 -28 29 -30 -31 31 -33 -34 -35 38 36 -38 -39 -40 -41 41 -43 -44 44 -46 -47 -48 -49 52 -51 -52 -53 -54 -55 -56 60 -58 -59 -60 -61 61 -63
leaf_value=0.0193902460685016 0.082409876499048296 0.066095959588258188 0.030897480580699757 0.020246311986024196 0.021686860214254516 0.059214932738586482 0.02367740341916328 0.091960615039236929 -0.048482077788631124 -0.05685568649102455 0.089962516811465221 -0.022296151499896728 0.02652691587835156 -0.048605414570829397 0.0084715125356083897 0.0083479312555877743 0.0067162457666092501 0.04026114076636083 0.11007556472283414 0.064559405302743997 0.049410458317966949 0.086795859355338068 0.017398781568230437 -0.023842380705844803 0.073891542737528557 0.020595233750026767 0.035874526363003888 -0.027723474556858019 0.014817926585304321 0.01675595572035082 -0.033790543997500914 0.018699193845562651 0.042607045323465403 0.033022444105938548 -0.032079147874385143 0.016060422861136871 0.0022357363965968768 0.012046030640861457 0.033722806159619069 0.0041074311182027704 0.022791592580194701 0.0090976002394368635 0.055636307322211011 0.045276071489674566 -0.003083167556073305 -0.016279456119552557 -0.0017434508649381013 0.025447992932461857 0.00026620716989872261 -0.0064116458894652095 0.017292974514339952 0.034958136805583732 -0.040879650659007248 0.097103261004580235 0.037490929234457758 0.083568072104546601 0.090158994534659601 0.089690558854079394 0.087169867237968005 0.063763602537267275 0.086840070003324402 0.079395581686971875
leaf_weight=5615.977789580822 327.79245175421238 17.042400121688843 1547.7870843410492 177.54715573787689 1838.6055069416761 212.80441647768021 2260.0936657041311 3575.4895272254944 61.057586908340454 25.927644357085228 33.096662998199463 121.71849043667316 3977.971075579524 38.325575307011604 841.735596165061 115.22787293791771 3426.724185153842 360.86744527518749 23.496540442109108 85.74773183465004 472.51540978252888 33.049574047327042 894.12410673499107 94.853159219026566 72.579325944185257 833.71693931519985 64.960664942860603 56.565059751272202 1344.8737219721079 12461.656705543399 56.428532764315605 360.18560665845871 572.84711010754108 3010.4490552842617 31.440295845270157 2791.1681637167931 2325.2224098145962 8119.4875880479813 85.670691788196564 458.08784730732441 996.99692043662071 3555.9314309358597 110.03621855378151 89.058529078960419 107.70483337342739 54.775318250060081 417.08537009358406 3939.4603739231825 483.56006328761578 395.75052094459534 37.06645992398262 200.492501989007 22.04301942884922 1998.8230536729097 25.250469878315926 1173.6391682326794 1127.2810564488173 504.66779607534409 561.75002525746822 28.39312906563282 3707.2646964937449 175.92344425618649
leaf_count=19231 684 50 5049 595 6063 615 7560 6976 256 114 88 491 13054 156 3033 412 12364 1112 56 243 1394 83 3012 363 199 2815 205 221 4618 42810 223 1232 1778 9424 122 9791 8564 28610 270 1620 3422 12746 325 290 398 207 1544 12838 1773 1483 124 636 90 3765 82 2435 2257 1013 1143 65 7560 373
internal_value=0.0298308 0.0177682 0.0157008 0.0193093 0.026355 0.0131525 0.0202377 0.0896419 0.0178901 0.017226 0.0157878 0.0223144 0.0251232 0.0124177 0.019551 -0.0113355 0.0122039 0.0279619 0.0311062 0.0236401 0.0357471 0.0246026 0.024214 0.0134433 0.0202659 0.0248634 -0.0020539 0.0178439 0.0234217 0.016555 0.0271285 0.0115897 0.028551 0.0352457 0.0412082 0.0136182 0.00977758 0.0150488 0.0160572 3.77383e-05 0.00902057 0.0120963 0.0337874 0.00234277 0.0188051 0.0205885 -0.00496893 0.0266911 0.00237402 0.00535708 0.0529961 0.0438257 0.000328301 0.0938047 0.00211354 0.0865913 0.0881177 0.0865001 0.0847461 0.0809235 0.0858217 0.0865028
internal_weight=78537.9 65356.8 52674.4 21802.1 12682.4 30872.4 3645.1 13181 3278.11 16050.7 1673.97 1126.07 5751.43 783.997 3101.83 176.285 27227.3 11008.4 5686.08 2179.62 3506.46 5322.35 5289.31 988.977 1092.98 906.296 186.679 15410.9 2892.66 12518.2 4967.43 416.614 4550.82 3482.96 366.982 18851.9 5116.39 13735.5 117.111 496.413 8375.4 4552.93 287.583 639.776 196.763 1893.38 443.013 4300.33 547.896 3822.47 249.871 286.24 530.854 5574.31 508.811 7606.71 2549.88 1422.6 917.936 356.186 5056.83 3883.19
internal_count=250125 223854 182630 74027 41224 108603 12392 26271 11261 55044 5793 3798 18983 2696 10593 668 96211 35431 18023 7149 10874 17408 17325 3375 3710 3014 696 52698 9667 43031 16287 1455 14832 10818 1131 66196 18355 47841 392 1776 30015 16168 920 2346 688 6270 1658 13950 1995 13847 739 879 1945 10741 1855 15530 5162 2905 1892 749 10368 7933
is_linear=0
shrinkage=0.05


Tree=7
num_leaves=63
num_cat=0
split_feature=22 0 0 7 2 7 2 19 2 9 16 8 16 1 15 9 9 18 13 7 29 16 16 16 16 16 9 0 9 18 16 10 16 10 15 16 2 7 15 10 15 16 0 10 14 15 9 10 13 13 16 26 10 15 10 15 15 18 5 9 9 2
split_gain=20456.5 586.629 173.698 118.481 73.0429 65.8559 64.7011 64.1284 62.2201 91.3903 62.6163 61.2031 62.9051 59.3053 57.4091 51.8338 94.9649 57.0283 51.7175 51.404 48.2117 48.0876 77.2354 60.3279 47.3294 71.8867 67.8255 58.3714 46.2786 45.7169 45.6976 91.0518 68.9224 45.122 49.9384 43.4148 42.2553 41.0224 40.6273 39.0984 38.896 53.9161 38.663 58.6893 43.8157 38.5864 37.1262 36.9904 35.882 33.6527 32.5222 32.3798 31.9208 36.4073 30.9146 30.7779 30.7435 23.552 43.8351 27.0322 23.0965 22.4553
threshold=1.0000000180025095e-35 2.5000000000000004 4.5000000000000009 354.50000000000006 2.5000000000000004 337.50000000000006 2.5000000000000004 45.000000000000007 3.5000000000000004 380300.00000000006 13.489000000000003 120516.07000000002 10.612500000000002 3.5000000000000004 7.3725000000000014 301150.00000000006 248750.00000000003 7.0000000000000009 64388.834999999999 358.50000000000006 184003.02500000005 16.285500000000003 16.048500000000004 33.63750000000001 15.912000000000001 20.731500000000004 278050.00000000006 1.5000000000000002 105950.00000000001 5.5000000000000009 28.006000000000004 0.98929377457137646 28.947500000000002 0.9264383580245088 2.9925000000000002 30.585000000000004 1.0000000180025095e-35 349.50000000000006 4.3645000000000005 0.98981272866211301 2.5485000000000002 5.033500000000001 1.0000000180025095e-35 0.98598626489066732 836.26134870254612 3.8505000000000007 103350.00000000001 0.98544729340392678 310949.58333333355 149881.41166666668 6.3175000000000008 1.0000000180025095e-35 0.95165545401493945 4.5305000000000009 0.93991650268706095 2.7945000000000007 7.1520000000000001 5.5000000000000009 1.5000000000000002 257450.00000000003 199550.00000000003 3.5000000000000004
decision_type=2 2 2 2 2 2 2 2 2 2 2 2 2 2 2 2 2 2 2 2 2 2 2 2 2 2 2 2 2 2 2 2 2 2 2 2 2 2 2 2 2 2 2 2 2 2 2 2 2 2 2 2 2 2 2 2 2 2 2 2 2 2
left_child=1 3 4 5 13 15 11 -2 30 28 50 12 45 20 18 16 29 -18 -15 40 36 22 -21 -23 26 47 27 -8 46 -1 33 -32 -33 34 -4 -27 -3 51 -22 -14 41 -6 43 -13 -44 -5 -10 -26 -28 -16 -11 61 55 -54 -42 -17 -30 59 -59 -39 -35 -7
right_child=7 2 8 6 19 37 24 -9 9 10 -12 42 39 14 49 52 17 -19 -20 21 38 23 -24 -25 25 35 48 -29 56 -31 31 32 -34 60 -36 -37 -38 57 -40 -41 54 -43 44 -45 -46 -47 -48 -49 -50 -51 -52 -53 53 -55 -56 -57 -58 58 -60 -61 -62 -63
leaf_value=0.027734235251418334 0.081999490540804174 0.0070191858190106482 0.080465577845737546 -0.023567676023365264 0.031521117271074546 0.035535548843536165 0.02469815985149601 0.089053072168874731 0.029767686888542783 -0.017331836957236061 0.01605244497088348 0.0091910641694436888 0.031193799665278157 -0.02472862620535414 -0.074300789881049475 0.096792664236269255 -0.00077836567893621871 0.030146235392123605 0.019496095644299029 0.012521073199846007 0.0034862910387870728 0.025018264662639251 -0.071919702032547744 -0.013882354032737521 0.024466935026888431 0.016202678562548506 0.046722377231080858 0.011109463540086845 0.017324574867421332 0.016622641445842131 0.041232379637540548 0.059671659391665834 -0.02013651684920964 0.0066097707496422927 0.016187858615882969 0.042413361953796427 0.016049461954258677 0.035284827279334539 0.011421601623968311 0.0054654450791102403 0.010403464168092491 -0.06859789657883629 0.01838620256051594 0.038578109424663297 -0.00013846036957016502 0.0037209139910314723 0.079931744656512024 0.048480108836184949 0.025882229403726122 -0.0026198007089842023 -0.071525335738829146 -0.00081830243972986084 0.014832740108256188 0.034135681783279165 0.022280820442571028 0.040805389325854619 -0.016305084398542485 0.0073415736719197495 0.043107695107522728 0.019043580419465814 0.00093767077740102521 0.048061833757865886
leaf_weight=3527.3699444383383 7630.294221997261 1618.7798529565334 36.559642940759659 197.35184913873672 25.450976923108101 1176.5686422735453 1449.1054894328117 5577.9509458988905 185.26279114186764 61.951581403613091 81.52197653055191 251.04173201322556 278.72483350336552 67.105603963136673 23.71722999215126 26.217160880565643 634.34878879785538 194.88088750839233 4442.2606108635664 4504.6054717153311 2509.8163353204727 1416.4958122223616 27.243986397981644 107.20880399644375 223.03495037555695 782.66029094159603 302.23382115364075 1738.2773924618959 1490.8837738484144 1255.049531891942 245.13305000960827 33.112568020820618 147.81260704994202 3710.1535862386227 174.17972800135612 197.94365581870079 6485.6872771680355 901.99030902981758 4513.9829953014851 314.03588910400867 600.44964207708836 28.510450422763824 4421.1687999516726 525.62555809319019 344.04395969212055 377.01950155198574 46.052309587597847 570.81634247303009 652.37537154555321 52.883881986141205 50.048628613352776 51.718928277492523 354.72608685493469 784.53238205611706 6254.3654042482376 385.34638807177544 71.20496654510498 313.00743938982487 117.94999814033508 357.84534959495068 3476.3512382507324 514.11305756866932
leaf_count=11331 15530 5804 95 767 83 3541 4715 10741 590 246 285 870 903 264 108 63 2281 619 15007 15623 9071 4636 120 403 723 2601 914 6011 5105 4219 757 98 594 13503 603 603 22282 2762 15853 1106 2065 124 14986 1617 1245 1342 123 1685 2135 196 239 178 1205 2461 20636 1164 269 1080 353 1170 12977 1445
internal_value=0.028199 0.0167858 0.0132933 0.0231763 0.0150449 0.0270749 0.0199045 0.0849783 0.00745856 0.0153599 -0.0172841 0.0165432 0.00613689 0.013128 0.0181088 0.0243458 0.0221098 0.00648936 0.018838 0.0179599 0.0116181 0.014597 0.0120134 0.0222812 0.023716 0.0305485 0.0207889 0.0172874 0.0188824 0.0248182 0.00545181 0.0213747 -0.00553018 0.00453471 0.0273389 0.0214935 0.0142458 0.0327685 0.00858607 0.0175633 0.0209076 -0.0213766 0.0187348 0.0290794 0.0170487 -0.00565534 0.0397548 0.0417335 0.0324803 -0.0248137 -0.0415488 0.0381525 0.032437 0.0281254 0.0212404 0.0443719 0.0157916 0.0272202 0.0171305 0.0306716 0.00386599 0.0393446
internal_weight=78918.2 65709.9 42488.8 23221.1 32678.6 10595.7 12625.5 13208.2 9810.23 1986.93 193.522 6709.01 1167.13 19714.2 4585.97 7162.47 5611.65 829.23 4509.37 12964.3 15128.3 6055.55 4531.85 1523.7 5916.45 1774.46 4141.99 3187.38 1793.4 4782.42 7823.3 426.058 180.925 7397.24 210.739 980.604 8104.47 3433.19 7023.8 592.761 6908.78 53.9614 5541.88 776.667 4765.21 574.371 231.315 793.851 954.609 76.6011 112 1742.4 1550.82 1139.26 6854.82 411.564 1562.09 1690.79 430.957 1259.84 7186.5 1690.68
internal_count=250125 223854 147759 76095 112275 33872 42223 26271 35484 6857 770 22836 4118 68585 15575 23343 18450 2900 15271 43690 53010 20782 15743 5039 19387 5612 13775 10726 6087 15550 28627 1449 692 27178 698 3204 28086 10529 24924 2009 22908 207 18718 2487 16231 2109 713 2408 3049 304 485 5164 4893 3666 22701 1227 5374 5365 1433 3932 26480 4986
is_linear=0
shrinkage=0.05


Tree=8
num_leaves=63
num_cat=0
split_feature=22 6 2 17 19 6 18 10 17 18 13 13 7 18 3 17 9 9 7 14 21 9 13 15 15 9 9 9 15 13 13 28 25 15 3 15 7 15 17 9 9 15 13 17 24 13 25 15 6 14 17 17 12 13 10 18 13 7 7 10 19 10
split_gain=18578.2 394.839 145.001 77.3129 62.2624 47.1309 50.1 46.1511 44.4219 55.0731 68.4827 58.6258 43.3881 43.5088 41.3584 39.7341 43.0904 39.0746 38.511 42.8292 36.5916 36.8959 36.4461 43.4553 35.3225 33.9235 32.4924 104.349 63.3698 44.861 60.2329 43.2688 48.9394 40.3773 38.4576 53.3972 52.3227 30.4865 30.4136 29.934 57.8762 52.1469 28.9695 28.7849 59.9509 27.4366 26.2373 33.7479 25.9552 39.4671 27.0384 25.4261 24.3444 23.9391 21.0051 20.4342 19.5996 17.2564 17.0684 14.8126 13.1879 7.75034
threshold=1.0000000180025095e-35 5.5000000000000009 2.5000000000000004 2.8085000000000004 45.000000000000007 9.5000000000000018 9.5000000000000018 0.96140661720286025 13.841000000000003 2.5000000000000004 126764.78570405096 75640.730000000025 339.50000000000006 22.500000000000004 2.5000000000000004 3.7115000000000005 65650.000000000015 405750.00000000006 178.50000000000003 445.8983936256804 5.5000000000000009 475550.00000000006 83527.158333333355 5.900500000000001 7.3725000000000014 229350.00000000003 321350.00000000006 258650.00000000003 2.7770000000000006 126764.78570405096 132741.33333333337 338830.1700000001 17.500000000000004 6.5435000000000008 1.0000000180025095e-35 3.6775000000000007 343.50000000000006 6.8335000000000008 14.756500000000001 775400.00000000012 643950.00000000012 5.4615000000000009 271610.65500000009 14.155500000000002 1.0000000180025095e-35 90558.556666666671 20.500000000000004 6.6295000000000011 1.5000000000000002 852.7547299558347 10.479500000000002 22.808500000000006 -0.0039610899756059989 224923.05333333337 0.94700504083275838 8.5000000000000018 168757.84499999997 356.50000000000006 231.50000000000003 0.97411539587761375 75.000000000000014 0.96079258249606181
decision_type=2 2 2 2 2 2 2 2 2 2 2 2 2 2 2 2 2 2 2 2 2 2 2 2 2 2 2 2 2 2 2 2 2 2 2 2 2 2 2 2 2 2 2 2 2 2 2 2 2 2 2 2 2 2 2 2 2 2 2 2 2 2
left_child=1 2 8 26 -2 6 25 22 15 10 38 -11 13 14 -7 16 57 -18 19 59 21 -20 23 55 -12 56 27 29 61 33 -31 32 -28 -3 35 -33 -36 -22 -10 40 -17 -41 -30 44 -14 -45 51 -48 49 -24 -50 -8 -21 -27 -13 -4 -5 -1 -34 -9 -6 -29
right_child=4 3 7 5 60 12 46 18 9 11 24 54 43 -15 -16 39 17 -19 20 52 37 -23 48 -25 -26 53 31 28 42 30 -32 34 58 -35 36 -37 -38 -39 -40 41 -42 -43 -44 45 -46 -47 47 -49 50 -51 -52 -53 -54 -55 -56 -57 -58 -59 -60 -61 -62 -63
leaf_value=-0.0004279356667210377 0.077940020779849156 -0.0053234640561425376 0.042419350357229817 0.023741617432017307 0.083078809182261834 0.024405390702079865 -0.006808840709541914 0.017679722713732228 -0.040321804501457198 0.078218454399875792 0.015402224373101486 0.05468045409304019 0.031998694947064553 -0.053210576354149192 0.0025582856981019924 0.013327039557279137 0.010516342399182468 -0.0024607010066775969 0.017153398677063718 0.020984428281272324 0.021035675231555688 0.0053965290067146607 -0.0011720770034071449 -0.019547279562706011 0.046745554801850442 -0.032110915709258447 -0.016457310523821728 0.063039621582785504 -0.058369951821017077 0.070912526487073219 0.018303024926533313 -0.012540852310125236 0.1179491824016371 0.052896385781478011 -0.047727431512181839 0.062959194298908311 0.020981588864244182 0.037530845842428696 0.017953017985040093 0.0048617390888889027 -0.020941213658205435 0.077235740260936825 -0.017543862660925589 0.060224033381749975 0.017480775026244878 0.033128353789550299 0.020646177644288298 -0.0042568446346814256 -0.015065483974194827 0.016098141836979937 0.022953631426586601 0.033140632629856843 0.06374634517047556 0.018540784044443159 -0.0066665984996221866 0.10197535636760749 0.033079115268406893 -0.043375706627431586 0.061796227512890538 -0.053137921770155749 0.088158363261850434 0.016500898743882522
leaf_weight=42.025272712111473 7626.3211649954319 307.2732058018446 59.94642773270607 1425.4328350424767 3568.093449935317 2184.7078988701105 256.83134824037552 16.149097293615345 66.755537644028664 21.256496250629425 287.58733947575092 14.165714442729948 1963.3162231892347 19.259154960513115 240.47305043041706 19809.72647549212 7963.1953287124634 625.64819478988647 16052.702250346541 47.860892862081528 2121.183261975646 696.26413114368916 938.59716632962227 24.46184529364109 130.75737851858139 23.712677791714668 18.008862435817719 18.022181838750839 69.144548624753952 57.718542084097862 947.93659241497517 34.563231229782104 17.924667477607727 32.976795852184296 41.91136609017849 72.630375429987907 81.759318396449089 322.7313634455204 33.688601866364479 50.406520202755928 123.98396448791027 49.164072170853615 116.93669120967388 98.337780058383942 1114.9002637863159 1870.6762998253107 776.36244012415409 164.94983175396919 52.863822102546692 510.86634233593941 405.32525981962681 47.139111340045929 109.27305921912193 1434.3344628214836 930.6594336181879 18.957563757896423 927.76169295608997 52.741731256246567 55.231352761387825 13.604394868016241 1990.7185017466545 17.763913303613663
leaf_count=152 15530 1149 181 4561 6976 7001 929 54 269 58 978 42 6060 81 834 68529 28126 2323 53936 158 7003 2459 3337 91 403 91 67 52 295 154 3186 130 40 99 173 207 273 1010 115 181 479 135 448 264 3620 5663 2564 599 196 1722 1331 147 308 4727 3437 46 2884 221 159 56 3765 61
internal_value=0.0266863 0.0158661 0.0138207 0.0231749 0.0808734 0.0245948 0.0208649 0.0169704 0.01159 0.00315706 0.0162974 -0.00389935 0.0271123 0.0216447 0.0222391 0.012026 0.00920106 0.00957104 0.0177186 0.040306 0.0174986 0.0166647 0.00976077 0.0386775 0.0251989 0.0237098 0.0137468 0.0107754 -0.0209957 0.0160128 0.0213225 0.0282127 0.0573786 0.000319164 0.0166956 0.0386152 -0.00230355 0.0232139 -0.0207766 0.0132505 0.0131139 0.0405972 -0.0327141 0.0297604 0.0267404 0.0344816 0.0121581 0.0162823 0.00819392 0.00491485 0.0185672 -0.000613559 0.0507216 0.017717 -0.00574683 0.0567283 0.027423 -0.0243301 0.0755548 -0.0147007 0.0848979 0.0399382
internal_weight=79215.7 66030.5 51592.5 14438 13185.1 12548.2 5056.52 21390.8 30201.8 1484.87 518.789 966.082 7491.67 2444.44 2425.18 28716.9 8683.61 8588.84 19379.8 186.887 19192.9 16749 2011.02 103.366 418.345 3811.24 1889.8 1567.77 221.867 1345.91 1005.66 322.029 91.1649 340.25 230.864 107.194 123.671 2443.91 100.444 20033.3 19933.7 99.5706 186.081 5047.23 3078.22 1969.01 1245.28 941.312 1907.65 1449.46 458.189 303.97 157.134 1458.05 944.825 78.904 2353.19 94.767 73.156 29.7535 5558.81 35.7861
internal_count=250125 223854 177336 46518 26271 40025 16502 71888 105448 5302 1765 3537 23523 7916 7835 100146 30822 30449 64984 576 64408 56395 6904 318 1381 12263 6493 5444 856 4588 3340 1049 266 1248 783 337 446 8013 384 69324 69008 316 743 15607 9680 5927 4239 3163 6586 5059 1527 1076 466 4818 3479 227 7445 373 199 110 10741 113
is_linear=0
shrinkage=0.05


Tree=9
num_leaves=63
num_cat=0
split_feature=22 0 6 6 0 18 19 13 7 17 17 17 0 17 16 8 8 15 8 16 8 3 17 16 1 6 17 15 12 17 16 15 16 1 13 17 29 29 16 15 1 26 29 29 17 3 24 15 17 1 17 7 17 14 16 13 13 8 27 4 17 3
split_gain=16963 515.34 230.393 154.976 151.092 65.4219 61.1373 57.4124 62.4685 51.0106 50.0058 48.8669 51.294 47.7172 48.8971 47.6972 47.4652 45.5266 45.3118 44.9708 44.3894 41.9069 41.7226 40.4773 50.6733 37.7866 35.497 34.6313 35.2682 33.8657 60.4649 44.5809 39.9898 33.7249 33.1594 32.3187 30.2946 51.1783 46.1334 30.1736 28.9471 32.5161 31.232 73.82 37.3289 30.6347 26.5679 44.6094 65.7378 42.8456 34.8532 34.3563 28.7239 26.2854 26.2317 25.9071 24.7525 22.3454 21.0938 20.1041 19.4565 18.8021
threshold=1.0000000180025095e-35 2.5000000000000004 7.5000000000000009 4.5000000000000009 4.5000000000000009 5.5000000000000009 45.000000000000007 191853.67666666667 227.50000000000003 8.0270000000000028 16.146000000000004 14.756500000000001 1.0000000180025095e-35 7.7115000000000018 24.260000000000002 193073.66000000003 160460.16500000004 3.0935000000000001 182616.47000000003 17.920000000000005 395427.42500000005 1.0000000180025095e-35 9.7185000000000024 32.115000000000009 3.5000000000000004 6.5000000000000009 15.794000000000002 4.831500000000001 -0.0031534316348584496 2.8085000000000004 5.7430000000000012 6.9765000000000006 10.325500000000002 4.5000000000000009 97708.873333333337 19.138500000000004 148589.43500000003 142678.37000000002 32.115000000000009 5.9840000000000009 1.0000000180025095e-35 1.0000000180025095e-35 283291.13500000007 256850.55000000002 3.9410000000000003 2.5000000000000004 1.0000000180025095e-35 7.3185000000000011 14.000500000000001 3.5000000000000004 3.0140000000000007 346.50000000000006 36.185000000000009 210.59116006311655 23.734000000000005 408758.73166666675 203858.45166666669 138142.76000000004 351713.07000000007 1.0000000180025095e-35 1.0000000180025095e-35 1.0000000180025095e-35
decision_type=2 2 2 2 2 2 2 2 2 2 2 2 2 2 2 2 2 2 2 2 2 2 2 2 2 2 2 2 2 2 2 2 2 2 2 2 2 2 2 2 2 2 2 2 2 2 2 2 2 2 2 2 2 2 2 2 2 2 2 2 2 2
left_child=1 3 4 11 9 40 -2 8 25 36 26 12 20 14 -9 22 27 -18 -10 -17 54 39 -11 24 -14 -7 33 34 -29 30 60 32 -32 -6 -13 -23 37 -3 -38 -12 42 45 43 -5 -44 -42 50 48 -48 -49 51 -31 -52 -19 -1 -22 -15 -43 -33 -25 61 -4
right_child=6 2 29 5 10 7 -8 13 18 15 21 16 23 56 -16 19 17 53 -20 -21 55 35 -24 59 -26 -27 -28 28 -30 46 31 58 -34 -35 -36 -37 38 -39 -40 -41 41 57 44 -45 -46 -47 47 49 -50 -51 52 -53 -54 -55 -56 -57 -58 -59 -60 -61 -62 -63
leaf_value=0.019973139533064399 0.074316743845216138 0.011111561476662656 0.012826935145400668 0.022992354763206421 0.0012122706125131675 0.037007726864655886 0.081230638416534343 0.020506196862602206 0.019785209697311141 0.027134382289480341 0.0094093014528943246 0.047740608916446547 0.01376569309196151 0.09081795358086836 -0.038207751874652175 0.0089367562436130036 0.076694831374461092 0.031721392464455121 -0.036842368804434082 0.017510716700118636 0.092060267714135016 0.020651314115128681 0.015291633686696263 0.0038295490600169244 0.021665009520321646 -0.035203201700186593 -0.038777885207494846 -0.0075515813064223119 0.015427473135378983 0.089111260867433706 0.042357649764564798 -0.030507613807938566 0.01563439777205235 0.013784802851694374 0.019964686919478891 -0.0010688838196818724 0.0066135941826129009 0.03367997217870887 0.037996809054732884 0.028300421160107388 0.036250408563947525 0.04170126925892137 0.086377696964763509 -0.04081127208715743 0.030994580344987296 0.020275233548013777 0.010704669090061045 -0.04611272319750076 0.029261661212793933 0.053058582594362851 0.022429706097650361 0.014798074678130569 0.075321627169298813 0.022498304954011759 0.042300834091573897 0.040456534116256798 0.035465256894660867 -0.022752117137118735 0.039275273561333875 -0.030120538412423011 -0.039270896079234723 -0.012848029019070013
leaf_weight=1251.5659937262535 7598.8512371182442 4654.1522665768862 124.77758847177029 653.26984588801861 5766.4053533673286 21.833154201507568 5520.2090041339397 294.02862370014191 509.39649945497513 839.56386575102806 394.35775224864483 145.21816201508045 7235.4924101084471 21.075689479708672 40.3231480717659 6096.0821846872568 43.229687958955765 1075.0935443937778 37.958456516265869 2041.5208252668381 29.474836423993111 225.9604070931673 6514.4267138838768 146.68106710910797 2822.0457221716642 106.41994392871857 52.835094556212425 188.96815271675587 1434.891437754035 39.219836696982384 195.84308609366417 59.725142404437065 490.91346810758114 587.75827507674694 413.15835097432137 707.5195637345314 6619.0317053198814 265.53416769206524 119.20995202660561 455.54415449500084 2756.9690203666687 19.778424352407455 36.41209365427494 48.714464604854584 185.0384461581707 336.75295998156071 1258.7645969688892 50.235220089554787 768.67770680785179 13.90602560341358 4246.0319854319096 25.773919060826302 25.824829638004303 2744.7185438871384 146.9966666251421 139.11883276700974 484.27002304792404 42.009658291935921 13.227583974599836 62.052902981638908 39.429974392056465 166.39600740373135
leaf_count=4056 15530 16195 435 2042 21372 67 10741 933 1626 2707 1384 424 24528 50 156 21122 115 3359 144 6771 72 769 21902 510 9203 405 213 673 4746 98 609 235 1655 2053 1344 2541 23501 853 375 1491 8157 58 91 190 559 1062 4238 199 2379 39 13638 85 65 8834 432 422 1446 153 42 238 161 632
internal_value=0.0252764 0.0150019 0.0117403 0.020957 0.0100494 0.02822 0.077226 0.0193488 0.00849858 0.0118451 0.00409707 0.0186844 0.016816 0.0280786 0.0134252 0.0137252 0.0223417 0.0256716 0.0158582 0.0110877 0.0252416 0.0115022 0.0166437 0.0155299 0.0159822 -0.0229104 0.00203586 0.0164469 0.0127534 0.0196881 0.01154 0.0193074 0.0232551 0.00237523 0.0271884 0.00418876 0.00934671 0.0123297 0.00716881 0.0195349 0.0315156 0.0337942 0.0237293 0.0185647 0.040101 0.0345115 0.0210701 0.0164415 0.0177403 -0.0246121 0.0233023 0.0596416 0.0227495 0.0250942 0.0223199 0.0494783 0.0377738 -0.00212053 -0.0178548 -0.00626321 -0.00630906 -0.00184545
internal_weight=79450.7 66331.6 42858.6 23473 35339.9 5594.25 13119.1 1515.31 675.608 27149.5 8190.38 17878.7 11833.4 839.697 334.352 15491.6 6045.28 3863.04 547.355 8137.6 1567.16 1783.38 7353.99 10266.3 10057.5 128.253 6407 2182.24 1623.86 7518.75 1090.31 759.709 686.757 6354.16 558.377 933.48 11657.9 4919.69 6738.24 849.902 4078.94 3155.51 923.435 701.984 221.451 3093.72 6428.43 2091.58 2027.44 64.1412 4336.85 64.9938 4271.86 3819.81 1398.56 168.594 505.346 61.7881 72.9527 208.734 330.604 291.174
internal_count=250125 223854 147759 76095 123249 17139 26271 4827 2242 93426 29823 58956 39461 2585 1089 52502 19495 12308 1770 27893 4982 6185 24609 34479 33731 472 23638 7187 5419 24510 3769 2541 2264 23425 1768 3310 40924 17048 23876 2875 12312 9430 2882 2232 650 9219 20741 6855 6617 238 13886 183 13703 12193 4488 494 1496 211 277 748 1228 1067
is_linear=0
shrinkage=0.05


Tree=10
num_leaves=63
num_cat=0
split_feature=22 0 6 6 0 19 17 1 13 16 9 17 16 3 16 16 10 9 11 15 17 29 9 16 17 27 0 2 17 17 27 15 3 17 17 9 16 17 16 29 15 17 15 3 27 14 16 17 15 0 10 29 9 16 29 28 17 27 15 4 15 19
split_gain=15605.8 463.881 190.23 128.297 120.808 62.4125 52.0606 50.9604 62.3788 56.9303 49.4079 50.3208 48.7842 46.9855 61.1782 89.3568 51.8068 46.8617 45.0558 60.7413 84.0479 44.2751 51.3578 43.5347 42.1671 41.8805 41.7352 52.3954 77.3007 40.0675 38.9053 37.5117 36.8331 36.1545 35.7746 70.4879 45.1374 35.3945 47.0147 35.2806 34.5838 34.2551 48.3021 32.7074 31.6322 30.2088 29.8218 44.2543 29.2763 28.071 24.4489 24.0364 23.8573 20.1084 19.918 16.7366 16.317 16.2623 25.0589 14.3202 13.2393 12.5827
threshold=1.0000000180025095e-35 3.5000000000000004 8.5000000000000018 6.5000000000000009 1.5000000000000002 45.000000000000007 2.6015000000000006 3.5000000000000004 535789.22707222064 20.849000000000004 348550.00000000006 27.858000000000004 24.260000000000002 1.0000000180025095e-35 8.7170000000000005 9.9800000000000022 0.96444330793092747 494000.00000000006 -484.08000000000169 4.1655000000000006 14.444500000000003 264242.58500000002 262850.00000000006 6.7510000000000003 14.611000000000002 72355.090000000011 4.5000000000000009 2.5000000000000004 8.9570000000000025 10.321500000000002 229053.50500000003 3.2105000000000001 2.5000000000000004 21.107000000000003 5.3110000000000008 164550.00000000003 28.673000000000005 23.089000000000006 25.548000000000005 290806.66000000003 6.7245000000000008 36.800000000000004 7.1305000000000005 1.0000000180025095e-35 275739.39500000008 932.53942894372437 28.291500000000003 17.231000000000005 3.8905000000000007 2.5000000000000004 0.97211831488607936 149374.07000000004 129750.00000000001 27.062000000000001 308546.07000000007 258349.73500000002 28.958000000000002 615146.69000000006 6.581500000000001 1.0000000180025095e-35 7.488500000000001 75.000000000000014
decision_type=2 2 2 2 2 2 2 2 2 2 2 2 2 2 2 2 2 2 2 2 2 2 2 2 2 2 2 2 2 2 2 2 2 2 2 2 2 2 2 2 2 2 2 2 2 2 2 2 2 2 2 2 2 2 2 2 2 2 2 2 2 2
left_child=1 2 4 10 13 -2 23 9 17 44 26 37 50 14 16 -16 -1 -9 40 25 30 22 49 32 -22 59 34 28 -28 -29 -21 52 39 -11 35 -3 -36 43 -39 -4 57 42 -15 -12 -6 -10 54 -48 -33 -8 -13 -27 -25 56 -23 -24 -42 58 -5 -20 -43 -7
right_child=5 3 6 18 7 61 21 8 45 33 11 12 -14 41 15 -17 -18 -19 19 20 24 46 55 31 -26 51 27 29 -30 -31 -32 48 -34 -35 36 -37 -38 38 -40 -41 53 60 -44 -45 -46 -47 47 -49 -50 -51 -52 -53 -54 -55 -56 -57 -58 -59 -60 -61 -62 -63
leaf_value=0.046976354885565862 0.071111151118610716 0.014635175514715043 -0.0096025047224208328 0.0073540151861346131 0.012372963766663608 0.076327234501210428 0.028959138946238701 0.017123486627761527 0.05905933966433366 -0.013132397332995397 0.0060628620046083818 0.092217343404950552 -0.042552712843283012 0.023079906428485751 -0.029416684053051031 0.01415624275674238 0.020877982901524823 -0.018218954498809149 -0.040494621745517323 0.012389874300086369 0.077576220114331726 0.043975698288947887 -0.022811175188700211 -0.074272061632167832 0.024492687555442049 0.042348859793873102 0.0048122168860257782 -0.010905193940716797 -0.011383149600084616 0.01234728250424888 -0.0057652243386840732 0.05627621036640388 -0.06938126944891701 0.013519858625573353 0.012597160271774941 -0.0030223900892480246 -0.006967737034374393 -0.044896985509793069 0.040140083424872769 0.048946088376413274 -0.038636697648749753 -0.0593972127958644 0.040487498465466669 -0.0064016120697003272 0.016925140013381402 0.028664378354418159 -0.028383171271750336 0.042333611647979399 0.020014543128608855 0.020510473445511587 0.031499868472942442 0.02555408044321443 0.00041755880805525997 0.025427254928777274 0.031603029810373905 0.010123987883230557 0.022915733199565174 0.027660534628213152 0.05979199093330137 0.015796079933750332 0.0067808999205867977 0.081329933145989117
leaf_weight=224.21954719722271 7575.5850115716457 981.93891628086567 153.58153051137924 1054.9751317799091 15619.617909431458 3502.6686129271984 2151.7145169079304 6810.8701353371143 102.29637299478054 333.70161060988903 994.81923295557499 20.147524252533913 19.928455635905266 4362.8547938168049 124.3695075660944 2181.4566901475191 1251.4909873604774 95.101467788219452 26.659010589122772 1086.4037148356438 39.106523752212524 465.61053717136383 67.61371286213398 13.840580165386198 862.64653716981411 350.77342301607132 3492.72866140306 201.59539856016636 933.76347801089287 2287.0528877526522 405.12860400974751 65.068726062774658 21.200988784432411 205.6645791977644 6350.1570436060429 1331.6816074997187 309.14744074642658 90.359279066324234 19.818919345736504 30.908446088433266 74.154557839035988 16.237273842096329 438.5575258731842 1117.5356261432171 5050.0312892198563 406.93390180170536 46.158323362469673 42.487008959054947 385.04401415586472 1810.3230615705252 93.620256796479225 542.55818969011307 46.991404175758362 20.439674809575081 1079.2754330784082 89.808622822165489 12.59576280415058 123.22103276848793 23.285804718732834 19.608685940504074 14.137725442647936 1960.3745549023151
leaf_count=651 15575 3357 566 3631 52952 6951 6389 22378 286 1243 3609 52 82 13884 470 7128 4029 351 106 3656 101 1321 248 63 2696 1043 12780 766 3630 7878 1475 187 95 687 21720 4936 1134 378 63 91 310 66 1313 4202 16890 1280 170 122 1249 5709 299 1723 162 68 3204 290 39 393 68 64 48 3776
internal_value=0.0240259 0.0142316 0.0172513 0.00846457 0.0158764 0.0740488 0.0251651 0.0143141 0.0178821 0.0130667 0.0065763 -0.000180346 0.0296117 0.0210681 0.0168937 0.011806 0.0248434 0.0166368 0.0158867 0.0189735 0.0147442 0.0267481 0.023986 0.0124569 0.0267948 0.0297463 0.00757833 0.0046592 0.00139582 0.0104637 0.0074586 0.0202761 -0.00696614 -0.00296968 0.009828 0.00447177 0.0116889 -0.00197248 -0.0296005 0.000206408 0.00802512 0.0243351 0.0246699 -0.000531434 0.0134852 0.0347702 0.0337137 0.00551083 0.0252566 0.0250988 0.0422525 0.0321487 -0.0165759 -0.0191876 0.035332 -0.00402184 -0.0296996 0.0104529 0.00848645 -0.0166381 -0.0285953 0.0781224
internal_weight=79631.6 66593 43707.2 22885.9 37237.5 13038.6 6469.63 28624.2 7415.2 21209 18244.3 2356.23 133.696 8613.32 3781.54 2305.83 1475.71 6905.97 4641.56 3332.88 2393.29 5752.99 4119.46 716.636 901.753 939.599 15888.1 6915.14 4426.49 2488.65 1491.53 510.945 205.691 539.366 8972.93 2313.62 6659.3 2222.53 110.178 184.49 1308.67 4831.79 4801.41 2112.35 20669.6 509.23 1633.53 88.6453 450.113 3962.04 113.768 893.332 60.832 107.19 1544.89 157.422 86.7503 1201.48 1078.26 46.2677 30.375 5463.04
internal_count=250083 223781 143522 80259 123656 26302 19866 96067 24295 71772 64886 8685 433 27589 12278 7598 4680 22729 15373 10864 7928 17453 12636 2413 2797 2936 56201 25054 16410 8644 5131 1661 752 1930 31147 8293 22854 8252 441 657 4509 15311 15197 7811 69842 1566 4817 292 1436 12098 351 2766 225 417 4525 538 349 4092 3699 170 114 10727
is_linear=0
shrinkage=0.05


Tree=11
num_leaves=63
num_cat=0
split_feature=22 0 0 7 7 17 9 13 28 19 1 9 17 27 9 17 27 9 10 17 16 9 27 2 17 7 16 9 7 9 13 9 9 1 8 17 9 17 1 9 7 9 9 16 0 7 24 13 9 0 16 16 9 16 16 9 17 9 16 5 17 14
split_gain=14367.2 417.766 136.864 72.7789 80.9896 71.3285 71.43 63.9814 90.4916 62.1895 53.3802 51.1341 50.8646 50.6491 64.7692 48.0574 45.4712 79.4345 52.7375 44.3092 82.1086 65.2834 43.2719 42.8765 64.2436 42.232 40.3156 39.7558 38.687 38.4522 37.1321 68.4438 34.3132 84.3319 36.1311 33.8394 44.7017 37.7833 32.2615 58.7748 41.3368 39.9205 61.2733 40.4758 30.7055 30.3217 30.1518 47.7679 35.9675 29.8527 46.403 50.0619 38.3659 40.208 39.3823 35.9335 27.6176 26.2942 25.1507 24.6539 18.944 17.6483
threshold=1.0000000180025095e-35 2.5000000000000004 4.5000000000000009 352.50000000000006 337.50000000000006 5.5215000000000005 107250.00000000001 96433.053333333359 92714.765000000014 45.000000000000007 3.5000000000000004 118650.00000000001 8.0270000000000028 294089.77500000008 248750.00000000003 36.185000000000009 145881.92000000001 193650.00000000003 0.9383154630633993 10.551500000000003 10.084000000000001 387550.00000000006 412365.02500000008 3.5000000000000004 7.2425000000000006 355.50000000000006 6.1225000000000014 246350.00000000003 355.50000000000006 252750.00000000003 323501.48666666669 358050.00000000006 405750.00000000006 4.5000000000000009 146562.43000000002 11.793000000000001 148950.00000000003 10.882000000000003 3.5000000000000004 68150.000000000015 358.50000000000006 157650.00000000003 169550.00000000003 15.019000000000002 1.5000000000000002 344.50000000000006 1.0000000180025095e-35 85571.098333333342 104550.00000000001 1.0000000180025095e-35 2.7055000000000002 2.9745000000000004 533550.00000000012 3.5725000000000002 7.0930000000000009 139950.00000000003 21.576500000000003 116650.00000000001 30.585000000000004 1.0000000180025095e-35 23.360500000000005 341.75705454797139
decision_type=2 2 2 2 2 2 2 2 2 2 2 2 2 2 2 2 2 2 2 2 2 2 2 2 2 2 2 2 2 2 2 2 2 2 2 2 2 2 2 2 2 2 2 2 2 2 2 2 2 2 2 2 2 2 2 2 2 2 2 2 2 2
left_child=1 3 12 4 13 6 7 8 -5 -2 11 23 38 14 27 32 18 -18 -13 20 28 -22 26 24 -4 -24 -8 -1 -14 -16 56 -32 34 -34 -12 36 37 -6 41 59 -41 43 -43 -3 -9 -38 48 -48 -21 50 55 -52 53 -51 -54 -7 -15 60 -59 -40 -37 -25
right_child=9 2 10 5 35 49 22 44 -10 -11 15 16 19 30 29 -17 17 -19 -20 46 21 -23 25 61 -26 -27 -28 -29 -30 -31 31 -33 33 -35 -36 57 45 -39 39 40 -42 42 -44 -45 -46 -47 47 -49 -50 52 51 -53 54 -55 -56 -57 -58 58 -60 -61 -62 -63
leaf_value=0.018940315048409435 0.068149835093945912 0.01458232380479328 0.018745480637377774 -0.0087093462022594242 0.013340110932688871 0.013620855335847191 0.0052995496179793575 -0.0074665693804434902 0.084114081182523337 0.075186973113476385 0.0017845289325496136 0.033277647919839295 0.019843683271664674 0.035077605127881759 -0.031104766627378308 0.088703570561148498 0.01344604662293176 -0.00018455769994814785 -0.0089138970673264036 0.0030969376285538285 0.03243810675120317 -0.010494096328607649 0.051730598987521692 0.034979377197423583 -0.007193020829515469 -0.014762474860649043 0.019135226955540111 0.057669396877618406 0.0057199845676077533 0.0080368189313114076 0.0024978243689450608 0.030007890693590739 -0.036713427090223127 0.033968213044837617 0.017630196231974489 0.040976259466188131 0.04443823137579897 -0.056817998039426235 -0.0040651535030838777 0.020340465193872927 0.0089658977347705452 -0.0090773864852994497 0.0077680578632313285 -0.0040018525407775306 -0.062833162235947301 0.024488663831069766 0.04943854956435248 0.01587020786675988 0.012422910937673049 0.010144659216225912 -0.054716277809070658 0.022059685064181253 0.065920531871102972 0.018431344130708717 0.020230851781102444 0.055274975993810406 0.071982655844887694 0.033531039391829935 -0.003757003553679149 -0.067201490390355972 0.073291789037486454 0.00018461366276326883
leaf_weight=4763.5817055553198 7511.130783483386 3220.2099577635527 560.02438831329346 213.2805975228548 382.86252553761005 71.294601187109947 793.62909507751465 38.704924076795578 29.942363500595093 5394.2395309358835 480.99136556684971 78.615812614560127 959.30397763848305 303.475745216012 67.443407043814659 20.4489825963974 1512.3845248669386 3644.6702260822058 1279.2625030577183 1136.9218633621931 1153.2529392242432 95.911702841520309 26.7910545617342 241.92106382548809 416.06737065315247 219.74706339836121 1564.3613497465849 67.196906730532646 980.32846389710903 900.82346133887768 303.35500051081181 887.74024602770805 108.92294317483902 68.891743585467339 1427.1936496943235 142.06173223257065 254.68461829423904 20.203070968389511 32.561805441975594 1734.3084620088339 1480.6715339124203 585.78370098769665 6879.2688902318478 322.31300932168961 70.935952544212341 755.43671298027039 109.76831619441509 3069.2348048388958 11404.944221004844 1850.3319439738989 21.568958073854446 1360.2954097390175 80.514455556869507 7007.9569681584835 113.85967202484608 189.11139579117298 60.859942585229874 1091.2435316890478 47.177159428596497 29.443141371011734 66.617964923381805 42.906461611390114
leaf_count=15251 15575 10871 1942 778 1216 231 2742 138 79 10727 1719 252 3100 910 258 48 5261 13400 4803 3900 3577 342 77 736 1557 815 5129 188 3395 3043 1025 2706 446 225 4845 393 704 78 122 5654 5118 2134 24074 1166 302 2279 317 10040 38183 6207 86 4243 222 22691 363 525 156 3122 157 131 161 148
internal_value=0.0227922 0.0134672 0.0105311 0.0187888 0.0220033 0.0164072 0.00953445 -0.0115769 0.00271783 0.0710912 0.00536579 0.00345315 0.0120689 0.0192623 0.0171133 0.0124262 0.00166938 0.00381282 -0.00647117 0.01377 0.019144 0.0291417 0.0123946 0.0126696 0.00768897 -0.00753674 0.0144786 0.019479 0.0127053 0.00531046 0.0272741 0.0230015 0.0116784 -0.00932884 0.013636 0.0293063 0.0239012 0.00982354 0.00981694 0.0141719 0.0151019 0.00852045 0.00644619 0.0128915 -0.0432879 0.0295186 0.0126799 0.0170293 0.0115775 0.0183077 0.0245098 0.0208613 0.0171826 0.0167004 0.0391566 0.0438708 0.0412424 0.0349766 0.0319858 -0.0340455 0.0512925 0.0297379
internal_weight=79749 66843.6 43076.5 23767.1 10114.8 13652.3 2957.39 352.864 243.223 12905.4 9882.3 7775.85 33194.2 7354.48 5799.05 2106.45 6514.93 5157.05 1357.88 18909.7 3188.8 1249.16 2604.53 1260.92 976.092 246.538 2357.99 4830.78 1939.63 968.267 1555.43 1191.1 2086 177.815 1908.19 2760.29 1413.19 403.066 14284.6 3276.98 3214.98 11007.6 7465.05 3542.52 109.641 1010.12 15720.9 3179 12541.9 10694.9 1642.27 1381.86 9052.66 8858.29 194.374 260.406 364.336 1347.1 1138.42 62.0049 208.68 284.828
internal_count=250083 223781 147506 76275 31647 44628 10060 1297 857 26302 35382 28099 112124 23537 18740 7283 23716 18661 5055 62854 10414 3919 8763 4383 3499 892 7871 15439 6495 3301 4797 3731 7235 671 6564 8110 4277 1294 49270 11025 10772 38245 26208 12037 440 2983 52440 10357 42083 34568 5085 4329 29483 28898 585 756 1066 3833 3279 253 554 884
is_linear=0
shrinkage=0.05


Tree=12
num_leaves=63
num_cat=0
split_feature=22 0 0 27 15 17 19 17 17 29 9 9 15 9 17 28 15 10 9 17 13 17 1 5 9 2 15 17 17 7 13 15 15 15 2 5 3 13 17 7 9 7 9 29 9 29 15 29 10 9 17 2 10 1 15 17 17 15 19 10 14 15
split_gain=13269.5 378.56 116.731 68.911 83.1897 76.2264 62.2732 57.4163 57.1967 51.8791 72.7977 51.8003 75.0183 64.7749 59.3322 68.126 54.6756 52.899 51.5676 46.8461 42.3319 41.104 40.3058 39.4406 38.926 41.7481 38.8682 36.5516 37.235 35.9872 43.8728 41.1607 159.683 38.3602 33.0706 43.5023 43.4404 37.0027 36.8798 32.7368 32.3092 32.2931 32.2173 31.0339 56.2521 35.0472 29.5539 25.019 24.9572 24.6019 24.512 23.4641 22.949 26.8917 24.1166 20.9486 20.5324 29.5532 12.9029 10.2506 7.53821 3.71147
threshold=1.0000000180025095e-35 3.5000000000000004 1.5000000000000002 275739.39500000008 7.1125000000000016 15.190500000000002 45.000000000000007 19.854000000000003 36.185000000000009 229385.58000000005 245050.00000000003 237050.00000000003 3.0505000000000004 105950.00000000001 16.449500000000004 154630.16500000004 5.5035000000000007 0.94142737454634162 240850.00000000003 15.039500000000002 64388.834999999999 3.4720000000000004 3.5000000000000004 2.5000000000000004 103350.00000000001 4.5000000000000009 7.4730000000000016 6.5970000000000004 6.7795000000000014 357.50000000000006 64388.834999999999 6.8765000000000009 7.0345000000000004 3.2105000000000001 3.5000000000000004 2.5000000000000004 1.0000000180025095e-35 408758.73166666675 13.614500000000001 177.50000000000003 690550.00000000012 343.50000000000006 238250.00000000003 119073.35500000001 129750.00000000001 111995.99500000001 5.0275000000000007 238873.14000000004 0.9857082264865995 245050.00000000003 3.1675000000000004 2.5000000000000004 0.98879815691431083 1.0000000180025095e-35 7.3185000000000011 9.3350000000000026 12.467000000000001 6.9175000000000013 75.000000000000014 0.97568431768493247 666.9102385371732 7.4730000000000016
decision_type=2 2 2 2 2 2 2 2 2 2 2 2 2 2 2 2 2 2 2 2 2 2 2 2 2 2 2 2 2 2 2 2 2 2 2 2 2 2 2 2 2 2 2 2 2 2 2 2 2 2 2 2 2 2 2 2 2 2 2 2 2 2
left_child=1 2 29 8 5 19 61 -7 9 21 -11 12 13 24 20 16 -16 -17 41 -5 46 -4 -22 39 25 -3 27 40 -29 30 56 33 -33 -32 35 36 -31 49 -39 -6 -20 42 -13 45 -45 -15 -14 55 -28 -36 -37 -25 54 -54 -10 -43 -1 -58 -8 -26 -44 -2
right_child=6 11 3 4 23 7 58 -9 52 10 -12 18 14 43 15 17 -18 -19 26 -21 22 -23 -24 51 59 -27 48 28 -30 34 31 32 -34 -35 37 50 -38 38 -40 -41 -42 47 60 44 -46 -47 -48 -49 -50 -51 -52 -53 53 -55 -56 -57 57 -59 -60 -61 -62 -63
leaf_value=0.091963986593300046 0.065516060860406733 0.02764460562919225 0.0086053118407966069 0.016796469593440638 0.053764819931753555 0.036911978796617742 0.070692135038107187 0.020359162790905782 0.016644104520526157 -0.0025370031290072037 0.011887273846327363 0.054298364242052699 0.0013199680741302882 0.0085925796064503443 -0.0043470499402642141 -0.02499767465090242 0.014049127101845844 0.023791263565437034 0.0015670494643933172 -0.026767390452931819 0.0050084205161110415 0.014530097430414122 0.012794828241694851 -0.01235021158533435 0.060802716534441685 0.10949346918905106 0.0087123383100712968 0.031244373836747774 0.0071243652033513866 0.0091328497628657534 0.012384262932247455 -0.037303453804543633 0.023621771462950442 0.02601384798209519 0.022009149542909154 0.041153114795027396 0.020833980639092781 0.039990562301643683 -0.015619878127555029 0.00078326340658438137 -0.041946320584109791 -0.023218731115341017 0.0010762370193541171 0.070149206210296106 0.016695877050475767 -0.038026052385850988 -0.035059658921542829 0.023667037991662376 -0.063512085388047576 0.037511428233179538 -0.012479726460268426 -0.081276168414770242 -0.033293252761311488 0.036356693710189118 0.075744290038736409 -0.062578434725140186 0.013991119668599825 0.089924771293228456 0.07583094150753103 0.10942962053283452 -0.047216391473816018 0.04807683013116814
leaf_weight=29.881717085838318 7401.9201358109713 204.16748560965061 3502.4441138207912 5520.2117722481489 30.935614198446274 911.90573734045029 3411.0993145108223 1231.1765298396349 23.83341483771801 1268.8805153816938 2815.9119204878807 25.804100915789604 122.8234087228775 262.27731765806675 637.43237954378128 57.80910724401474 1102.4838804006577 1426.5785789489746 2938.0703025460243 62.408387199044228 7588.1884198337793 17829.278162792325 2128.123638600111 28.205036163330078 21.170586109161377 16.866467118263245 18.524762392044067 165.39439840614796 4911.4299211204052 1367.3936752527952 596.08508275449276 136.66945844888687 504.7486047744751 3854.2584617435932 1016.3580502122641 23.824824050068855 1888.8878120183945 41.14601357281208 108.24905309081078 506.79422126710415 43.28847199678421 91.485120818018913 18.151446253061295 52.153195708990097 874.7164182215929 47.638457775115967 102.34441134333611 18.712265729904175 33.757346928119659 342.06240718066692 201.33059377968311 21.961802750825882 16.949097782373428 76.000944793224335 62.599290117621422 53.619190961122513 36.467016041278839 19.755395099520683 1902.9999313801527 22.204800948500633 14.564441397786139 30.635503143072128
leaf_count=71 15505 659 12027 18072 86 2714 6951 3881 77 4421 9363 76 441 914 2247 218 3646 4582 10723 232 26793 58371 7225 102 59 38 68 541 17186 4527 1914 512 1542 11677 3172 72 5998 122 384 1750 180 355 64 146 2943 189 412 63 153 1006 717 93 65 232 161 228 115 46 3776 51 59 70
internal_value=0.0216344 0.0127475 0.0154609 0.014052 0.0180069 0.0193867 0.0683993 0.0274026 0.0127674 0.0125688 0.00740658 0.00754764 0.00933618 0.019926 0.00812871 0.0140226 0.00730954 0.0218912 0.00439953 0.0163095 0.00621716 0.0135573 0.00671385 -0.000124356 0.0423888 0.0338903 0.00505078 0.00532959 0.00791015 0.0201601 0.0230801 0.0224816 0.0106402 0.0241883 0.0171297 0.0144507 0.0159204 0.0233152 -0.00030379 0.00383129 0.000935248 -0.0193568 0.0125252 0.0151237 0.0197036 0.00142663 -0.0152155 -0.030746 -0.0379213 0.0259128 -0.00680457 -0.0425243 0.0409018 0.0236563 0.0594477 -0.037763 0.0584729 0.0406726 0.0725324 0.0856959 -0.0204226 0.0654442
internal_weight=79823 67076.4 44076.6 33909.5 8313.6 7725.7 12746.7 2143.08 25595.9 25416.5 4084.79 22999.8 14667 1501.19 13165.8 3224.3 1739.92 1484.39 8332.8 5582.62 9941.48 21331.7 9716.31 587.897 264.409 221.034 8110.47 8058.18 5076.82 10167.1 5177.87 5091.76 641.418 4450.34 4989.25 3481.44 3256.28 1507.82 149.395 537.73 2981.36 222.337 58.52 1236.79 926.87 309.916 225.168 163.817 52.2821 1358.42 225.155 50.1668 179.383 92.95 86.4327 145.104 86.1041 56.2224 5314.1 43.3754 32.7159 7432.56
internal_count=250083 223781 143522 111647 26930 24899 26302 6595 84717 84182 13784 80259 50563 4999 45564 10693 5893 4800 29696 18304 34871 70398 34018 2031 807 697 28851 28630 17727 31875 15877 15645 2054 13591 15998 11314 10525 4684 506 1836 10903 845 199 4192 3089 1103 853 646 221 4178 789 195 535 297 238 583 232 161 10727 110 123 15575
is_linear=0
shrinkage=0.05


Tree=13
num_leaves=63
num_cat=0
split_feature=22 0 6 6 0 19 9 9 17 16 9 25 9 16 16 17 16 7 2 9 16 14 0 17 17 2 0 17 9 29 16 9 25 14 29 4 5 7 17 17 9 9 17 5 12 9 18 16 29 17 21 21 17 16 6 17 16 11 16 17 16 25
split_gain=12289.5 341.268 162.875 109.226 109.119 62.6363 53.8002 83.6101 46.3481 44.7549 63.704 56.1539 52.402 44.3016 52.8871 45.8312 42.5384 42.4703 40.3149 39.2203 38.2255 36.0878 35.8938 36.2236 57.4329 33.1956 36.507 32.9394 39.5872 50.6389 37.995 32.2642 63.0204 34.8542 30.9978 29.017 53.4547 28.286 39.7666 37.379 36.5956 33.1988 27.8836 26.0458 25.7708 30.0886 25.3051 24.9475 27.7797 24.2264 24.0926 23.6893 27.035 23.5468 23.5086 23.3748 23.0443 22.4862 21.8009 20.1186 19.02 17.1268
threshold=1.0000000180025095e-35 2.5000000000000004 8.5000000000000018 2.5000000000000004 4.5000000000000009 45.000000000000007 167750.00000000003 169550.00000000003 14.611000000000002 13.489000000000003 118650.00000000001 15.500000000000002 147050.00000000003 32.115000000000009 23.284000000000002 14.444500000000003 18.061500000000002 351.50000000000006 3.5000000000000004 153950.00000000003 23.485000000000003 147.14220048603357 1.0000000180025095e-35 21.433500000000002 12.670500000000002 1.5000000000000002 1.0000000180025095e-35 30.827500000000004 278050.00000000006 249800.62500000003 6.2635000000000014 99450.000000000015 11.500000000000002 633.89994549344135 218202.32000000004 1.0000000180025095e-35 2.5000000000000004 339.50000000000006 4.9690000000000003 5.1355000000000013 110650.00000000001 113950.00000000001 15.190500000000002 2.5000000000000004 -0.0033927477350122995 260050.00000000003 22.500000000000004 33.63750000000001 428258.16000000009 14.080000000000002 13.500000000000002 1.0000000180025095e-35 4.3360000000000012 17.920000000000005 11.500000000000002 7.1915000000000004 32.982500000000009 -1669.8949999999893 11.449000000000002 5.6095000000000015 3.5725000000000002 14.500000000000002
decision_type=2 2 2 2 2 2 2 2 2 2 2 2 2 2 2 2 2 2 2 2 2 2 2 2 2 2 2 2 2 2 2 2 2 2 2 2 2 2 2 2 2 2 2 2 2 2 2 2 2 2 2 2 2 2 2 2 2 2 2 2 2 2
left_child=1 3 4 8 6 -2 31 18 13 10 21 34 -13 14 15 -1 -9 25 -8 -12 -16 -6 49 24 -24 26 59 28 29 -10 -30 32 -3 -33 -11 56 -37 38 54 -40 51 61 -43 -28 45 -27 -41 -15 -49 58 -51 52 -39 -25 -4 -46 -29 -56 -19 -5 -53 -42
right_child=5 2 37 17 9 -7 7 16 27 11 19 12 -14 47 20 -17 -18 22 -20 -21 -22 -23 23 53 -26 44 43 35 30 -31 -32 33 -34 -35 -36 36 -38 40 39 46 41 42 -44 -45 55 -47 -48 48 -50 50 -52 60 -54 -55 57 -57 -58 -59 -60 -61 -62 -63
leaf_value=0.012502403771663412 0.0629560401139099 0.028460866074597243 -0.017225413621965977 0.048252448149612777 0.0032115849294918949 0.070118431879848078 -0.038916310306070762 0.0070516207319328275 0.018612379680748036 0.036924624739280883 -0.010597354504867233 -0.0083587920226138642 0.0095154271906482957 -0.044787202726320231 0.070074157754984864 -0.019684847432156191 0.012975603136342124 0.031664675661753239 0.0041488009775905148 0.00058563786637139896 0.02216755107170966 0.022672524766889302 0.017285140583697001 0.038320842271246734 -0.0026218414391600397 0.012656254829305527 0.01753943666928991 0.016431387069054809 0.040095726546353891 -0.002683790071254008 0.021419567890872244 0.013074040395041628 0.0038804693093219748 0.025922632544954607 0.010642679868195157 -0.024348044372219727 0.066422851378271724 -0.012533843602615608 0.074761377362490167 0.01521583626811613 0.026122438038830423 0.017323454506790036 0.026646501420513526 -0.0076048708725401761 0.046320370569498073 0.036048696189596392 -0.048759565761621354 0.0047392063680115788 -0.065013288107646547 0.0354037857786361 0.083233440299425601 -0.056381137651012991 0.019043275635253747 0.010373633333341584 0.056646777398251573 0.02858806582397723 -0.043010537473510982 0.0032694233214668211 -0.0022965207973474982 0.0095956110504298794 -0.0042029629105723217 0.089062642412179774
leaf_weight=9798.681274831295 7342.2743327915668 301.38217927515507 149.40048205852509 140.58069424331188 503.49139320850372 5224.4660936295986 139.20529152452946 13881.823561742902 3740.4069415926933 238.39117084443569 987.56892052292824 540.27104207873344 1701.1998145580292 40.7636339366436 43.565715551376343 111.85696272552013 3876.6022839546204 119.98070795834064 89.146000921726227 3804.1986186057329 941.61580494046211 452.1360025703907 1158.9446512460709 225.50551436841488 527.1057313233614 499.50897713005543 1054.0469847172499 350.47171692550182 391.01314516365528 301.65134732425213 897.1870030015707 7412.2544611990452 1934.7053597718477 568.28473101556301 211.92547088861465 126.6956379711628 18.600527226924896 89.272807940840721 26.236104339361191 1602.3568777441978 18.338443294167519 2934.3097662627697 1103.6395107209682 114.14370343089104 201.80231191217899 189.65888623893261 15.607415914535521 161.85149100422859 15.654676750302313 162.41368141770363 31.422482773661613 22.566147789359093 281.58419905602932 113.20508539676666 21.04528172314167 2350.6730170994997 17.100444465875626 315.86097511649132 77.959840580821037 44.252824679017067 77.263490840792656 26.322326749563217
leaf_count=32253 15575 943 552 385 1808 10727 544 47781 11848 740 3726 2014 5973 159 113 407 12866 358 301 13979 2942 1514 3707 660 1774 1567 3299 1115 1135 1033 2773 24682 6668 1815 734 461 49 329 68 5178 56 9412 3314 387 545 540 64 548 65 463 73 90 874 364 60 6790 65 1094 259 138 265 62
internal_value=0.0205451 0.0120692 0.00942084 0.0168564 0.00811154 0.0659337 0.00960408 0.00795824 0.014686 0.00312352 0.000631649 0.00844405 0.00520713 0.0127906 0.0132374 0.0121391 0.00834481 0.0221056 -0.0221041 -0.00171914 0.024286 0.0124191 0.0167397 0.0140592 0.0110617 0.0249278 0.0183495 0.0182912 0.0194556 0.0170231 0.0270884 0.0125017 0.00719344 0.013989 0.024556 0.00618862 -0.0127277 0.0165988 0.0118437 0.0155587 0.0188238 0.0203458 0.0198716 0.0150826 0.0276735 0.0190939 0.0145987 -0.00951301 -0.00141243 0.0305929 0.0431574 0.00562224 0.011442 0.0289802 -0.000716944 0.02999 0.013666 0.00660371 0.0182889 0.0389972 -0.0159977 0.0632184
internal_weight=79861.5 67294.7 43326.4 23968.3 36642.6 12566.7 28203.4 17986.8 16957.1 8439.18 5747.39 2691.79 2241.47 11114 10895.7 9910.54 17758.4 7011.21 228.351 4791.77 985.182 955.627 2416.54 2024.76 1686.05 4594.67 1353.02 5843.13 5330.26 4042.06 1288.2 10216.6 2236.09 7980.54 450.317 512.868 145.296 6683.8 2130.51 1644.2 4553.3 4082.61 4037.95 1168.19 3241.64 689.168 1617.96 218.27 177.506 391.777 193.836 470.687 370.857 338.711 486.307 2552.48 367.572 336.906 197.941 184.834 99.8296 44.6608
internal_count=250083 223781 147506 76275 126088 26302 95600 61492 54966 30488 21027 9461 7987 36487 35715 32660 60647 21309 845 17705 3055 3322 7658 6505 5481 13651 4209 18479 16789 12881 3908 34108 7611 26497 1474 1690 510 21418 7016 5310 14402 12844 12726 3686 9442 2107 5242 772 613 1153 536 1558 1203 1024 1706 7335 1180 1154 617 523 355 118
is_linear=0
shrinkage=0.05


Tree=14
num_leaves=63
num_cat=0
split_feature=22 2 7 19 5 28 13 13 9 16 7 10 13 15 28 13 15 17 15 16 9 7 17 17 17 9 15 15 7 16 9 17 21 9 9 13 9 13 15 10 15 3 16 16 3 17 15 27 9 16 16 15 13 16 15 7 17 15 7 16 10 20
split_gain=11407 121.375 82.4869 63.1692 57.4273 62.0657 55.9189 66.8933 55.4049 66.9031 50.1117 62.7442 48.5106 48.0467 49.1805 42.9526 69.4406 90.0704 89.9943 58.1449 52.8808 70.881 49.9526 69.7092 44.8417 43.4627 42.3786 42.259 46.2806 40.3873 52.6354 49.5938 41.002 38.0056 66.4176 41.7145 37.6569 44.0878 37.6102 37.1404 34.7365 34.5196 34.4906 33.5342 42.0858 30.6528 29.5819 35.3583 29.0871 102.755 63.0795 28.1419 27.2263 26.4647 25.9173 25.1717 25.1045 24.6122 30.5219 24.2703 17.4453 13.4457
threshold=1.0000000180025095e-35 2.5000000000000004 357.50000000000006 45.000000000000007 1.0000000180025095e-35 229422.285 83527.158333333355 73122.538333333345 281550.00000000006 4.9715000000000007 338.50000000000006 0.97338800290927174 85571.098333333342 7.488500000000001 251288.88500000004 106769.32666666668 3.9855000000000005 23.613000000000003 2.9155000000000002 16.285500000000003 124450.00000000001 355.50000000000006 14.297000000000002 11.649000000000003 19.713000000000005 104550.00000000001 5.3045000000000009 4.3645000000000005 356.50000000000006 10.787000000000001 119650.00000000001 7.0115000000000007 8.7500000000000018 268450.00000000006 258650.00000000003 275446.28000000009 68150.000000000015 83527.158333333355 7.4025000000000007 0.97892470032326184 4.6675000000000013 1.0000000180025095e-35 11.746500000000001 2.5880000000000005 1.0000000180025095e-35 10.089500000000003 2.9925000000000002 72355.090000000011 260050.00000000003 30.585000000000004 22.464000000000002 2.8775000000000004 105540.49500000001 20.485500000000005 4.6465000000000005 230.50000000000003 3.3005000000000004 2.8775000000000004 353.50000000000006 2.8795000000000006 0.9680638234551755 75.000000000000014
decision_type=2 2 2 2 2 2 2 2 2 2 2 2 2 2 2 2 2 2 2 2 2 2 2 2 2 2 2 2 2 2 2 2 2 2 2 2 2 2 2 2 2 2 2 2 2 2 2 2 2 2 2 2 2 2 2 2 2 2 2 2 2 2
left_child=1 2 10 -2 5 12 7 45 33 39 29 43 40 14 -7 16 18 52 25 20 38 -22 23 -21 -24 -8 -11 57 54 30 32 -32 -1 34 -6 -35 53 -38 -17 -10 -4 -19 -30 44 -12 55 -47 -48 50 -50 -13 -14 -18 -31 -29 -3 -45 58 -9 -20 -59 -5
right_child=3 6 4 61 8 13 15 27 9 26 11 48 51 -15 -16 19 17 41 59 22 21 -23 24 -25 -26 -27 -28 28 42 36 31 -33 -34 35 -36 -37 37 -39 -40 -41 -42 -43 -44 56 -46 46 47 -49 49 -51 -52 -53 -54 -55 -56 -57 -58 60 -60 -61 -62 -63
leaf_value=0.026829976015522967 0.060654136697262766 0.034418464011878425 0.011442948904239365 0.065988438859802726 0.0017333955982069002 -0.0093199526485508392 -0.00031512142808435764 -0.017353721103835183 -0.029145852963604738 0.0075149271292767154 0.024705231245378278 0.011942730851815171 0.025100040132358982 -0.077172714553929794 0.0072113352878590041 0.020385166245544494 -0.0080792244695731628 0.033133397906022315 0.0083857383235965074 0.039604045566905804 0.015226235554631096 0.0087741304503105768 0.025728282863096658 -0.0038097651994296669 0.01645332655082057 -0.072200334510852435 0.024443354090287219 -0.0041548458366039804 -0.024729176749959423 -0.053778133298148414 0.007255227439756669 0.017729478863332416 -0.0019862470614642881 -0.031439776938444818 0.02973583737030179 0.013478204346619491 0.030694072971938088 0.0064021871685464365 0.061420104341947106 0.0030832142201492789 -0.014511102040202338 0.0040483925636858311 0.023333279441246774 0.017340629928152045 -0.0049695437702897147 0.078275428519264861 0.017279083647604242 -0.049225324780959534 0.009275556184451951 -0.053668913603335235 0.028853364272144435 0.01260377104469038 -0.054166172585075972 -3.4256518539216962e-06 0.052777381292946117 -0.042938244315369987 0.030027833753622214 0.096379696888864233 0.058603151831136936 0.039278427909167947 0.056554801988849691 0.071324006009523003
leaf_weight=894.2470034211874 7242.4146414399147 14.309821873903273 242.08870244026184 3283.5473672896624 6002.6351580768824 530.58458602428436 103.50034756958485 22.007844910025597 108.89524863660336 661.64051166176796 249.3822595924139 3658.372878909111 485.30678507685661 18.013044863939285 2958.7077884227037 1264.6604649722576 800.21767573058605 206.19683712720871 79.618699058890343 113.88185967504978 8065.4150311797857 9013.8110663890839 1917.4497733712196 491.65540993213654 4067.6999104917049 26.387991115450859 837.88842430710793 22.947122275829315 52.18395334482193 42.760263651609421 3615.6011623293161 1643.9541993886232 143.2140436321497 166.51129500567913 219.49701309204102 74.954794064164162 193.57380817830563 5323.9214277118444 58.418428167700768 499.06327798962593 275.77718137204647 201.91154895722866 131.11445015668869 608.2201272547245 229.37955848872662 19.016236484050751 558.00690534710884 20.728646650910378 1703.9944201260805 67.402290016412735 649.3319313377142 6289.0055818855762 33.382840573787689 49.211018517613411 155.12405760586262 39.667138546705246 1086.2672677189112 38.521138444542885 33.142968818545341 315.56362223625183 96.099892944097519 1843.7829699963331
leaf_count=2819 15575 43 827 6926 21014 1941 349 77 426 2292 776 11976 1575 79 10238 3992 2777 614 260 330 25738 30214 5841 1673 12878 110 2703 79 193 178 12416 5350 496 652 703 255 597 18005 157 1765 1016 673 406 1977 797 46 1765 81 5667 270 1979 21194 133 174 425 151 3253 86 91 927 262 3801
internal_value=0.0195206 0.0114307 0.00964737 0.0636605 0.00731733 0.00974268 0.0139518 0.0244979 0.00426141 0.0113015 0.0118863 0.0148807 0.0123714 0.0042771 0.00469757 0.0134777 0.00594343 -0.000502485 0.021187 0.0140103 0.012567 0.011821 0.0180401 0.00435496 0.0194247 -0.0149193 0.016974 0.0373198 0.0272866 0.00981089 0.0125594 0.0105291 0.0228521 0.00196594 0.00272123 -0.0174965 0.00672552 0.00725443 0.022197 -0.00268954 -0.00237826 0.0187436 0.00965019 0.0221725 0.0104878 0.0136549 0.0169133 0.0148971 0.0122739 0.0068805 0.0144918 0.013499 -0.00992485 -0.0250049 0.0454408 -0.0224302 0.0254739 0.0564253 0.0282927 0.0330544 0.0679505 0.0679071
internal_weight=79861.8 67492 39529.4 12369.7 19370.6 10799.5 27962.6 1202.87 8571.09 2107.49 20158.8 8252.35 7292.18 3507.31 3489.29 26759.8 1766.78 1241.71 525.071 24993 18402.3 17079.2 6590.69 605.537 5985.15 129.888 1499.53 551.141 361.37 11906.5 6297.02 5259.56 1037.46 6463.6 6222.13 241.466 5609.47 5517.5 1323.08 607.959 517.866 408.108 183.298 2173.25 478.762 651.729 597.752 578.736 6079.1 1771.4 4307.7 6774.31 833.601 91.9713 178.071 53.977 1694.49 189.772 55.1508 395.182 134.621 5127.33
internal_count=250083 223781 133410 26302 66680 36870 90371 3705 29810 7186 66730 26695 24612 12258 12179 86666 5843 4197 1646 80823 60101 55952 20722 2003 18719 459 4995 1619 1103 40035 21081 17766 3315 22624 21717 907 18954 18602 4149 2191 1843 1287 599 6803 1573 2086 1892 1846 19892 5937 13955 22769 2910 352 504 194 5230 516 168 1187 348 10727
is_linear=0
shrinkage=0.05


Tree=15
num_leaves=63
num_cat=0
split_feature=22 0 6 6 9 0 19 21 3 15 27 17 17 17 7 14 14 15 9 9 8 17 15 14 27 27 15 4 17 3 15 25 11 18 3 27 18 14 10 15 17 25 4 27 18 9 8 12 25 5 17 27 9 9 18 9 19 17 8 15 28 14
split_gain=10482 277.673 129.258 104.08 71.6109 64.8344 56.6138 52.2379 47.7012 47.4556 48.624 46.6712 46.3713 38.3744 37.4663 38.3458 37.208 36.7373 36.3525 58.6522 40.3509 34.6398 40.1529 42.121 34.577 51.1509 43.1207 33.4768 77.6673 63.4219 45.604 37.1529 42.2101 32.8851 34.8641 31.4484 30.7652 30.597 29.5437 29.4119 28.7077 28.6409 28.0365 37.3623 29.2304 27.3751 41.5361 27.2045 33.1393 28.1798 26.8503 24.181 20.0846 19.602 18.3723 16.7541 15.4922 14.6945 7.22913 3.5293 3.30968 6.92675
threshold=1.0000000180025095e-35 3.5000000000000004 8.5000000000000018 4.5000000000000009 190750.00000000003 1.5000000000000002 45.000000000000007 1.0000000180025095e-35 1.0000000180025095e-35 4.2055000000000016 193178.11500000002 30.185000000000006 3.5645000000000002 20.557000000000006 177.50000000000003 217.53505483733974 476.87601816784269 7.4730000000000016 202250.00000000003 163650.00000000003 203618.34500000003 7.8265000000000002 2.5485000000000002 686.09922486201015 95399.525000000009 135530.54500000001 4.7460000000000013 1.5000000000000002 2.6015000000000006 1.0000000180025095e-35 4.6465000000000005 11.500000000000002 -347.08000000000169 22.500000000000004 1.5000000000000002 127813.71500000001 13.500000000000002 450.18122810510948 0.99044121551737929 7.3725000000000014 35.487500000000011 3.5000000000000004 1.0000000180025095e-35 58858.605000000003 1.5000000000000002 65650.000000000015 58789.970000000008 -0.0035821996359515496 14.500000000000002 1.0000000180025095e-35 5.0305000000000009 229053.50500000003 141950.00000000003 220550.00000000003 4.5000000000000009 643950.00000000012 75.000000000000014 21.433500000000002 226429.92500000002 7.2810000000000015 228127.94000000003 239.0648889596915
decision_type=2 2 2 2 2 2 2 2 2 2 2 2 2 2 2 2 2 2 2 2 2 2 2 2 2 2 2 2 2 2 2 2 2 2 2 2 2 2 2 2 2 2 2 2 2 2 2 2 2 2 2 2 2 2 2 2 2 2 2 2 2 2
left_child=1 2 5 17 7 8 59 33 14 13 57 37 35 16 50 -16 -6 27 19 -10 -20 45 53 -24 42 26 -26 31 30 -30 -29 32 -3 40 -35 36 41 -9 54 -33 -5 -4 44 -44 -14 46 -7 48 -37 -49 -1 -12 -27 -23 -19 -47 -8 -11 -40 -2 -61 -62
right_child=6 3 12 4 9 21 56 11 18 10 51 -13 24 -15 15 -17 -18 38 20 -21 -22 22 23 -25 25 52 -28 28 29 -31 -32 39 -34 34 -36 47 -38 -39 58 -41 -42 -43 43 -45 -46 55 -48 49 -50 -51 -52 -53 -54 -55 -56 -57 -58 -59 -60 60 61 -63
leaf_value=-0.019249029483489222 0.058730076454755115 0.00087831312049825409 0.043055155850696095 0.021849042456461819 0.026680147221499348 0.0065563595435529382 0.063398987614285945 0.0062264360239542111 0.017950488455028401 -0.022314827049685265 0.013693232464615127 0.070981506065836905 0.016349407334307318 0.092879238388113725 0.017177837892187627 0.0066997977899277295 0.007250192090180763 0.031529118275556087 -0.015777492253650768 0.033698914709253097 0.015893982262094472 0.00065620427201448079 0.011387680658324474 0.017855017681319179 0.022138803705254471 0.049869951583487199 -0.00025354497458054986 0.0070450730644206899 0.021048553382797291 0.0045886927821317596 -0.031474660636410461 0.0024322716720397292 0.016664202262246526 -0.034667931707130582 0.04309356140437072 0.027455476596867385 0.049900275261093537 -0.026866232228090273 -0.031153380094054214 0.017663037503324302 0.087926010435621649 -0.019024998415010097 0.059872347131980232 -0.0036961327235617691 0.050415265699345638 0.0093253147333990684 -0.055075113941060842 0.028129043113443719 -0.027468887579688406 0.0074290972133231412 0.048125910488212312 0.00067236092519877371 0.022154043156719389 -0.05738384673305872 -0.034287530400375486 -0.0081679723582188026 0.069223139945549836 -0.073529390618262011 -0.07189751976257712 0.05653207526739179 0.021382605864929346 0.053691175295621223
leaf_weight=17.175695151090622 6857.6487303674221 692.99573217332363 20.684983924031258 2201.3164780139923 379.55815607309341 78.807530477643013 3251.7370812892914 452.69741633534431 1839.4567070156336 95.305041655898094 485.92182889580727 25.02425591647625 83.667472794651985 15.668888375163077 1426.0115292519331 2252.2657745927572 702.30945505201817 23.743882402777672 105.55672796070576 871.25101694464684 2127.6423268914223 28.407241612672806 14309.68763127923 3055.1096594929695 375.83687099814415 66.40612331032753 502.37194347381592 142.76293805241585 1193.4136992543936 1148.3740266114473 166.39583969116211 12488.422274172306 1088.7858390957117 50.237224131822586 20.213960766792297 43.177322566509247 21.7222890406847 82.591542348265648 18.06452839076519 325.22529420256615 16.561267793178558 182.47598731517792 31.738218605518341 85.073091670870781 254.55540484189987 11440.842679575086 41.857722759246826 354.29610267281532 75.46124929189682 306.77699601650238 106.34728601574898 1339.3538900762796 4168.7528725713491 29.816300556063652 19.15855148434639 138.53081704676151 1759.6797945350409 16.41869705915451 27.398589357733727 189.69586002826691 23.206643223762512 58.180503621697426
leaf_count=60 14954 2453 62 6901 1184 276 7012 1493 5729 354 1596 60 252 36 4470 7331 2384 80 367 2552 6692 96 46653 9680 1114 176 1613 507 3961 4031 664 44311 3616 189 58 136 61 311 75 1103 35 683 81 277 666 38518 177 1074 281 997 286 4655 12342 121 79 499 3711 69 130 418 60 130
internal_value=0.0185914 0.0109154 0.0132306 0.00648385 0.0122302 0.0121072 0.0613717 0.0179237 0.0158825 0.00688549 0.00217883 0.00424053 0.019703 0.0151921 0.0116716 0.010762 0.0140669 0.00453361 0.0191206 0.0230122 0.014397 0.0109734 0.0123865 0.0125255 0.0214867 0.0203114 0.00932945 0.00469837 0.0098673 0.0129769 -0.0136871 0.00375954 0.0105245 0.0212742 -0.0123565 0.00981554 -0.00665706 0.00112046 -0.0276232 0.00281885 0.0223425 -0.0127043 0.0346945 0.0135757 0.0419883 0.00886914 -0.0148231 0.0145665 -0.00747971 0.018523 0.0387575 0.00413876 0.0225886 -0.0290661 0.00213797 0.00911603 0.065444 -0.0298412 -0.0557081 0.0585089 0.0529133 0.0444787
internal_weight=79799.8 67659.7 44441.8 23217.9 5883.18 37868.8 12140.1 2848.64 8745.71 3034.54 1937 560.313 6573 1097.54 3801.8 3678.28 1081.87 17334.7 4943.91 2710.71 2233.2 29123.1 17423 17364.8 5568.4 5113.37 878.209 17246.4 2650.95 2341.79 309.159 14595.4 1781.78 2288.33 70.4512 1004.59 224.883 535.289 88.3656 12813.6 2217.88 203.161 455.034 116.811 338.223 11700 120.665 779.712 118.639 661.073 123.523 1825.28 4235.16 58.2235 42.9024 11579.4 5011.42 111.724 45.4631 7128.73 271.083 81.3871
internal_count=249942 223657 143322 80335 19325 123507 26285 9047 27487 10278 6674 1864 19815 3604 12147 11801 3568 61010 15340 8281 7059 96020 56550 56333 16521 15245 2727 60646 9163 7992 1171 51483 6069 7183 247 3294 806 1804 364 45414 6936 745 1276 358 918 39470 453 2488 417 2071 346 6251 12518 217 159 39017 10723 423 205 15562 608 190
is_linear=0
shrinkage=0.05


Tree=16
num_leaves=63
num_cat=0
split_feature=23 0 6 6 9 0 19 21 2 16 2 13 28 9 7 10 26 4 2 3 1 16 16 10 13 0 16 16 28 6 25 18 3 16 14 9 1 9 7 14 0 13 10 25 25 14 9 28 16 16 9 10 10 13 10 25 3 9 28 26 19 13
split_gain=9763.58 249.035 116.071 93.4257 64.0966 60.3513 57.4888 46.6438 40.75 39.3619 37.8041 37.765 34.4551 31.6388 30.6874 35.2159 33.4282 29.698 66.1198 58.5845 59.1264 51.9766 51.9623 71.9869 48.48 37.5742 45.5633 36.2484 31.1287 29.6394 31.4869 29.4716 31.5144 30.3506 28.7429 28.0667 56.4198 36.7086 36.192 30.7226 26.6896 30.8355 52.1096 24.4596 32.8673 24.7929 23.9093 23.8309 23.1975 47.1116 42.4043 22.8033 22.7271 22.3163 20.5599 19.4441 19.4046 19.0815 17.7084 15.9352 15.4318 12.2576
threshold=1.0000000180025095e-35 3.5000000000000004 8.5000000000000018 4.5000000000000009 190750.00000000003 1.0000000180025095e-35 45.000000000000007 1.0000000180025095e-35 2.5000000000000004 12.517000000000001 1.5000000000000002 577229.53333333344 119864.21500000001 196750.00000000003 358.50000000000006 0.97822907583544472 1.0000000180025095e-35 1.5000000000000002 1.0000000180025095e-35 1.0000000180025095e-35 2.5000000000000004 20.364500000000003 35.002500000000005 0.99057030743416929 353805.50166666677 4.5000000000000009 20.149500000000003 21.139000000000006 306083.82000000007 3.5000000000000004 11.500000000000002 22.500000000000004 1.5000000000000002 2.7055000000000002 1610.9884165063181 380300.00000000006 3.5000000000000004 337050.00000000006 162.50000000000003 496.72996671503262 2.5000000000000004 140454.45500000005 0.98394801163437473 5.5000000000000009 18.500000000000004 1000.6568496111221 466500.00000000006 283460.98000000004 22.204500000000003 10.517000000000001 264050.00000000006 0.99118173979659796 0.97909412589348144 99068.695000000022 0.92377850063357558 13.500000000000002 1.5000000000000002 181550.00000000003 429412.58000000007 1.0000000180025095e-35 75.000000000000014 188808.13833333339
decision_type=2 2 2 2 2 2 2 2 2 2 2 2 2 2 2 2 2 2 2 2 2 2 2 2 2 2 2 2 2 2 2 2 2 2 2 2 2 2 2 2 2 2 2 2 2 2 2 2 2 2 2 2 2 2 2 2 2 2 2 2 2 2
left_child=1 2 5 17 7 29 -2 31 14 12 35 -11 -10 61 16 -16 -7 21 28 24 -21 25 27 -24 -20 26 -3 -23 51 48 47 33 -33 -5 -27 37 39 38 -4 -37 46 42 -42 45 -45 -15 53 -31 49 -1 -50 -19 -48 -12 -9 -39 -32 -56 -38 -43 -8 -6
right_child=6 3 10 4 13 8 60 54 9 11 40 -13 -14 43 15 -17 -18 18 19 20 -22 22 23 -25 -26 34 -28 -29 -30 30 56 32 -34 -35 -36 36 58 55 -40 -41 41 59 -44 44 -46 -47 52 -49 50 -51 -52 -53 -54 -55 57 -57 -58 -59 -60 -61 -62 -63
leaf_value=0.021224029041016484 0.056506897590388933 0.0048548124002138881 0.053772718901823557 0.011067372326955507 -0.0037151751996241907 0.01128651872413397 0.061503438510258759 -0.041585909167495765 0.015795543820337515 0.014837202526272311 0.039051950916689754 0.030507075736309841 0.0087933187929292046 0.026719187550638832 2.0948297954684983e-05 0.0086913025388700837 0.042718514750613362 -0.018777245122745263 0.024279669387692326 0.012477835258806289 -0.010963518670872209 0.029270666372914474 0.017423570756458884 -0.051581195197791224 -0.0018600125931563845 -0.0019805883271047696 -0.048435413095563748 0.009730043742719803 -0.053649230697551814 0.017560306818311819 0.02945795580221653 -0.033230273448231533 0.040550297411192926 0.024501759109333086 0.012982771994779827 0.084755751784655498 0.016052117439388523 -0.059585550020428785 0.011608823924436318 0.032891343748512596 0.011089169439793559 0.019552409214443466 -0.046038275774259466 -0.007078872569410523 0.0083824222358462284 -0.011230697686090741 0.057608229633975362 -0.044305287232483989 0.01853485904495775 0.0058373556121408092 0.0568696578114333 0.011667028977309229 0.0013149005863959925 0.022094033470829461 0.008913987501298128 -0.0063029430058679867 0.055022414447472107 -0.024822982080916066 -0.044076617567644277 0.052485169811824328 0.067382184581390461 -0.035761987426846158
leaf_weight=1061.8358762562275 7015.1353018581867 6882.3416308164597 52.407925710082054 562.17927338182926 64.05851174890995 8826.9475196450949 3186.0325923264027 23.664530813694 2412.1718095839024 5934.5484265238047 213.21251790225506 411.13959793746471 6466.0331687480211 267.96180245280266 1333.0032253116369 9644.0048484504223 85.406443819403648 154.08218026161194 996.21943794190884 735.53629159927368 424.10888507962227 269.89782476425171 73.241354435682297 78.094682767987251 215.80312378704548 5034.9755109548569 40.345864489674568 1966.7710498571396 40.789449408650398 83.788247987627983 232.59689922630787 49.801391273736954 20.402584463357925 1667.0985462516546 342.78050915896893 39.532252296805382 23.787763059139252 22.925782606005669 1762.4664721637964 102.81507794559002 421.20420330762863 1511.8129558414221 44.09709244966507 407.61536422371864 2192.9835422486067 51.272394686937332 93.928494423627853 19.117933690547943 330.14155533909798 936.01856763660908 92.30764128267765 102.37279604375362 22.159453779459 2153.7589984834194 491.11861018836498 67.636494532227516 109.02037373185158 45.822752043604851 25.234397888183594 37.64650222659111 1718.4164897948503 55.856159895658493
leaf_count=3243 15562 23830 143 1832 224 28875 7012 93 7661 18700 571 1213 21137 836 4621 32281 249 593 3230 2522 1553 868 242 331 774 18477 162 6687 174 251 668 189 58 5104 1203 91 72 90 5590 293 1315 4556 166 1439 7382 182 231 71 1006 3012 237 364 69 6209 1602 224 282 169 95 100 3711 215
internal_value=0.0176763 0.0103424 0.0125309 0.00614826 0.0115838 0.0114676 0.0594103 0.0169566 0.0108983 0.0128452 0.0186539 0.0158525 0.0106958 0.00652865 0.00940809 0.00763841 0.0115877 0.00430069 0.0091526 0.0119387 0.00390479 0.00341909 0.0101695 -0.0181853 0.0196254 0.00210857 0.00454423 0.012088 -0.0130774 0.0184457 0.0303127 0.0201094 -0.0117883 0.0211139 -0.00102682 0.0131094 0.0313629 0.0112761 0.0128264 0.047295 0.0212387 0.0169629 0.00567514 0.0075624 0.00595903 0.020624 0.0247081 0.0060669 0.0162661 0.0140152 0.0269112 -0.00662437 0.0468627 0.0236216 0.00402468 -0.0197914 0.0376163 0.00603486 -0.0148994 0.0203526 0.0635632 -0.0186426
internal_weight=79749.5 67829.9 44572.7 23257.2 5899.84 37978.1 11919.6 2860.09 35113.3 15223.9 6594.63 6345.69 8878.2 3039.75 19889.4 10977 8912.35 17357.4 2668.91 2371.67 1159.65 14688.4 2388 151.336 1212.02 12300.4 6922.69 2236.67 297.244 2864.83 444.523 2299.48 70.204 2229.28 5377.76 2096.81 191.369 1905.44 1814.87 142.347 4497.82 2014.76 465.301 2919.83 2600.6 319.234 2483.06 102.906 2420.3 1997.85 422.449 256.455 116.088 2366.97 560.606 90.5623 341.617 536.941 49.0222 1549.46 4904.45 119.915
internal_count=249942 223657 143322 80335 19325 123507 26285 9047 114737 48711 19815 19913 28798 10278 66026 36902 29124 61010 9210 8079 4075 51800 8128 573 4004 43672 23992 7555 1131 8770 1272 7183 247 6936 19680 6598 551 6047 5733 384 13217 6137 1481 9839 8821 1018 7080 322 7498 6255 1243 957 300 6780 1864 314 950 1771 167 4656 10723 439
is_linear=0
shrinkage=0.05


Tree=17
num_leaves=63
num_cat=0
split_feature=22 0 6 6 19 8 7 0 15 2 15 28 28 2 16 15 15 21 8 15 15 7 2 15 13 8 13 18 5 28 15 0 0 0 13 8 10 5 0 8 25 16 4 5 25 10 15 11 13 15 15 15 2 34 10 15 1 19 15 10 13 13
split_gain=9105.95 223.488 104.835 83.8955 58.4155 54.3171 46.3892 48.8224 39.7524 39.5937 38.4237 55.831 37.8572 38.5606 37.2616 36.6218 69.8567 35.8606 35.2734 70.0832 60.6144 34.3169 33.8065 33.7606 50.2552 78.5049 45.0106 41.677 47.7462 33.8485 33.2014 32.68 31.6527 31.5495 30.3113 29.8092 28.8469 47.8655 36.3469 32.1821 29.3713 46.6055 43.2625 28.68 27.6351 27.492 25.3513 26.8597 24.5848 34.6386 29.958 23.0339 22.3083 21.4732 19.5104 19.2362 16.5739 15.4424 10.577 9.23241 8.03528 3.78637
threshold=1.0000000180025095e-35 3.5000000000000004 1.5000000000000002 4.5000000000000009 45.000000000000007 182616.47000000003 351.50000000000006 2.5000000000000004 6.815500000000001 1.5000000000000002 7.3375000000000012 274518.19000000006 194418.95000000004 2.5000000000000004 21.766500000000004 6.8955000000000011 6.7975000000000003 1.0000000180025095e-35 171353.10000000003 3.3245000000000005 3.7010000000000005 162.50000000000003 1.5000000000000002 7.0135000000000014 249736.19833333336 262180.70000000001 153558.46000000002 2.5000000000000004 1.0000000180025095e-35 249827.27000000005 7.4730000000000016 1.5000000000000002 1.5000000000000002 2.5000000000000004 97708.873333333337 307761.70000000001 0.96489097515236766 1.5000000000000002 4.5000000000000009 494447.36500000005 13.500000000000002 11.931500000000002 1.5000000000000002 1.0000000180025095e-35 21.500000000000004 0.99044121551737929 5.3045000000000009 -493.59999999999121 140454.45500000005 7.3725000000000014 5.097500000000001 6.815500000000001 4.5000000000000009 1.0000000180025095e-35 0.95057883052630177 4.0685000000000011 1.0000000180025095e-35 75.000000000000014 6.0810000000000004 0.98436129071734835 226225.79500000001 1541008.4484885146
decision_type=2 2 2 2 2 2 2 2 2 2 2 2 2 2 2 2 2 2 2 2 2 2 2 2 2 2 2 2 2 2 2 2 2 2 2 2 2 2 2 2 2 2 2 2 2 2 2 2 2 2 2 2 2 2 2 2 2 2 2 2 2 2
left_child=1 2 15 30 -2 17 7 9 53 21 14 31 -10 -14 43 16 32 18 20 -20 -5 -4 35 27 26 -26 -25 28 -17 -29 36 -12 34 -16 -1 -18 37 39 -39 -3 41 -38 -42 -8 -34 56 47 -19 49 -9 -50 -24 -48 55 -11 -7 -32 61 -55 -13 -47 -6
right_child=4 3 6 5 57 8 10 48 12 54 11 59 13 -15 33 23 22 46 19 -21 -22 -23 51 24 25 -27 -28 29 -30 -31 45 -33 44 -35 -36 -37 40 38 -40 -41 42 -43 -44 -45 -46 60 52 -49 50 -51 -52 -53 -54 58 -56 -57 -58 -59 -60 -61 -62 -63
leaf_value=0.02486836926555246 0.054626003646918601 -0.0074734037036902415 0.067523229207005417 0.03176970782854343 0.059891535284686243 0.013135731635080845 0.0072851787167405053 0.0080005471123677663 -0.065895458037662988 0.0168951969605824 0.041702956948873236 -0.027107729136196142 -0.016935864469517482 0.019261621512883173 0.013393867827639636 -0.0077409769706099103 0.035054896925333374 -0.044956244201616036 -0.027689922906189098 0.048490474800421186 0.011658810553186062 0.012892581647441254 0.048632393667201179 0.0042107970998303918 -0.03084591711812204 0.0051929074811698193 0.019075354490608279 -0.022376784177787087 0.040210947445061339 0.0089643625203303778 0.029460821801588939 -0.011553185908287527 0.0050712047980915279 0.034127684264234757 0.012515517779992203 0.084741700909678197 0.0040096993976752766 0.024283148504054695 -0.002752394351291721 0.035294558901376998 0.0029349858955462211 0.020178975044642989 0.010688809867819176 0.015234550481498682 0.0102767171401558 -0.026417043551494004 0.010765809201824225 0.00039648505435685373 0.010949026069826477 -0.056147266502424624 0.020646390525671701 0.013890789437345234 0.056616535591925081 0.037759836202915162 0.025905716695428172 0.0043372733755283359 -0.033086498744461318 0.06568285231801968 -0.0001162842174763204 -0.076158199165708748 -0.070450583197046696 0.040755352933480968
leaf_weight=547.31917504966259 6896.8713386803865 1397.047156393528 29.342568337917328 500.48421560227871 3092.1772209554911 982.90911017358303 2543.149087920785 938.479028865695 27.275891661643982 775.86113896965981 41.600578725337982 14.224985644221304 215.62641225755215 111.68182137608528 398.846460968256 118.0075099915266 183.22027152776718 37.385740399360657 35.496744766831398 201.95379130542278 1490.4790838807821 1413.5839627236128 55.498458132147789 945.09891344606876 184.97205644845963 825.46266251802444 1104.3728753775358 313.59570544958115 92.68386435508728 118.77927269041538 24.01691335439682 93.660194247961044 3001.6838644891977 339.77228640019894 5359.4164868742228 36.140467628836632 1042.1780615448952 269.70128044486046 230.62667088210583 45.416288509964943 11390.462086483836 778.58954533934593 2136.3603616058826 2048.6208661347628 16929.042567700148 16.421300530433655 224.18807695806026 257.52566705644131 1629.2797904908657 21.527155101299286 1558.0222155451775 339.95699727535248 30.089000508189201 88.904770076274872 2662.0453810244799 1688.2154386490583 18.946453392505646 1675.8142062425613 23.252657026052475 29.463435471057892 28.069864720106125 26.067438378930092
leaf_count=1645 15562 5080 72 1482 6948 3219 8296 3020 116 2326 115 52 811 355 1241 410 554 151 127 561 4771 4393 155 3158 691 2752 3504 1142 268 385 80 328 9994 1004 16929 91 3640 866 837 148 40247 2515 7313 6495 55561 68 732 861 5157 85 4739 1081 75 264 7554 5721 79 3711 79 125 137 64
internal_value=0.0168111 0.00980167 0.0118713 0.00583076 0.0575727 0.0109739 0.015359 0.0175654 0.00646612 0.0209547 0.0117434 -0.0110461 -0.00930105 -0.00458481 0.0125084 0.0101899 0.0108418 0.0160663 0.0188867 0.0371022 0.0167142 0.0140035 0.0274987 0.00553279 0.00772143 -0.00140443 0.0122207 -0.00488141 0.0133532 -0.0137669 0.00408002 0.00482618 0.0104455 0.0229316 0.0136601 0.043241 0.00423545 -0.00150471 0.0118211 -0.00612684 0.00496208 0.0109239 0.00415959 0.0108318 0.00949274 -0.0266499 0.00462224 -0.00535285 0.0135766 0.0065621 0.0156893 0.0187664 0.0161914 0.00847482 0.0238722 0.00757489 0.00187802 0.0618119 0.0299073 -0.0601873 -0.0541982 0.0597316
internal_weight=79677 67986 44692.7 23293.3 11690.9 5915.47 14537.5 9028.14 3137.87 4880.83 5509.34 178.949 354.584 327.308 5330.39 30155.3 26452.3 2777.6 2228.41 237.451 1990.96 1442.93 614.816 3702.97 3059.91 1010.43 2049.47 643.066 210.691 432.375 17377.8 135.261 25837.5 738.619 5906.74 219.361 17290.4 1942.79 500.328 1442.46 15347.6 1820.77 13526.8 4591.77 19930.7 87.4545 549.188 294.911 4147.31 960.006 3187.3 395.455 254.277 2783.28 3437.91 2671.12 42.9634 4794.06 112.157 43.6884 44.4912 3118.24
internal_count=249942 223657 143322 80335 26285 19325 45002 27346 10565 14345 17656 620 1282 1166 17036 98320 86010 8760 6941 688 6253 4465 1881 12310 10105 3443 6662 2205 678 1527 61010 443 84129 2245 18574 645 60646 6931 1703 5228 53715 6155 47560 14791 65555 364 1819 1012 13001 3105 9896 1236 807 9283 9880 8940 159 10723 343 177 205 7012
is_linear=0
shrinkage=0.05


Tree=18
num_leaves=63
num_cat=0
split_feature=23 0 6 6 20 9 7 0 21 17 9 27 0 29 9 9 13 8 17 10 3 5 17 13 17 16 9 17 16 17 8 17 16 17 3 9 11 8 9 13 12 12 0 25 3 16 4 7 9 17 13 17 3 25 25 17 17 13 20 33 27 13
split_gain=8501.49 200.638 94.1918 75.3736 57.5759 52.3281 41.6874 43.8734 37.8645 37.9146 34.9681 38.4805 29.9415 54.0444 39.3705 68.3827 59.4475 51.5823 47.6698 34.0288 31.3883 44.306 31.0877 36.7718 31.0401 30.0285 27.9529 26.7527 25.7812 25.4509 35.6175 48.4078 34.3361 56.0627 29.1055 28.7385 24.5574 24.4669 24.3666 26.4694 30.0812 29.3273 24.7035 32.7045 32.4703 28.0208 48.9306 33.5366 25.0683 23.1113 22.0307 33.0964 24.1106 20.593 29.488 19.6157 15.457 13.3649 12.4744 5.64655 3.89676 3.63975
threshold=1.0000000180025095e-35 3.5000000000000004 1.5000000000000002 4.5000000000000009 45.000000000000007 190750.00000000003 351.50000000000006 2.5000000000000004 1.0000000180025095e-35 30.185000000000006 466500.00000000006 95399.525000000009 2.5000000000000004 147789.05500000002 362700.00000000006 416900.00000000006 323501.48666666669 294069.84000000003 5.6095000000000015 0.93991650268706095 1.5000000000000002 1.0000000180025095e-35 23.360500000000005 303238.44166666677 14.155500000000002 18.226500000000005 196750.00000000003 35.487500000000011 26.742000000000004 21.107000000000003 227696.02000000005 22.186500000000002 22.464000000000002 19.294500000000003 1.5000000000000002 223250.00000000003 -444.69499999997782 171353.10000000003 575050.00000000012 577229.53333333344 -0.0028749015756477495 -0.0015956667857564498 4.5000000000000009 10.500000000000002 1.0000000180025095e-35 15.622000000000002 1.5000000000000002 235.50000000000003 93350.000000000015 25.378000000000004 140454.45500000005 6.7795000000000014 1.0000000180025095e-35 5.5000000000000009 18.500000000000004 20.155000000000005 19.713000000000005 188808.13833333339 75.000000000000014 1.0000000180025095e-35 737129.13000000012 1541008.4484885146
decision_type=2 2 2 2 2 2 2 2 2 2 2 2 2 2 2 2 2 2 2 2 2 2 2 2 2 2 2 2 2 2 2 2 2 2 2 2 2 2 2 2 2 2 2 2 2 2 2 2 2 2 2 2 2 2 2 2 2 2 2 2 2 2
left_child=1 2 12 38 -2 8 7 10 27 36 11 -4 14 22 16 19 17 -1 -17 -16 21 -15 25 -24 -18 -14 56 37 -22 32 35 -32 33 -8 -34 -31 -10 -5 42 -40 60 -42 43 44 -3 46 -44 -47 -45 -12 52 -52 -9 55 -55 -28 57 -7 61 -60 -41 -6
right_child=4 3 6 5 58 26 29 50 9 -11 49 -13 13 20 15 18 24 -19 -20 -21 28 -23 23 -25 -26 -27 53 -29 -30 30 31 -33 34 -35 -36 -37 -38 -39 39 40 41 -43 45 48 -46 47 -48 -49 -50 -51 51 -53 -54 54 -56 -57 -58 -59 59 -61 -62 -63
leaf_value=0.010396075143909037 0.052825136203849821 0.0044140577886724944 0.033016581791727291 0.015429917241837019 0.05822963794005314 0.0071140125595588041 0.0093242044698908788 0.014970649136089387 -0.028054069193813209 0.063228316604206067 0.044479314958388382 0.017438890573752128 0.012091583029842218 0.011162985325463915 0.078435902100959742 -0.0090269669163376472 -0.005445733279856986 0.023250576781875327 0.015226243425979127 0.026012279003078443 -0.0013343954705125009 0.0020945871639453479 0.027547861374220398 -0.007511127711167802 0.010466171183224951 0.0026537413672261903 0.012546520972273613 0.081094612762866392 0.019288991079149106 0.023552293128434737 0.044920977528634415 -0.004823298088692099 0.013467020953983161 -0.019286284732796297 0.038047290122070337 0.071957326230504243 0.0047274125973841919 0.029863529889466934 -0.06949631604011422 -0.077182016343658622 0.022874217376327735 -0.014926015163467744 -0.0018316983523361408 -0.0054184816263794181 0.021314392712336913 0.022476624995404273 0.011222457319372769 0.004291479537598588 0.0054269157204175043 -0.0043655060060576933 0.0078878007291751148 0.018570531301015634 -0.00094462765367465159 -0.0070279514544864773 0.0076152548660707552 0.043361909168683627 -0.058022528287769784 -0.029687650347622357 0.051265468369455669 0.064014175954302602 -0.037600998403892125 0.039324345682287924
leaf_weight=12288.545483663678 6641.5538717806339 517.74975362420082 437.49227201938629 1956.0821308046579 3024.6339804232121 53.616619661450386 3914.922500655055 433.04500311613083 65.018223032355309 25.434864178299904 205.9071960747242 4224.532846853137 4419.6470046341419 3081.9738291949034 32.098475247621536 268.35359165072441 869.06538264453411 833.34693914651871 826.89559398591518 869.02720713615417 2074.8246537297964 2392.5265609323978 504.58010615408421 87.807515367865562 473.47011698782444 1041.3961219489574 257.20983946323395 16.708071827888489 163.47870650887489 538.87519493699074 61.169233709573746 243.96428596973419 375.62754014134407 179.05464804172516 177.26593963801861 32.513674095273018 470.89983381330967 345.4623876363039 18.138902932405472 13.441607698798181 81.194813415408134 139.42359526455402 4717.7709194272757 570.96304471790791 630.07213750481606 302.19081525504589 846.6544436365366 1574.3614737093449 7974.1795576810837 27.44538651406765 1111.306463226676 2085.8967694491148 528.25935944914818 407.44084692001343 2201.2965995073318 64.616288647055626 19.975801795721054 45.695304393768311 91.610368609428406 1672.9480467438698 11.571351319551466 25.675331726670265
leaf_count=39450 15257 1752 1216 6132 6950 182 12666 1353 252 60 537 12505 14454 10129 75 949 2969 2532 2577 2616 7119 8108 1538 301 1500 3491 838 35 512 1617 172 813 1175 625 507 81 1552 1016 80 59 276 535 17319 2015 2021 1005 2942 5521 27438 87 3604 6292 1752 1439 7382 180 81 176 212 3802 47 64
internal_value=0.0159918 0.00929071 0.0112485 0.00553033 0.0558432 0.0103987 0.0145498 0.0166382 0.0152327 0.0035812 0.0198462 0.0189007 0.00965649 0.00793571 0.0110956 0.0176776 0.0101871 0.0112124 0.00928382 0.0278796 0.00516026 0.00719981 0.011472 0.0223512 0.000165896 0.0102918 0.00583462 0.018054 0.000171872 0.0111264 0.0189412 0.00514879 0.00965237 0.00807289 0.0213478 0.0263067 0.000750324 0.0175964 0.00387109 -0.0112101 -0.00690594 -0.00101429 0.00410326 0.0057667 0.0136911 0.00193638 0.000154555 0.00721993 0.00470226 0.0387345 0.0128618 0.0148574 0.00622483 0.00680038 0.00532823 0.0187336 -0.0178912 -0.00981913 0.0600062 0.0633523 -0.0588713 0.0580705
internal_weight=79587.9 68131.5 44804.3 23327.2 11456.4 5929.46 14577.3 9053.89 2879.61 561.353 4895.38 4662.03 30227 13766.2 16460.8 1996.37 14464.4 13121.9 1095.25 901.126 7712.8 5474.5 6053.43 592.388 1342.54 5461.04 3049.85 2318.25 2238.3 5523.39 876.522 305.134 4646.87 4093.98 552.893 571.389 535.918 2301.54 17397.7 263.77 245.631 220.618 17133.9 9692.96 1147.82 7440.98 5564.43 1876.55 8545.14 233.353 4158.51 3197.2 961.304 2930.56 2608.74 321.826 119.288 99.3119 4814.87 1764.56 25.013 3050.31
internal_count=249942 223657 143322 80335 26285 19325 45002 27346 9047 1864 14345 13721 98320 45652 52668 6217 46451 41982 3526 2691 25868 18237 19784 1839 4469 17945 10278 7183 7631 17656 2683 985 14973 13291 1682 1698 1804 7148 61010 997 917 811 60013 33226 3773 26787 20261 6526 29453 624 13001 9896 3105 9839 8821 1018 439 358 11028 4014 106 7014
is_linear=0
shrinkage=0.05


Tree=19
num_leaves=63
num_cat=0
split_feature=22 0 6 6 19 7 0 15 28 13 16 21 13 7 15 17 14 15 15 15 17 17 15 17 9 9 8 15 13 3 9 17 5 18 16 17 3 13 17 9 15 17 0 0 0 17 15 3 15 16 17 8 17 17 14 17 20 13 12 13 9 15
split_gain=7943.54 180.205 84.6688 68.7456 60.3435 37.4876 39.4301 35.146 50.6807 34.9105 37.1465 48.0147 49.0878 40.8771 35.6478 55.1014 60.4761 34.1819 33.2434 62.1573 39.6806 69.6332 46.3274 36.9604 46.34 31.3298 31.1531 30.3265 45.1557 85.5017 44.7314 43.5155 59.4631 32.5119 30.0431 35.6935 33.4698 29.8632 52.2891 31.7631 29.7155 29.1466 28.8488 27.2952 27.2382 33.106 32.3468 32.1194 25.6441 23.8197 23.3393 50.7965 40.986 20.6779 19.8978 19.1327 15.7318 11.0467 10.3146 8.08918 5.38115 5.3549
threshold=1.0000000180025095e-35 3.5000000000000004 1.5000000000000002 6.5000000000000009 45.000000000000007 351.50000000000006 2.5000000000000004 7.3375000000000012 274518.19000000006 148222.29166666672 2.7955000000000001 8.7500000000000018 67204.473333333342 170.50000000000003 6.815500000000001 14.821000000000002 518.78016261239316 7.4730000000000016 6.8955000000000011 6.7975000000000003 8.3500000000000032 8.2570000000000014 6.7245000000000008 13.678500000000001 120550.00000000001 466500.00000000006 95255.285000000018 7.0135000000000014 249736.19833333336 2.5000000000000004 150750.00000000003 13.915000000000001 1.0000000180025095e-35 2.5000000000000004 21.766500000000004 21.107000000000003 1.5000000000000002 159978.22666666671 19.713000000000005 251550.00000000003 4.7015000000000002 7.4970000000000008 1.5000000000000002 4.5000000000000009 4.5000000000000009 16.146000000000004 3.9105000000000003 1.0000000180025095e-35 6.8765000000000009 29.438000000000006 5.259500000000001 155176.52500000002 5.6095000000000015 25.378000000000004 73.90624030029069 27.564000000000004 75.000000000000014 227475.6466666667 -0.0040063571634854486 142972.47666666671 330950.00000000006 6.3055000000000012
decision_type=2 2 2 2 2 2 2 2 2 2 2 2 2 2 2 2 2 2 2 2 2 2 2 2 2 2 2 2 2 2 2 2 2 2 2 2 2 2 2 2 2 2 2 2 2 2 2 2 2 2 2 2 2 2 2 2 2 2 2 2 2 2
left_child=1 2 18 17 -2 6 25 34 42 10 13 12 -12 58 37 49 -17 44 19 20 21 -1 -22 48 -25 26 -4 31 30 -30 -29 32 -20 -33 35 -7 -36 38 -11 -39 -13 -19 -9 -15 50 46 -46 -47 -21 -16 51 -3 -52 -27 61 -56 -6 59 -5 -43 -10 -8
right_child=4 3 5 9 56 7 54 8 60 14 11 40 -14 43 15 16 -18 41 27 23 22 -23 -24 24 -26 53 -28 28 29 -31 -32 33 -34 -35 36 -37 -38 39 -40 -41 -42 57 -44 -45 45 47 -48 -49 -50 -51 52 -53 -54 -55 55 -57 -58 -59 -60 -61 -62 -63
leaf_value=0.0074092326696797682 0.051169487259282269 0.011281649129628851 0.030574044881564157 -0.073110768721704064 0.056479342305197425 0.0080312237715658985 -0.036093919768278658 0.038159115261213891 -0.079046634547516897 0.00026572255359352457 -0.016626129106898414 -0.030303235168743944 0.03067572309979831 0.022990652631417051 -0.027267119249213875 0.033385718502689392 -0.04767240362050465 0.034052273484565652 -0.043273960834984054 0.033960635722370548 0.011423045942791921 -0.03917529328350193 -0.0082243937413743924 -0.033238797927641416 0.021402923174331855 0.042051418482309318 0.016591614255065831 0.0025357542530203715 0.0024266967066777817 -0.051155432171792595 0.017422284976550059 0.02796149485932824 0.0020300343296168087 -0.0041515151370576531 0.013483768453532153 0.02091153955693956 0.036396516871271482 0.016145991290444802 -0.079624871985208068 0.0055752847879053111 0.013645293587928854 -0.047453124990122338 -0.011696143603288703 -0.0072151975993400026 0.0050015933130587399 0.014958775677840827 -0.0025172691944731203 0.0013968355392086902 0.087966650557352602 0.031428770693252957 0.025129319900170706 -0.0032824423662538068 0.0063538104039270035 -0.0041497494631460227 0.013439314547729586 -0.00077677498968380934 0.062631061318194556 -0.059029152574640836 -0.016483685022262311 -0.0012291923370857667 -0.043309617128022004 -0.0033489215894263223
leaf_weight=10574.09144346416 6651.0514030009508 906.68636673688889 439.7255415469408 19.403840586543083 2967.5918607115746 3990.8304986357689 24.14832229912281 42.030016183853149 18.309978753328323 190.21751184761524 59.071908175945282 59.874046131968498 766.96930651366711 160.02182571589947 204.68362538516521 115.92085511982441 28.709721922874451 16.354124948382378 137.91445769369602 266.74872630834579 14995.347085788846 80.831407010555267 306.15649284422398 44.93115471303463 284.4141436368227 206.87918898463249 4234.6401060372591 883.36746211349964 931.52472171187401 80.919186875224113 1176.9546014219522 118.7360711991787 152.53927743434906 234.43452027440071 514.02897670865059 621.65196998417377 231.00960345566273 1478.747931137681 22.952833727002144 1368.1448184847832 107.55207693576813 16.452854186296463 93.715789094567299 140.41759981215 2209.4137605577707 840.43471962213516 4057.1001116782427 908.5383059233427 23.954736769199371 18.878933042287827 302.3451281785965 1762.4990764856339 7523.7971112579107 27.429154023528099 3866.3851478844881 252.10905630886555 1599.3740918189287 37.129530936479568 13.73310151696205 22.284065395593643 24.802207633852959 25.85115259885788
leaf_count=35125 15562 3023 1222 83 6986 12912 91 115 79 625 209 220 2231 488 787 337 117 57 540 790 47652 310 1042 165 869 537 12499 2948 3121 322 3714 358 512 795 1588 1879 657 4649 94 4574 339 71 328 477 7883 2778 14956 3164 57 59 978 6413 25415 87 12018 807 3737 176 49 83 98 85
internal_value=0.0152158 0.00880811 0.0106609 0.00524615 0.0542082 0.0137867 0.0157645 0.0105441 -0.0112592 0.0106112 0.017497 0.0223444 0.0272931 0.00306036 0.0079458 -0.00675285 0.0172954 0.00387474 0.00915293 0.00977232 0.00939859 0.00705583 0.0110299 0.0254174 0.0139484 0.0188013 0.017907 0.00472357 0.00679073 -0.00185583 0.0110397 -0.00514534 -0.0194814 0.00664489 0.011272 0.00976718 0.0205882 0.00971437 -0.00833639 0.011066 -0.00207135 -0.0264904 0.00374019 0.00887322 0.00402602 0.0018313 0.000133691 0.00791376 0.0384109 -0.0223105 0.00570217 0.00166478 0.00707916 0.0366429 0.0121885 0.0125691 0.0586337 -0.0395413 -0.0496425 -0.020862 -0.0584873 -0.0191638
internal_weight=79482.8 68264.7 44906.4 23358.3 11218 14613.5 9077.17 5536.38 178.858 4755.3 1327.04 993.467 826.041 333.576 3428.26 368.193 144.631 18603 30292.9 26576.5 25956.4 10654.9 15301.5 620.049 329.345 4908.67 4674.37 3716.39 3072.77 1012.44 2060.32 643.624 290.454 353.171 5357.52 4612.48 745.039 3060.06 213.17 2846.89 167.426 92.2206 135.746 300.439 18510.8 8015.49 6266.51 1748.97 290.703 223.563 10495.3 2669.19 7826.14 234.308 4168.49 4118.49 4566.97 75.8665 33.1369 38.7369 43.1122 49.9995
internal_count=249942 223657 143322 80335 26285 45002 27346 17656 620 15338 4096 2999 2440 1097 11242 1300 454 64997 98320 86010 84129 35435 48694 1881 1034 14345 13721 12310 10105 3443 6662 2205 1052 1153 17036 14791 2245 9942 719 9223 559 387 443 965 64610 28781 22839 5942 847 846 35829 9436 26393 624 13001 12825 10723 330 132 154 177 176
is_linear=0
shrinkage=0.05


Tree=20
num_leaves=63
num_cat=0
split_feature=22 0 6 19 6 9 2 9 9 9 17 17 27 0 27 3 15 5 17 11 17 15 7 15 1 17 9 21 15 15 15 5 15 15 14 15 9 9 15 27 15 5 9 0 4 17 25 15 1 25 15 28 15 27 9 17 9 7 0 3 20 15
split_gain=7517.75 194.32 79.6416 65.1338 58.3656 46.306 37.2309 35.3539 56.8599 66.0345 47.9617 40.111 39.4955 35.2739 40.1017 35.4711 34.8273 40.7676 45.0178 43.2901 35.1182 34.5675 33.8713 35.1605 36.6486 32.4696 32.3036 30.9181 48.6696 43.5381 42.0666 38.419 38.0838 30.8996 29.9256 32.5066 26.9425 26.0585 57.7375 37.4499 36.336 26.0256 42.27 26.8253 25.0115 69.4009 30.9077 24.9562 24.6279 22.758 22.4051 22.2909 21.4989 26.1676 19.2291 19.0581 18.5958 17.4239 26.8183 14.7218 13.662 12.898
threshold=1.0000000180025095e-35 3.5000000000000004 1.5000000000000002 45.000000000000007 3.5000000000000004 146150.00000000003 1.5000000000000002 362700.00000000006 459200.00000000006 533550.00000000012 14.360500000000002 33.025000000000013 325196.99500000005 1.5000000000000002 315017.49000000005 1.0000000180025095e-35 6.3215000000000012 1.0000000180025095e-35 27.177500000000006 -772.9299999999638 15.190500000000002 6.2470000000000008 163.50000000000003 7.230500000000001 1.0000000180025095e-35 14.297000000000002 59850.000000000007 5.5000000000000009 4.6095000000000015 3.6415000000000002 5.6785000000000005 1.0000000180025095e-35 3.3245000000000005 3.7695000000000003 658.33653848084225 2.5485000000000002 215050.00000000003 348550.00000000006 5.5035000000000007 543431.33000000007 3.7245000000000004 2.5000000000000004 321350.00000000006 1.5000000000000002 1.5000000000000002 30.827500000000004 12.500000000000002 3.8305000000000002 1.0000000180025095e-35 12.500000000000002 3.0935000000000001 420871.1650000001 7.4025000000000007 351713.07000000007 52850.000000000007 2.6015000000000006 125450.00000000001 356.50000000000006 4.5000000000000009 1.5000000000000002 75.000000000000014 3.8505000000000007
decision_type=2 2 2 2 2 2 2 2 2 2 2 2 2 2 2 2 2 2 2 2 2 2 2 2 2 2 2 2 2 2 2 2 2 2 2 2 2 2 2 2 2 2 2 2 2 2 2 2 2 2 2 2 2 2 2 2 2 2 2 2 2 2
left_child=1 2 7 -2 26 27 22 12 10 49 25 -11 13 15 -15 -1 20 18 -18 -19 47 -22 36 24 -24 -9 33 29 50 32 -31 -30 -6 54 41 59 61 44 40 -40 -39 43 -43 -8 46 -46 -28 -7 -25 -10 -29 -12 55 -54 -3 -14 -37 -35 -59 -36 -5 -4
right_child=3 4 6 60 5 16 34 8 9 11 51 -13 52 14 -16 -17 17 19 -20 -21 21 -23 23 48 -26 -27 37 28 31 30 -32 -33 -34 57 35 56 -38 38 39 -41 -42 42 -44 -45 45 -47 -48 -49 -50 -51 -52 -53 53 -55 -56 -57 -58 58 -60 -61 -62 -63
leaf_value=0.0076552919689279915 0.049788679883868349 0.046766051643798781 0.090729830357051067 0.055618143726928304 0.02161079503889092 0.011085608501896929 0.017913829946328858 0.014331813413845413 -0.028380584149337997 0.018166966286177005 0.02542500807024314 -0.062130474040193895 0.017146390631169527 0.0073866903790911556 0.025404001666818877 0.015450024137127802 0.00099355363234484 -0.055673276462946453 0.037739750215845871 -0.0071047089747539793 0.015820528032746372 0.07786516735238154 -3.6528341728614095e-05 0.02025214895933854 0.012118469699385431 -0.056335821876657532 0.0098475168991032508 0.005495582071077836 0.031790372400324708 0.0038974460456378847 0.022985236356463462 -0.019172269962410813 0.055750339407734453 -0.076084960889160752 -0.060125890825240613 0.04009475545568246 -0.0035305443814651026 0.00068390169050550108 0.012060921414753593 -0.01763681185293851 -0.016314000333051044 0.025851384511857457 -0.016749169708733715 0.010908759100015084 0.0074461783767901333 0.058973744703246539 0.0022831493977130963 0.0017052866038760669 -0.02069191219506757 -0.0014076920274555893 -0.045902403803062916 0.049055679982421781 -0.078755623671100922 0.014116101099453699 -0.021828821267262793 -0.00087879529625954113 0.019934560072079957 0.0098623345385523246 -0.048161667447381457 0.007207562907171592 0.061422981025958029 0.042040438684455922
leaf_weight=2570.6431590467691 6497.623665869236 22.897078931331635 21.022410437464714 2933.7792693972588 233.19729417562485 1271.5546745210886 1840.1056819111109 1412.4054592251778 89.058444947004318 729.71565325558186 575.51960760354996 15.891198292374609 165.63163702189922 19058.186241954565 313.91913940012455 3376.7229796350002 472.74429287016392 50.889109775424004 101.1892786026001 466.05574913322926 802.04775846004486 23.095534905791283 748.67081241309643 47.902058482170105 3612.1165759563446 16.443831220269203 1545.3585258871317 31.831230610609055 117.91883340477943 565.92954561114311 589.12038303911686 53.878477111458778 125.73398020863533 20.638814106583595 17.647061184048653 121.41678866744041 23.991070196032524 574.37894876301289 770.65609037876129 123.1144795268774 694.62575533986092 710.8257379680872 63.425028890371323 5311.6775751560926 2139.5429165363312 67.405738726258278 10703.989031597972 1602.8726842999458 157.43227380514145 641.52534146606922 63.501038983464241 120.73150028288364 18.492299079895023 12.858698591589926 18.448839798569679 1279.073165088892 1974.7082508504391 33.401504650712013 49.315986454486847 15.033256158232687 1548.6828062236309 38.532794028520584
leaf_count=8172 15480 69 46 7054 702 4140 5358 4508 326 2285 1703 63 536 62490 961 10388 1623 220 280 1644 2500 56 2481 148 11384 64 5187 106 351 1849 1790 191 334 92 69 330 78 2083 2653 476 2651 2065 214 16420 7306 183 37642 5456 557 2165 247 325 80 42 72 4279 5840 112 209 46 3720 105
internal_value=0.0145812 0.00841927 0.0103357 0.0529872 0.00471526 0.00870912 0.0133566 0.00887436 0.0135257 0.00598757 0.018762 0.0164556 0.00824922 0.00871271 0.00767866 0.0120809 0.00614988 -0.0017012 0.00747221 -0.0118859 0.00846489 0.0175571 0.00965684 0.00907959 0.0100317 0.0135185 0.00314962 0.0155924 -9.06237e-05 0.0183596 0.013633 0.0158076 0.0335699 -0.0203724 0.0150675 0.0203309 0.0412058 0.00335443 -0.00176432 0.00797014 -0.00862038 0.0136538 0.0223616 0.0127111 0.00412023 0.00901996 0.00323746 0.00585484 -0.0111401 -0.0046957 -0.0287407 0.0295226 0.000298826 -0.040664 0.0161585 0.00118775 0.0211023 -0.034986 -0.0247314 -0.0291519 0.0576237 0.0592273
internal_weight=79416.7 68436.7 45101.3 10980.1 23335.3 6571.56 14704.5 30396.8 3601.29 1476.19 2125.1 745.607 26795.5 25319.5 19372.1 5947.37 4790.45 1090.88 573.934 516.945 3699.57 825.143 4649.67 4566.12 4360.79 1428.85 16763.8 1781.11 267.13 1513.98 1155.05 171.797 358.931 144.702 10054.8 2128.81 83.5463 16619.1 2162.78 893.771 1269 7926.03 774.251 7151.78 14456.3 2206.95 12249.3 2874.43 205.334 730.584 95.3323 696.251 1476.06 31.351 41.3459 1444.7 2096.13 103.356 82.7175 32.6803 4482.46 59.5552
internal_count=250006 223752 143528 26254 80224 21489 45141 98387 11439 4839 6600 2348 86948 82011 63451 18560 15919 3767 1903 1864 12152 2556 14799 14570 13865 4572 58735 5570 895 4675 3639 542 1036 554 30342 6285 229 58181 7863 3129 4734 24057 2279 21778 50318 7489 42829 9596 705 2491 353 2028 4937 122 141 4815 6170 413 321 115 10774 151
is_linear=0
shrinkage=0.05


Tree=21
num_leaves=63
num_cat=0
split_feature=22 0 19 7 16 16 16 14 17 3 12 29 8 15 27 17 15 17 15 5 8 17 15 13 13 17 15 17 17 16 16 15 16 17 16 16 18 16 8 7 15 7 15 16 16 16 5 15 16 15 29 1 17 13 16 5 21 15 12 20 14 7
split_gain=7033.94 174.643 66.0852 56.3104 39.0204 63.9858 51.4926 41.44 39.3599 42.3676 37.6418 39.7516 36.0476 42.0787 60.4697 43.8741 57.1493 36.8739 35.9603 39.0379 54.2842 31.6877 58.0622 45.4186 41.8639 41.0717 39.7758 36.6868 36.2314 33.4015 46.8662 33.2352 31.341 31.0375 83.1363 70.9975 30.8448 47.1399 30.7649 47.0518 39.7904 28.9137 67.8405 28.1989 26.8157 100.629 28.1108 26.5023 26.2322 25.2631 33.9718 51.9221 36.0113 25.6293 26.2907 25.0247 23.0989 19.1509 16.3791 13.8692 10.1665 6.25937
threshold=1.0000000180025095e-35 3.5000000000000004 45.000000000000007 354.50000000000006 5.4515000000000002 4.6140000000000017 3.7650000000000001 311.56407291633133 21.576500000000003 1.0000000180025095e-35 -0.0023849884519835996 294658.46000000002 185411.97500000003 3.0935000000000001 172373.24500000002 28.192500000000003 7.4535000000000009 14.873000000000003 6.7245000000000008 1.0000000180025095e-35 302822.62000000005 14.000500000000001 4.222500000000001 329600.94500000007 192855.03166666671 14.360500000000002 4.1100000000000003 13.915000000000001 25.072500000000002 27.444500000000001 29.644500000000004 7.1520000000000001 4.0460000000000003 21.882000000000005 6.9110000000000005 14.948000000000002 7.0000000000000009 17.391500000000004 162271.37000000002 236.50000000000003 2.5245000000000002 357.50000000000006 3.2725000000000004 5.5025000000000004 24.260000000000002 23.485000000000003 1.0000000180025095e-35 5.6365000000000007 21.001500000000004 6.9175000000000013 452483.39000000007 4.5000000000000009 21.107000000000003 387231.06917457236 26.238000000000003 1.5000000000000002 13.500000000000002 3.5235000000000007 -0.0011642929458694498 75.000000000000014 367.1098277989376 238.50000000000003
decision_type=2 2 2 2 2 2 2 2 2 2 2 2 2 2 2 2 2 2 2 2 2 2 2 2 2 2 2 2 2 2 2 2 2 2 2 2 2 2 2 2 2 2 2 2 2 2 2 2 2 2 2 2 2 2 2 2 2 2 2 2 2 2
left_child=1 3 61 10 5 6 7 -5 9 -7 11 44 13 17 15 32 -17 38 19 43 -21 27 23 26 28 -25 -23 29 -24 57 -31 -26 -15 35 -35 -20 37 -13 40 -40 -3 42 -16 -6 45 -1 -46 -38 -43 53 52 -52 -51 54 -12 -8 -10 -14 -55 -4 -29 -2
right_child=2 12 59 4 18 8 55 -9 56 -11 49 36 21 14 41 16 -18 -19 33 20 -22 22 24 25 31 -27 -28 60 -30 30 -32 -33 -34 34 -36 -37 47 -39 39 -41 -42 48 -44 -45 46 -47 -48 -49 -50 50 51 -53 -54 58 -56 -57 -58 -59 -60 -61 -62 -63
leaf_value=0.0083688107084758795 0.051380636636124445 -0.03618621362449391 0.054203352774554604 0.0084090994569090468 0.051809662587622408 0.0012663098544792753 0.023831732129424188 -0.0004807588510558436 0.011641743458098507 -0.022714391949438729 0.013080815114418793 0.016681325305996402 0.0042367985300693555 -0.0021523853528514865 -0.045272542267302332 0.023625667559178932 -0.04891197550238064 0.08380032811140338 0.011372740484312728 0.0052039412883515077 0.016506466888658998 0.025939857630009291 -0.0035277568538896655 0.076234794663368466 0.007333677958969222 -0.005556606940021711 0.075554134133047929 -0.019939890363566831 -0.055093112588354302 0.031964135967752647 -0.0023144779425802366 -0.0074723172837653914 0.0049143130107994299 -0.059283038902292265 0.014977014963775787 -0.0068026940081761626 0.012233956582601136 0.046753226754647999 0.044002687919205814 -0.011259622528287244 0.019886475000188857 0.0029279752306588134 0.025470927629331026 0.012600989442121553 0.0078102707344514279 0.071052613711321974 -0.012328111616164391 -0.013633396552806999 0.030406297210900698 0.0033987785643273764 -0.038050236685905861 0.040544631476471346 0.019612979252561412 0.027764568816583807 0.02527874921783916 -0.00050801015899419686 0.079565496962388932 -0.0010644740713073402 0.015997933622521478 0.060133895434136997 -0.072535522343296674 0.047473345554297719
leaf_weight=7359.5352087169886 1283.5743727684021 32.712420433759689 2861.6796449124813 3606.3770664930344 46.120021820068359 346.04242651164532 584.32881878316402 2059.5324259549379 50.416498780250549 393.77050985395908 7116.8905600309372 1304.8763071894646 2411.231835603714 2166.1852806061506 35.63411183655262 423.58132116496563 29.013241559267044 19.237552523612976 969.36089640855789 5026.2188370376825 1347.0482322573662 290.74646691977978 95.138673484325409 16.900992274284363 2646.3764292299747 167.09488378465176 46.915142506361008 16.819291010499001 53.06560081243515 205.13920556008816 194.02386537194252 442.38002446293831 5691.0950594991446 39.259063839912415 942.71737509965897 1205.4520341902971 372.80352087318897 144.77782729268074 47.01983217895031 213.01067362725735 963.69751435518265 532.29014198482037 691.90595509111881 8049.110218256712 381.83482974767685 64.587010398507118 317.27240706980228 134.83159965276718 103.79063618183136 835.97891247272491 84.513615727424622 27.967745989561081 580.04861102998257 578.45568692684174 470.97692556679249 128.89870573580265 16.650365665555 5805.043677225709 605.14603979885578 1503.9266377687454 20.24944181740284 5087.8657034188509
leaf_count=23438 3078 125 7054 11758 128 1159 1808 6953 157 1417 21673 3995 8419 7566 141 1278 113 47 3144 16398 4210 908 330 44 8846 592 119 62 213 635 681 1612 19311 156 2940 4127 1169 377 139 757 3077 1849 2148 25516 1205 157 1074 460 328 2690 309 78 1717 1645 1369 432 39 20797 1830 3720 87 12402
internal_value=0.0138778 0.00798406 0.0515075 0.00979851 0.00819889 0.0050935 0.0067715 0.00517768 -0.00817263 -0.0114976 0.0117459 0.00957382 0.0044739 0.00656504 0.00543943 0.00383804 0.0189757 0.0151006 0.00946498 0.0105199 0.00759283 0.00262908 0.00646232 0.0219426 0.00396758 0.00195636 0.0328333 0.000963933 -0.0219911 0.00117749 0.0153021 0.00521312 0.00296608 0.00462991 0.0120081 0.00129849 0.0159703 0.0196846 0.0140487 -0.00126685 0.0180456 0.0151983 0.022006 0.0128244 0.00803258 0.00891414 -0.00132903 0.0053634 0.00741167 0.0138717 0.00793974 -0.0185081 0.0100406 0.0149054 0.0138379 0.0194329 0.0285048 0.000491291 0.0217486 0.0562464 -0.0486712 0.0482605
internal_weight=79289.1 68552.1 10737 45191.8 24811.3 7186.02 6379.14 5665.91 806.88 739.813 20380.5 10080.5 23360.3 10949.2 9673.5 8309.87 452.595 1275.68 17625.3 14468.5 6373.27 12411.1 3758.62 521.657 3236.96 183.996 337.662 8652.51 148.204 8615.44 399.163 3088.76 7857.28 3156.79 981.976 2174.81 1957.29 1449.65 1256.44 260.031 996.41 1363.62 727.54 8095.23 8123.23 7424.12 699.107 507.635 636.081 10300 1528.51 112.481 1416.03 8771.47 7587.87 713.228 67.0669 8216.28 1183.6 4365.61 37.0687 6371.44
internal_count=250006 223752 26254 143528 80342 23723 20951 18711 2772 2576 63186 31875 80224 36879 32734 28268 1391 4145 56619 46252 20608 43345 12664 1663 11001 636 1027 30681 543 30532 1316 10458 26877 10367 3096 7271 6001 4372 4098 896 3202 4466 2289 25644 25874 23595 2279 1629 2177 31311 4794 387 4407 26517 23042 2240 196 29216 3475 10774 149 15480
is_linear=0
shrinkage=0.05


Tree=22
num_leaves=63
num_cat=0
split_feature=22 2 19 7 5 27 9 9 18 10 16 15 1 17 17 17 28 28 15 21 7 18 15 10 3 7 5 18 17 16 15 29 16 17 9 25 16 8 9 16 14 9 14 15 15 10 11 8 7 16 15 3 16 14 9 9 15 19 12 14 17 15
split_gain=6583.61 69.1858 67.0019 54.9106 53.8746 57.9584 55.6229 54.0285 45.6375 43.6385 44.0442 36.7473 74.4346 45.2336 36.5954 47.8304 36.0338 42.1735 34.142 32.7734 32.2234 49.2427 41.2432 29.7146 45.8149 37.4553 55.9439 77.5888 59.7046 45.0424 49.9251 63.6107 43.7793 43.226 63.9389 54.6612 37.9625 36.3431 36.8563 35.759 33.6913 33.1607 34.8264 39.0612 32.04 29.5609 31.7222 47.1329 28.6674 27.4843 26.1852 23.4949 22.7379 22.1813 20.9689 19.1896 15.4099 13.9159 13.0787 12.8583 9.17009 16.7577
threshold=1.0000000180025095e-35 2.5000000000000004 45.000000000000007 357.50000000000006 1.0000000180025095e-35 229053.50500000003 533550.00000000012 416900.00000000006 2.5000000000000004 0.99436340743478879 11.530000000000003 2.8775000000000004 1.0000000180025095e-35 2.9640000000000009 12.550000000000002 12.319000000000001 301299.27000000008 326126.99500000005 2.9585000000000004 5.5000000000000009 338.50000000000006 8.5000000000000018 4.6275000000000004 0.94566457284902616 1.5000000000000002 352.50000000000006 1.0000000180025095e-35 22.500000000000004 15.190500000000002 16.285500000000003 4.2815000000000003 356322.15000000008 20.017500000000002 14.444500000000003 89950.000000000015 10.500000000000002 18.441500000000001 86399.645000000004 239650.00000000003 22.464000000000002 282.46187837414203 384300.00000000006 1028.9216472679866 3.9540000000000002 6.8520000000000012 0.94142737454634162 -344.56500000000227 156893.21000000002 177.50000000000003 29.948000000000004 2.5695000000000001 1.5000000000000002 36.342500000000008 278.23433244493555 518450.00000000006 270150.00000000006 6.7975000000000003 75.000000000000014 -0.0032203542238427997 311.56407291633133 12.550000000000002 5.9215000000000009
decision_type=2 2 2 2 2 2 2 2 2 2 2 2 2 2 2 2 2 2 2 2 2 2 2 2 2 2 2 2 2 2 2 2 2 2 2 2 2 2 2 2 2 2 2 2 2 2 2 2 2 2 2 2 2 2 2 2 2 2 2 2 2 2
left_child=1 3 -2 14 5 11 7 -7 -8 10 50 12 -5 -13 15 20 49 -18 -12 53 21 -1 -22 24 37 26 28 36 32 33 40 -32 -25 34 -27 -35 -28 60 48 -30 -31 42 44 -44 -26 51 47 -47 -39 -11 -6 58 -48 -17 -43 -40 -53 -4 -16 -29 -3 -62
right_child=2 23 57 4 9 6 8 -9 -10 16 18 13 -14 -15 45 19 17 -19 -20 -21 22 -23 -24 25 41 29 27 59 39 30 31 -33 -34 35 -36 -37 -38 38 55 -41 -42 54 43 -45 -46 46 52 -49 -50 -51 -52 56 -54 -55 -56 -57 -58 -59 -60 -61 61 -63
leaf_value=0.0090505047953954136 0.046797951039608675 0.012753408394978913 0.052876027444580059 -0.018761964560649332 0.022488870667213345 0.0023553594228954275 0.054850670261897376 -0.016119010128749445 0.010699611327100208 0.0054595237857571642 -0.032943907824265602 0.00011539844215375157 0.031759453393057559 0.010441895913845539 -0.0023489439396911648 0.020395606307933238 0.054539607839740892 0.012465677733094968 0.005239180618146295 -0.021037911412549074 0.014764035262726181 0.0018031356580582342 0.0073131792809070749 0.0027014232417096684 -0.018896091528880256 0.034878744175385751 0.01937743606769543 -0.01717576923875383 0.010224124312101127 0.040481750199366423 0.0085228708485357487 0.028355314809186412 -0.03748764342067102 0.014819699504507528 0.0093247022096403058 0.002932977077633037 0.0085059344311564054 0.010386958265059247 0.036179528811969862 0.023397914935971605 0.014331178683449098 -0.070943816173210481 -0.0095060673559965551 0.052325064328053707 0.028147379017759534 -0.043676236692203461 0.0041748467638544774 -0.0034800955783237299 -0.0089522003116130032 -0.021388701326385765 -0.005272906895140218 0.083236726174892028 0.051278883341403542 0.0564122057745476 -0.0029427545774682253 0.011629158239982555 0.022354120437248892 0.058909750588309995 0.046726352858425073 -0.07859612388663284 0.06665024143541011 0.012400816000333915
leaf_weight=7349.722787797451 6245.2759735435247 24.198689237236977 2797.8641071170568 89.123464003205299 87.090595796704292 3118.6511650234461 79.686909735202789 453.2721105068922 220.45403634011745 2340.4173619002104 60.085889264941216 1326.1411386579275 400.65980432927608 5293.3100846707821 57.100150465965271 75.534573882818222 75.573127701878548 281.08821947872639 2282.2797085344791 24.453936725854874 3694.3477946519852 3441.1829133033752 3735.0396000295877 1609.9459662735462 295.78761191666126 260.80140282213688 3538.1398540586233 13.45198433101177 3310.2290717959404 252.48840990662575 3458.4022148251534 457.83735702931881 70.74053692817688 1128.8995595276356 3986.0593511909246 6750.1730132251978 1038.7517311573029 335.62239272892475 104.03422872722149 610.04557849466801 240.47352276742458 33.688590154051781 53.231299445033073 49.10684597492218 41.240107774734497 82.253534257411957 1176.7802139371634 643.25849018990993 446.63239254057407 99.369320571422577 3436.3419021517038 23.250528708100319 26.189939975738525 98.487086907029152 17.086490735411644 338.83913412690163 18.794754683971405 1451.3060836493969 17.810925647616386 23.246764659881592 43.368103921413422 21.191042229533195
leaf_count=23878 15480 73 7074 326 283 10706 220 1671 747 7923 225 4603 1222 17411 190 229 212 929 7645 86 11510 11740 12010 5185 1026 756 10670 47 10255 707 10930 1340 255 3520 12944 22338 3224 1038 297 1789 738 137 180 132 120 317 3831 2193 1519 370 12170 57 69 266 56 1058 58 3700 50 101 105 65
internal_value=0.0132094 0.00757199 0.0500934 0.00623281 0.0043445 0.00667013 0.00174814 1.09875e-05 0.0224216 0.00139626 -0.0010541 0.00935091 0.0225663 0.00837308 0.00804538 0.00874999 0.0065361 0.0213807 0.00425972 0.0331627 0.00848406 0.00673934 0.0110182 0.00945306 0.00324206 0.00987193 0.0122524 0.0163295 0.00889405 0.00840141 0.0127291 0.0108414 0.00100985 0.00682779 0.010894 0.00463609 0.0169101 0.00810875 0.00587047 0.0122741 0.0277251 -0.00980373 -0.0053826 0.0201635 -0.0131397 0.00170051 0.000220247 -0.00803726 -0.000654834 0.00436603 -0.0045867 0.0261085 0.00520035 0.0407791 -0.0480606 0.0173962 0.0560215 0.0549368 0.00931924 -0.0560824 0.0390038 0.0488433
internal_weight=79155.9 68661.5 10494.4 40107.8 19643.5 10981.3 3872.06 3571.92 300.141 8662.25 5865.8 7109.23 489.783 6619.45 20464.2 18418.8 2796.45 356.661 2342.37 198.476 18220.3 10790.9 7429.39 28553.7 1804.03 26749.7 10214.6 4613.59 5600.96 16535.1 4409.2 3916.24 1680.69 12125.9 4246.86 7879.07 4576.89 1313.89 1225.13 3920.27 492.962 490.141 439.366 102.338 337.028 2045.44 1928.48 725.512 782.255 2439.79 3523.43 116.956 1202.97 174.022 50.7751 442.873 42.0453 4249.17 74.9111 36.6987 88.7578 64.5591
internal_count=250006 223752 26254 133147 66663 36906 13344 12377 967 29757 20323 23562 1548 22014 66484 59719 9434 1141 7870 581 59138 35618 23520 90605 5806 84799 31526 14042 17484 53273 13715 12270 5440 39558 13700 25858 13894 4155 3912 12044 1445 1651 1458 312 1146 6765 6410 2510 2557 8293 12453 355 3900 495 193 1355 115 10774 240 148 243 170
is_linear=0
shrinkage=0.05


Tree=23
num_leaves=63
num_cat=0
split_feature=22 0 19 6 6 0 17 8 9 9 9 9 29 17 17 29 16 7 16 17 17 9 18 14 17 16 17 14 24 17 7 9 16 16 14 28 28 29 16 9 9 9 9 3 17 1 16 29 8 0 20 17 3 3 5 17 6 12 11 7 16 7
split_gain=6163.49 154.189 67.8727 67.6564 51.8385 46.3069 39.9338 32.249 44.7809 33.1272 32.2652 31.4083 34.2597 39.4467 49.0377 37.3474 37.0958 34.3175 31.1813 30.3882 34.5208 50.602 30.1445 27.976 29.1968 45.2147 29.6164 27.2276 26.1497 25.4144 24.6316 23.6369 22.178 22.0679 19.7709 19.419 38.8697 31.8744 18.8404 18.3193 43.8086 26.0494 31.0517 18.5842 18.2066 15.8505 15.7326 15.6828 15.4586 14.8442 14.3457 14.3202 13.739 12.4682 11.7161 23.6353 11.8399 10.447 9.36787 6.18256 5.53919 4.43782
threshold=1.0000000180025095e-35 3.5000000000000004 45.000000000000007 12.500000000000002 11.500000000000002 1.0000000180025095e-35 2.7030000000000007 263710.89000000007 262850.00000000006 305550.00000000006 299250.00000000006 59850.000000000007 186803.90000000002 14.684000000000003 21.433500000000002 173582.92000000001 27.444500000000001 238.50000000000003 6.8570000000000002 19.003500000000006 19.569000000000006 323350.00000000006 1.5000000000000002 1166.2801142012579 8.9570000000000025 10.084000000000001 7.7115000000000018 293.21141948308639 1.0000000180025095e-35 21.107000000000003 162.50000000000003 141050.00000000003 11.372000000000002 22.724000000000004 678643.87325156666 294807.54000000004 326126.99500000005 229385.58000000005 13.049000000000001 251550.00000000003 261750.00000000003 240850.00000000003 238250.00000000003 2.5000000000000004 4.3360000000000012 1.5000000000000002 5.4515000000000002 123714.08000000002 144894.81000000003 4.5000000000000009 75.000000000000014 10.387000000000002 1.0000000180025095e-35 1.0000000180025095e-35 1.5000000000000002 7.3295000000000003 5.5000000000000009 -0.0045945627412372495 -660.71500000001095 238.50000000000003 6.7510000000000003 343.50000000000006
decision_type=2 2 2 2 2 2 2 2 2 2 2 2 2 2 2 2 2 2 2 2 2 2 2 2 2 2 2 2 2 2 2 2 2 2 2 2 2 2 2 2 2 2 2 2 2 2 2 2 2 2 2 2 2 2 2 2 2 2 2 2 2 2
left_child=1 3 59 5 11 23 18 8 22 10 -9 44 15 16 -15 28 -14 -17 31 35 21 -21 -8 24 26 -26 -1 47 -13 -22 49 -5 53 -29 -34 37 -37 -7 -11 41 46 42 -32 -42 -3 -43 -41 -20 -33 51 -4 57 -10 -25 56 -56 -46 -6 -51 -2 61 -61
right_child=2 4 50 6 30 19 7 9 52 38 -12 12 13 14 -16 17 -18 -19 27 20 29 -23 -24 32 25 -27 -28 33 -30 -31 39 48 34 -35 -36 36 -38 -39 -40 40 43 45 -44 -45 54 -47 -48 -49 -50 58 -52 -53 -54 -55 55 -57 -58 -59 -60 60 -62 -63
leaf_value=0.0087143346162357055 0.048560978805793666 -0.060456287006319699 0.051561831118133117 -0.061884050137126827 -0.042746622833346355 0.0073419865137640643 0.0059424664009488344 0.034256794231405339 -0.041586998248536219 0.026673231529870098 0.091607807814196446 0.00324670570041833 -0.0018313772694193862 0.012697183760794414 -0.0010512993640153284 0.032554981996850162 0.0154628074374581 0.0096236735665932716 0.0015389666691347887 0.016861204378705197 0.0036155495789800783 0.062300011681896431 0.01921298566724635 -0.002305764427841413 0.026031941090276397 0.010271081159605304 -0.019722366480782027 0.0012209295448549309 0.01051993640735447 0.01105454137690727 0.014483840526306788 0.034104711231220386 0.063241674621001484 -0.061736200762132487 0.025286685381861025 0.017130233948864104 0.0075146047496874443 0.0026529976154180848 0.0092195703159278723 -0.0010255009132711763 0.011999000403805615 0.013446670726373334 -0.045534828180393394 -0.016217107839235034 -0.028338275244910883 0.061712575818689386 -0.051563859689343197 0.037818530212146581 -0.019814752016271503 -0.013259903244623603 0.057769585762384883 -0.069821638705221595 -0.0028945110769294014 0.031026998699509672 0.038984703272072894 -0.026240762616166799 0.019467117987675614 0.016795181431291412 0.038279543362976759 0.036267966452251429 0.045879781803794456 0.043397591721805968
leaf_weight=884.32000835239887 1230.9851312190294 21.755752518773079 2718.5279227793217 27.974157899618149 14.697857066988947 20062.606268808246 584.93499703705311 241.60717262327671 40.577700674533844 356.99690678715706 27.294559895992279 9140.3560708612204 6400.1711069047451 1383.9163565933704 1220.6246178150177 205.63383287191391 325.86069732904434 789.79219321906567 44.703083619475365 546.76999913156033 1419.2013310790062 69.003371208906174 1594.2720264494419 58.32770961523056 741.01642991602421 1179.1596263647079 102.13702322542667 144.36816720664501 1429.0205274969339 6011.107004314661 1430.0738908499479 16.820632860064507 66.558871954679489 15.404316574335096 70.81568156182766 1351.4199782907963 4727.5146653205156 4423.3688531070948 272.7443730533123 24.170860707759857 607.56946334242821 26.776849985122681 21.879965722560883 64.557384252548218 90.563231527805328 46.634080469608307 42.433850094676018 89.278072163462639 63.381321847438812 21.062066808342934 1415.1207472980022 17.680468678474426 52.79021355509758 54.052361950278282 28.198246389627457 27.369528755545616 15.113333255052565 14.770088791847227 15.164468646049498 254.214883685112 3091.3164221197367 1543.2301413416862
leaf_count=2745 3078 94 7054 118 57 64580 1756 647 146 979 55 31440 22928 4543 4189 630 1066 2627 154 1666 4532 171 4586 186 2114 3571 346 466 4670 18684 4407 49 160 61 206 4170 15198 14586 804 80 1967 87 85 230 354 124 169 247 225 74 3720 72 167 153 88 105 47 48 43 668 7799 3935
internal_value=0.0125738 0.00718168 0.0487373 0.0088835 0.00388783 0.00831858 0.015487 0.0173688 0.0141982 0.0253871 0.0400781 0.0031029 0.00328353 0.00102954 0.00625392 0.00510206 -0.000993514 0.0143608 0.000639527 0.00784257 0.0105765 0.0219531 0.015651 0.0141414 0.0127616 0.0163534 0.00577002 0.00909068 0.00423007 0.00963368 0.0109358 -0.0223097 0.0302 -0.00484902 0.0436761 0.00712288 0.00965227 0.00649492 0.019114 0.0119187 0.00545591 0.0150486 0.0135794 0.00928886 -0.0175211 0.0441074 -0.0332235 0.0257138 -0.00850631 -0.015754 0.053687 -0.0342471 -0.0197103 0.0137266 -0.0117281 0.00685834 -0.0215014 -0.0129027 0.00831457 0.0453939 0.0445964 0.0423892
internal_weight=79019.8 68766.4 10253.4 45340.5 23425.8 41767.4 3573.15 3171.22 2272.57 898.643 268.902 21078.4 20895.4 9330.57 2604.54 11564.8 6726.03 995.426 401.93 38611 8046.08 615.773 2179.21 3156.39 2906.63 1920.18 986.457 293.754 10569.4 7430.31 2347.47 108.176 249.755 159.772 137.375 30564.9 6078.93 24486 629.741 2264.1 738.732 1525.36 1451.95 672.127 183 73.4109 66.6047 133.981 80.202 83.3749 4133.65 47.1484 93.3679 112.38 161.244 55.5678 105.677 29.4679 36.2265 6119.75 4888.76 1797.45
internal_count=250006 223752 26254 143528 80224 133068 10460 9140 6655 2485 702 72781 72093 32726 8732 39367 23994 3257 1320 123587 25053 1837 6342 9481 8776 5685 3091 928 36110 23216 7443 392 705 527 366 98534 19368 79166 1783 7149 2446 4703 4492 2197 688 211 249 401 274 294 10774 177 313 339 594 193 401 105 117 15480 12402 4603
is_linear=0
shrinkage=0.05


Tree=24
num_leaves=63
num_cat=0
split_feature=22 6 19 1 18 17 15 16 15 3 16 18 16 16 15 17 13 13 9 15 17 17 16 5 17 11 7 17 17 16 3 27 10 9 28 28 18 11 9 15 9 15 15 7 15 5 9 1 2 13 15 15 15 27 17 7 5 20 17 29 7 9
split_gain=5770.46 102.698 68.6798 51.6842 75.6774 83.6816 64.8466 55.1685 49.9928 45.7171 51.9139 39.2961 37.2194 56.524 44.4613 36.0863 53.3617 51.9807 42.4304 41.0402 36.0675 34.7102 45.1817 34.5533 34.0544 33.0059 29.4755 33.4886 62.9225 30.9911 30.558 36.4589 36.2078 29.289 33.7446 29.0099 43.8387 38.3807 27.6239 27.9205 27.5926 27.0141 43.589 45.3052 44.5242 34.0925 26.2273 26.0395 25.4547 25.4175 25.1458 24.3913 23.1318 23.0751 19.9949 18.6811 29.2479 14.5996 11.0415 6.12616 5.97842 5.46321
threshold=1.0000000180025095e-35 9.5000000000000018 45.000000000000007 3.5000000000000004 9.5000000000000018 3.5645000000000002 5.9840000000000009 20.731500000000004 2.9375000000000004 2.5000000000000004 20.849000000000004 13.500000000000002 10.222000000000003 12.973000000000001 2.6795000000000004 26.851500000000005 310949.58333333355 182067.18333333335 422750.00000000006 7.1720000000000015 4.6475000000000009 2.8085000000000004 5.9145000000000012 2.5000000000000004 12.8725 -585.08500000000629 339.50000000000006 4.6475000000000009 5.259500000000001 18.061500000000002 2.5000000000000004 355555.93500000006 0.9383154630633993 326350.00000000006 345418.75500000006 104498.24000000001 13.500000000000002 -644.32999999998708 549200.00000000012 2.5245000000000002 138150.00000000003 4.1305000000000005 5.831500000000001 222.50000000000003 5.964500000000001 1.0000000180025095e-35 117550.00000000001 4.5000000000000009 4.5000000000000009 162761.78250000003 6.4225000000000003 2.8775000000000004 5.8655000000000008 405991.22000000003 14.155500000000002 165.50000000000003 1.0000000180025095e-35 75.000000000000014 5.0855000000000006 172625.42500000002 238.50000000000003 401750.00000000006
decision_type=2 2 2 2 2 2 2 2 2 2 2 2 2 2 2 2 2 2 2 2 2 2 2 2 2 2 2 2 2 2 2 2 2 2 2 2 2 2 2 2 2 2 2 2 2 2 2 2 2 2 2 2 2 2 2 2 2 2 2 2 2 2
left_child=1 3 60 4 5 6 8 -8 -1 10 -7 38 58 24 -15 18 17 -17 20 -18 -6 22 33 -11 -14 -20 30 29 40 46 35 32 -32 55 -35 36 -23 -37 39 47 -29 45 43 -43 -44 51 -28 -5 52 -47 -41 -24 -40 -36 -30 -3 -57 -4 -13 -31 -2 -33
right_child=2 21 57 11 15 9 7 -9 -10 23 -12 12 13 14 -16 16 19 -19 25 -21 -22 26 41 -25 -26 -27 27 28 54 59 31 61 -34 34 53 37 -38 -39 48 50 -42 42 44 -45 -46 49 -48 -49 -50 -51 -52 -53 -54 -55 -56 56 -58 -59 -60 -61 -62 -63
leaf_value=0.0070733973525340084 0.047192268418965087 0.03612654823106335 0.050321297866001702 0.0058651366741855476 0.006932856768733473 0.0078248206931806064 0.012448494774374709 -0.035824724372740424 -0.0050946311944130226 0.0029802728249628987 -0.0063926573052907158 -0.019925914315185027 0.019736169767356718 -0.068206287620421344 0.0049022069276822011 0.028596115434868181 0.066677630445712829 -0.025757990742193676 -0.032124534210393151 -0.0062451515400438525 -0.0030935635903659399 0.01539827133984357 -0.023788739819487554 -0.01441424640645269 0.071042302943873648 -0.00041130727134678437 -0.0080147018957590858 -0.065705768470999279 0.011732777651232689 0.080445170264507912 -0.028809759471053333 -0.038577366149987677 0.012756547618244067 0.07863258621860128 -0.050150097605575629 0.015116039303342871 0.062904368423957399 0.0012744623452815192 0.0269877906794606 0.011530290568223942 -0.0083992339666485484 -0.055867678858947389 0.085303418206597093 -0.0014827077157933853 0.011362076683233012 0.0062693275595742497 0.026847221545275021 0.08200340805832429 -0.022363991874970641 0.053593123213686866 0.0047468000248603133 0.02060495045509449 0.073631234079677324 0.037048061256360412 0.018373221590815392 -0.0065303484115646964 -0.039315232075943271 0.056677235969182255 -0.078142688123136794 0.045201708287202762 0.043251121656467856 -0.083451483691933573
leaf_weight=1102.7001244425774 1204.0436214208603 15.409743219614027 2648.0698206424713 19.683547645807266 1248.1802051514387 29783.982098385692 1280.5793091654778 62.053970754146576 3599.797272965312 2961.9106653183699 656.20988798141479 17.091012299060822 343.02268522977829 20.870920524001122 5817.57028670609 85.654294371604919 70.831957966089249 90.419832825660706 193.80051553249359 26.517067387700081 3187.4126940071583 249.00948710739613 47.694779768586159 315.95404934883118 35.709501028060913 142.27763019502163 60.875033989548683 25.099387913942337 2486.0318794995546 26.730715155601501 79.030809462070465 12.788538843393328 155.42802439630032 18.056368857622147 15.577739745378496 1003.9831474870443 60.327457889914513 999.30907660722733 107.5537967979908 6822.4985530525446 128.7678630053997 46.545432850718498 21.976010248064995 216.01130141317844 276.73194207251072 39.585460320115089 474.2530509531498 26.146569356322289 19.515429183840752 100.17796196043491 1708.2085350304842 88.081561893224716 35.306518793106079 14.790523007512091 2083.812473103404 160.48312589526176 118.0825120061636 1371.3880998790264 15.559354931116102 22.887838661670685 4791.2928312420845 14.442309156060217
leaf_count=3704 3078 44 7054 63 4397 96518 4218 236 12621 9792 2227 64 1108 88 19360 256 180 332 793 92 11341 737 169 1104 91 518 198 97 7481 58 279 49 474 43 63 3037 151 3152 315 21160 421 189 48 716 883 129 1354 60 65 266 5445 268 83 44 5961 563 458 3720 68 60 12402 61
internal_value=0.0119705 0.00681291 0.0474329 0.00606121 0.00521103 0.00594296 0.000525781 0.0102174 -0.00224132 0.00691417 0.00751833 0.0086028 0.00557549 0.00585511 0.00464086 -0.000557696 0.0171077 0.000683501 -0.00156995 0.0468141 -0.000272119 0.0117731 0.00377234 0.00130361 0.0245737 -0.0186988 0.01297 0.0150991 0.0137019 0.0263865 0.00857947 -0.0076148 -0.00125452 -0.011528 0.0245031 0.010412 0.024663 0.0082114 0.0107679 0.0103811 -0.0177473 0.0100329 0.00373836 -0.0111239 0.016802 0.0228546 0.0228814 0.0493028 0.0311984 0.0401895 0.0101719 0.00501057 0.0385153 -0.00768121 0.0147608 -0.0174632 -0.0204277 0.0524899 -0.0476688 0.0641882 0.0440426 -0.0623771
internal_weight=78873.8 68859 10014.8 59797 44808.3 39763.2 6045.13 1342.63 4702.5 33718.1 30440.2 14988.7 6249.82 6217.17 5838.44 5045.09 273.423 176.074 4771.67 97.349 4435.59 9061.98 1179.2 3277.86 378.732 336.078 7882.78 5308.46 4723.71 584.747 2574.32 261.69 234.459 342.4 48.4246 2312.63 309.337 2003.29 8738.91 8576.54 153.867 836.804 561.265 262.557 298.708 275.54 535.128 45.8301 162.376 139.763 8530.71 135.776 142.86 30.3683 4569.84 293.975 278.566 4019.46 32.6504 49.6186 5995.34 27.2308
internal_count=250006 223752 26254 196299 148329 130420 20779 4454 16325 109641 98745 47970 20779 20647 19448 17909 860 588 17049 272 15738 27453 3883 10896 1199 1311 23570 15630 13960 1670 7940 863 753 1215 150 7077 888 6189 27191 26728 518 2668 1836 905 931 832 1552 123 463 395 26605 437 398 107 13442 1065 1021 10774 132 118 15480 110
is_linear=0
shrinkage=0.05


Tree=25
num_leaves=63
num_cat=0
split_feature=23 0 6 20 9 0 9 17 15 15 6 15 15 17 0 17 9 9 15 15 9 17 17 17 7 1 8 15 15 1 3 17 29 15 7 1 7 10 3 17 3 17 6 15 15 5 28 9 7 15 7 10 5 3 17 5 1 9 19 3 5 10
split_gain=5410.64 128.423 91.0112 73.0849 41.8232 59.7002 57.0701 48.7619 67.6551 81.7629 67.8383 54.4624 52.4409 47.5296 40.624 40.0959 34.3413 51.0104 48.5014 75.0627 41.6576 35.8097 34.1595 34.0186 38.1101 33.5431 31.2041 30.9864 49.4797 28.741 28.7233 27.6867 25.7642 41.441 35.3068 67.9703 30.9239 30.4372 25.5064 23.2322 24.6714 24.3997 22.8476 26.1417 22.6472 21.8724 21.4863 29.559 25.4871 21.4581 19.2224 36.7649 48.3938 30.3089 53.3259 27.325 24.2499 18.0763 15.606 15.0535 10.7344 4.8999
threshold=1.0000000180025095e-35 2.5000000000000004 11.500000000000002 45.000000000000007 278050.00000000006 1.5000000000000002 261750.00000000003 8.4795000000000016 7.4345000000000008 5.8455000000000004 6.5000000000000009 6.9765000000000006 7.0345000000000004 8.5950000000000006 4.5000000000000009 5.8550000000000013 118650.00000000001 148950.00000000003 3.6415000000000002 5.6995000000000013 193650.00000000003 10.657500000000002 2.7030000000000007 13.013000000000002 238.50000000000003 1.5000000000000002 389690.71000000002 2.7055000000000002 4.0685000000000011 2.5000000000000004 1.5000000000000002 28.598000000000003 146922.61500000002 7.4535000000000009 178.50000000000003 4.5000000000000009 234.50000000000003 0.94941910174760602 1.0000000180025095e-35 5.1355000000000013 1.5000000000000002 10.245000000000003 20.500000000000004 6.0235000000000012 2.8970000000000007 1.5000000000000002 202057.23500000002 158750.00000000003 169.50000000000003 5.8455000000000004 349.50000000000006 0.96018957528285476 2.5000000000000004 2.5000000000000004 4.4105000000000008 1.5000000000000002 1.0000000180025095e-35 158750.00000000003 75.000000000000014 1.0000000180025095e-35 1.0000000180025095e-35 0.97546913430433135
decision_type=2 2 2 2 2 2 2 2 2 2 2 2 2 2 2 2 2 2 2 2 2 2 2 2 2 2 2 2 2 2 2 2 2 2 2 2 2 2 2 2 2 2 2 2 2 2 2 2 2 2 2 2 2 2 2 2 2 2 2 2 2 2
left_child=1 4 14 61 5 6 46 8 9 10 -6 13 45 -9 32 -11 18 22 21 -20 -19 -16 -18 24 -8 -15 -14 39 29 30 -29 -25 33 38 35 -34 -35 -36 -3 40 57 60 43 -30 -31 -13 47 -1 -48 -44 51 55 -53 56 -55 -7 -52 -4 -5 -43 -41 -2
right_child=3 2 27 58 7 50 23 11 -10 15 -12 12 26 25 16 -17 17 20 19 -21 -22 -23 -24 31 -26 -27 -28 28 42 44 -32 -33 34 36 37 -37 -38 -39 -40 41 -42 59 49 -45 -46 -47 48 -49 -50 -51 53 52 -54 54 -56 -57 -58 -59 -60 -61 -62 -63
leaf_value=0.010839821376743065 0.044618078082278148 0.009399217361751715 0.034411407542660151 0.049053410680151927 -0.0019818523210572941 0.005543268985416505 -0.061795428707632473 0.075315805215905918 -0.077594361340475149 0.040956291643626325 0.021683672265853975 -0.081709950909749307 0.015272869036960228 0.024823423866654856 0.018640164059760305 0.014323030655071532 -0.028847460098358171 0.0076657769780354079 -0.01192176985131543 0.014733040600409048 -0.0010845834158209832 0.06728501840337367 -0.0059980062962573877 0.016512349157384552 -0.0099222542203590905 0.014250989340769904 -0.016187771100864706 0.020551504747505715 0.0058104847764356687 0.0037952012022273093 -0.0021042255593821317 -0.046707551849374071 0.0092901348961574471 0.038180899753989299 -0.0061652843772572437 0.059483834709795208 -0.037084948379565073 0.0036802144877692514 0.0048224477876005313 -0.029976178716366611 0.054216933892647437 0.038581243737223249 0.0072522534731806953 0.015497353974141407 0.034738083866249943 -0.010950898376882155 -0.042098593243553445 0.018067567318376488 0.0079809596758261339 -0.025759006971052503 -0.0017906098081131386 0.0091817346560444362 0.030350029302319583 -0.038946778310369912 -1.7793796373467179e-05 -0.011332386532663118 0.006554523985306141 -0.029359457262457145 0.055670906455967763 -0.025045063138571379 -0.075304906459751908 0.041487955758224795
leaf_weight=3624.6891033649445 1826.0962878167629 5605.9051050543785 16.612331047654152 2679.3778383135796 1467.2650272548199 931.69443909823895 45.10618394613266 36.325085580348969 23.226807281374931 221.98810389637947 381.56756937503815 25.930407494306564 251.24486637115479 1131.5077944397926 284.16998063027859 388.86393567919731 196.4589030444622 1929.7466388344765 467.23762442171574 607.60110944509506 4607.9063016027212 43.643006086349487 977.01345434784889 148.22257317602634 164.66997988522053 2226.4240653216839 114.84287202358246 537.8683165460825 1552.223948970437 68.883198946714401 189.0804390758276 19.609378844499588 784.43038284778595 16.231867671012878 823.4298245459795 73.79147931933403 85.69897648692131 16819.911950930953 6661.7300846427679 34.084231659770012 23.079530969262123 17.609003663063049 111.2850394397974 1263.3320340514183 417.78941243886948 18.867970421910286 25.813239246606827 2319.9453014880419 1611.078651919961 88.277338936924934 1070.7891589105129 2422.874236613512 303.85713030397892 105.80559252202511 521.84163874387741 323.04114460945129 4654.6687607169151 33.564138695597649 1334.7516553550959 19.692062214016914 21.175009235739708 3964.9689435213804
leaf_count=11011 4786 18099 48 7312 4877 2936 182 84 102 620 1073 106 755 3271 932 1190 772 6593 1711 2021 16585 111 3537 444 554 6618 391 1606 4877 215 611 73 2521 47 2829 194 340 55894 21940 121 62 49 353 3841 1159 62 92 6853 4980 313 3567 7455 865 403 1707 1076 14884 123 3738 68 85 10496
internal_value=0.0113155 0.00637407 0.00476823 0.0460689 0.00927324 0.00806409 0.0113189 0.012791 0.00734023 0.00814226 0.00290231 0.0163477 -0.000845036 0.0184289 0.00401758 0.0240018 0.00108439 -0.000224627 0.00828075 0.00314606 0.0014983 0.0251164 -0.00982339 -0.00765253 -0.0210761 0.0178135 0.00540357 0.0115982 0.0124296 0.0209544 0.0146587 0.00912578 0.00488352 0.00665008 0.00370245 0.0136059 -0.0250993 0.00322072 0.00691388 -0.00960448 0.0114329 -0.0262543 0.00899819 0.010157 0.0303585 -0.051908 0.0122638 0.0136605 0.00719122 -0.00735043 0.00555744 0.00828139 0.0115407 0.00385035 -0.00658024 0.0011985 0.0049938 -0.00824632 0.0512538 0.0049915 -0.0473459 0.042475
internal_weight=78766.4 68961.2 44379.5 9805.19 24581.8 18293.7 7959.13 6288.05 2482.91 2459.68 1848.83 3805.14 410.886 3394.26 39984.9 610.852 9113.78 7711.13 1402.65 1074.84 6537.65 327.813 1173.47 377.608 209.776 3357.93 366.088 4394.56 4228.74 1213.62 726.949 167.832 30871.1 12369.6 18501.6 858.222 101.931 17643.3 12267.6 165.816 73.256 92.5603 3015.12 2815.56 486.673 44.7984 7581.53 5944.63 1636.89 199.562 10334.6 3981.47 2726.73 6353.11 627.647 1254.74 5725.46 50.1765 4014.13 37.3011 55.2592 5791.07
internal_count=250220 223888 147657 26332 76231 57082 24189 19149 7862 7760 5950 11287 1314 9973 134126 1810 32262 27487 4775 3732 23178 1043 4309 1253 736 9889 1146 13531 12975 3591 2217 517 101864 40426 61438 2715 387 58723 40039 556 233 323 9384 8718 1374 168 22936 17864 5072 666 32893 12332 8320 20561 2110 4012 18451 171 11050 117 206 15282
is_linear=0
shrinkage=0.05


Tree=26
num_leaves=63
num_cat=0
split_feature=23 0 6 20 9 0 9 17 16 16 4 2 0 16 16 12 9 9 9 17 17 7 16 10 17 18 27 29 17 8 17 27 17 17 5 9 16 16 11 10 9 9 16 2 5 16 12 25 6 9 3 9 16 5 6 16 25 5 6 17 25 18
split_gain=5064 115.622 81.8794 73.6088 37.6068 53.6977 51.394 43.8544 48.6815 41.3127 57.1666 40.2799 36.5854 36.2341 36.5982 31.3381 30.912 46.1684 37.5085 31.2914 30.8478 35.2351 28.4745 28.0623 38.0069 37.0462 33.0705 25.8115 25.1862 43.9025 25.0934 24.7753 68.3107 47.0768 39.5065 24.7664 23.9437 80.6674 31.4205 29.8939 23.9426 72.7288 42.2838 35.3337 25.2739 46.2521 42.3525 23.7599 31.3933 22.7759 65.0118 28.2327 21.1665 38.8524 33.7823 20.2666 22.341 19.9927 19.9522 29.5697 19.0653 17.2188
threshold=1.0000000180025095e-35 2.5000000000000004 11.500000000000002 45.000000000000007 278050.00000000006 1.5000000000000002 261750.00000000003 8.3500000000000032 7.5045000000000011 3.7650000000000001 1.5000000000000002 2.5000000000000004 4.5000000000000009 11.285500000000001 29.438000000000006 -0.0028392512326036496 118650.00000000001 148950.00000000003 193650.00000000003 2.7030000000000007 13.013000000000002 238.50000000000003 5.8520000000000012 0.9677091110825139 3.3810000000000007 1.5000000000000002 572651.88500000013 267492.60000000003 28.598000000000003 105339.91500000002 7.2425000000000006 136455.42000000001 25.072500000000002 26.293000000000003 1.0000000180025095e-35 120550.00000000001 22.464000000000002 23.485000000000003 -327.28500000000344 0.99105471649688093 167750.00000000003 169550.00000000003 6.3175000000000008 3.5000000000000004 1.5000000000000002 25.278000000000002 -0.0022644259773789998 61.000000000000007 20.500000000000004 260050.00000000003 1.0000000180025095e-35 257450.00000000003 2.5880000000000005 2.5000000000000004 2.5000000000000004 29.644500000000004 15.500000000000002 2.5000000000000004 9.5000000000000018 6.533500000000001 19.500000000000004 3.5000000000000004
decision_type=2 2 2 2 2 2 2 2 2 2 2 2 2 2 2 2 2 2 2 2 2 2 2 2 2 2 2 2 2 2 2 2 2 2 2 2 2 2 2 2 2 2 2 2 2 2 2 2 2 2 2 2 2 2 2 2 2 2 2 2 2 2
left_child=1 4 12 -2 5 6 52 23 9 10 -9 -11 40 15 -15 -10 28 19 -19 -18 21 -8 31 58 25 -25 -26 -22 30 -30 -14 33 34 35 -33 -4 49 39 -39 -38 44 43 -43 -42 46 -46 -3 55 61 51 -51 -7 53 -1 -54 56 -24 -50 59 -6 -60 -49
right_child=3 2 22 -5 7 36 20 8 13 11 -12 -13 16 14 -16 -17 17 18 -20 -21 27 -23 47 24 26 -27 -28 -29 29 -31 -32 32 -34 -35 -36 -37 37 38 -40 -41 41 42 -44 -45 45 -47 -48 48 57 50 -52 -53 54 -55 -56 -57 -58 -59 60 -61 -62 -63
leaf_value=0.020326400191928305 0.041216284276969245 0.001493751847096671 -0.00094168260944813063 0.050138851947494595 0.003005036737666022 0.0046754579597039136 -0.059634754670013883 0.02057138502396429 -0.029082489172932432 0.052239491935085196 -0.016252085261849628 0.024504525706078063 0.013861968753728221 0.01601737649007794 -0.0083425591511224612 0.0046432756104202123 -0.027664868316931435 0.0072666692190571525 -0.0010307025133738969 -0.0057084879801402345 0.0217937221556724 -0.0094450604979858903 0.008905543615527511 0.03103772927053838 0.0011864220291634671 0.0056208716162967796 -0.029338760459064257 -0.020572135791437879 0.060842566239287244 -0.02580828890785182 7.4176407253596531e-05 0.020794608935063203 -0.045114002731747954 0.073372074741962792 0.0016090980415173859 -0.030632923056286052 0.056582867596396261 0.020744799509798191 0.002015214308907652 0.011692425040040678 -0.039351704512954166 0.00089492447879046275 0.0057153750737695755 -0.00025982686505235202 0.0040814617823690851 -0.021636473904504582 0.0098282265892361571 0.041449220234795053 -0.018714070270872504 -0.028473870984270684 0.0078915756655851422 0.033789739009692413 0.0082713525249467641 -0.023891640672941028 0.016208850026879645 0.043867571484051515 -0.015680322388869274 0.040699762013376328 0.0090528362746552394 0.035608679813436357 0.044552822660986036 0.017632808290497789
leaf_weight=1014.0818260014057 5672.5716993808746 1999.6789212673903 199.47320038080215 3901.1270479112864 296.33091372251511 8376.6368573904037 44.420893982052803 644.77033843100071 86.344089642167091 173.15222541987896 125.99388101696968 536.6076465845108 600.77372436225414 1778.9873989522457 168.81871742010117 340.5326019525528 194.6607301235199 1933.8393998593092 4606.389141663909 975.28196257352829 115.93752290308475 164.34854690730572 894.02494555711746 209.49322199821472 1133.4484407156706 454.167210906744 96.264608815312386 52.111351490020752 52.155056729912758 20.310381218791008 732.16359926760197 558.46978430449963 55.901485562324524 17.299167811870575 516.47243914008141 108.40135496854782 122.9174979031086 299.9216583520174 883.6726034283638 53.110872387886047 144.55701519548893 7240.6641034781933 12238.650790974498 96.318315535783768 2586.1774634420872 187.49806568026543 6411.4857022464275 79.380217090249062 89.337600961327553 196.92732891440392 326.94276635348797 84.104360714554787 4644.5552519708872 52.23633286356926 1884.33151717484 37.374020427465439 103.05070772767067 16.825865551829338 59.761173665523529 90.868414133787155 103.01455511152744 1726.4811807125807
leaf_count=2967 15282 6586 650 11050 952 26721 182 1889 299 449 419 1527 2028 5229 547 1053 772 6593 16585 3537 339 554 2746 608 3672 1471 347 178 130 71 2546 1679 203 39 1650 389 310 893 2814 163 553 24455 40197 315 8495 667 20596 209 311 708 1039 245 14374 182 5413 99 348 48 175 255 257 5160
internal_value=0.0107738 0.00604808 0.00452494 0.0448521 0.00879694 0.00765088 0.0107347 0.0121297 0.0154511 0.0225669 0.014552 0.0312707 0.00381297 0.0110147 0.0139061 -0.00217841 0.00102938 -0.00021373 0.0014227 -0.0093617 -0.00728904 -0.0201242 0.010997 0.00688901 0.00400105 0.013644 -0.00120316 0.00865622 0.0078492 0.0365563 0.00628853 0.00527676 0.00877422 -0.00688621 0.0115766 -0.0113958 0.00527423 0.011458 0.00676127 0.0430386 0.004634 0.00358591 0.00392356 -0.0237201 0.00648191 0.00234295 0.00784678 0.0138237 0.0171263 0.00433845 -0.00577851 0.00496487 0.0116289 0.0181603 0.0105622 0.00771948 0.00636452 -0.00929756 0.0168313 0.0106565 0.0315194 0.0186797
internal_weight=78611.6 69037.9 44423.1 9573.7 24614.8 18316.3 7972.02 6298.56 3855.21 1480.52 770.764 709.76 40020.6 2374.68 1947.81 426.877 9115.57 7710.17 6540.23 1169.94 376.818 208.769 4402.49 2443.35 1893.37 663.66 1229.71 168.049 1405.4 72.4654 1332.94 1456.02 1130.84 325.174 1074.94 307.875 10344.2 1359.62 1183.59 176.028 30905 19720.2 19479.3 240.875 11184.8 2773.68 8411.16 2946.47 1912.02 8984.61 523.87 8460.74 7595.2 1066.32 6528.89 1034.45 997.076 106.163 549.975 387.199 162.776 1805.86
internal_count=250220 223888 147657 26332 76231 57082 24189 19149 11412 4284 2308 1976 134126 7128 5776 1352 32262 27487 23178 4309 1253 736 13531 7737 6098 2079 4019 517 4775 201 4574 4610 3532 1078 3329 1039 32893 4180 3707 473 101864 65520 64652 868 36344 9162 27182 8921 5728 28713 1747 26966 22936 3149 19787 3193 3094 359 1639 1207 432 5369
is_linear=0
shrinkage=0.05


Tree=27
num_leaves=63
num_cat=0
split_feature=22 0 6 19 28 0 29 17 10 17 0 16 28 9 16 14 29 27 14 9 1 16 9 9 3 25 29 25 4 9 16 9 28 25 27 16 17 27 27 5 16 16 17 9 17 25 9 29 16 16 27 29 16 9 25 6 9 3 14 16 19 14
split_gain=4738.51 104.125 73.6872 73.6108 34.3614 58.984 36.8329 34.0312 38.2271 46.1539 32.9497 31.0542 42.3709 55.0211 35.8385 34.4625 30.0241 29.2976 28.7669 27.8332 44.387 32.4142 30.7208 27.4513 27.2727 46.7686 41.0103 26.5691 26.3419 63.0861 92.4161 39.2395 48.6842 38.5534 36.6412 25.9712 29.3727 72.3584 41.3727 26.1535 25.6503 45.158 32.8946 24.0711 33.1343 25.2433 23.9595 21.6798 37.1577 47.5904 33.2869 25.6634 21.8781 21.5132 21.8421 27.6712 21.2554 21.0729 21.0569 19.7201 16.2196 15.6374
threshold=1.0000000180025095e-35 2.5000000000000004 11.500000000000002 45.000000000000007 276344.31000000006 1.5000000000000002 202123.24500000002 8.3500000000000032 0.97125934113165902 3.3810000000000007 4.5000000000000009 7.5045000000000011 401892.27500000008 533550.00000000012 10.517000000000001 268.00171448397901 277962.36000000004 572651.88500000013 954.19233516216093 118650.00000000001 3.5000000000000004 35.612500000000004 153950.00000000003 372850.00000000006 1.0000000180025095e-35 15.500000000000002 157280.45500000005 9.5000000000000018 1.0000000180025095e-35 182450.00000000003 2.7955000000000001 167150.00000000003 244152.27000000002 7.5000000000000009 107741.27000000002 6.4175000000000013 25.072500000000002 129685.56500000002 136455.42000000001 1.0000000180025095e-35 8.2235000000000031 14.641500000000002 19.138500000000004 59850.000000000007 6.533500000000001 15.500000000000002 120550.00000000001 146922.61500000002 17.920000000000005 13.735000000000001 178152.14500000002 146094.81500000003 14.804500000000003 533550.00000000012 9.5000000000000018 20.500000000000004 120550.00000000001 1.0000000180025095e-35 1166.2801142012579 10.429000000000002 75.000000000000014 240.88700172073237
decision_type=2 2 2 2 2 2 2 2 2 2 2 2 2 2 2 2 2 2 2 2 2 2 2 2 2 2 2 2 2 2 2 2 2 2 2 2 2 2 2 2 2 2 2 2 2 2 2 2 2 2 2 2 2 2 2 2 2 2 2 2 2 2
left_child=1 4 10 -2 5 6 24 8 18 16 47 12 23 -14 27 -16 -10 -11 59 43 22 -22 -21 -9 25 -1 -26 -13 31 34 -31 33 -33 -7 -30 36 38 -38 46 -40 42 -42 -8 44 -12 -45 -4 51 49 -49 -50 52 -3 54 56 -56 -37 -55 -20 -6 -5 -39
right_child=3 2 35 60 7 28 40 11 9 17 19 14 13 -15 15 -17 -18 -19 58 20 21 -23 -24 -25 26 -27 -28 -29 29 30 -32 32 -34 -35 -36 53 37 61 39 -41 41 -43 -44 45 -46 -47 -48 48 50 -51 -52 -53 -54 57 55 -57 -58 -59 -60 -61 -62 -63
leaf_value=0.02205182920148251 0.040098814019471123 0.0071249801174708685 0.0012539549081332141 0.046792641327319695 0.016495394021189696 -0.011384162882560452 0.0070244391816398598 0.022661666661473567 -0.015687460073937658 -0.0011380132285301508 -0.060434105993388013 -0.04214244450763821 0.00054098650271436593 0.042358550920419305 -0.013027293573103595 0.01528548882030331 0.01887877284856896 -0.032175453791586643 0.043162900089264551 -0.0094346499663101394 0.0082009976768952671 -0.029908851509289094 -0.00045136529152104191 0.044200925919950014 0.011917139740084827 0.0053534488814666369 0.023887047506491454 0.00088251338874886635 -0.0039525801842556912 -0.03721105871884333 -0.0014375318604635829 0.01242444870151186 -0.001732465190287252 0.0045516922372276945 0.011929151385040663 -0.016585746822988297 0.06186726504396043 -0.024257590008487734 0.018381656636814882 0.0036637423405973257 -0.011349401180697999 0.0082222866145002307 0.035449287309467739 0.024279727094487738 0.0037137468635137119 0.0059916509239164124 -0.026626299137932324 0.0033157828664886271 -0.0016421830635978186 -0.0047876025469979983 0.0097494030825501475 0.029667845829532698 0.0024459959146284293 0.014215927707134627 0.017722967794412299 -0.0064492516437909559 0.0095079705762126585 -0.057119665988226931 0.017927995068613565 -0.010437299757524214 0.053798440925427071 -0.072068307552481808
leaf_weight=519.15741521120071 5671.2259129136801 8801.0800070464611 224.26067721843719 2421.7430894225836 154.77155320346355 430.80673709511757 574.07175263762474 678.52100789546967 72.354969054460526 934.57469320297241 30.012131452560425 42.227788716554642 390.82835285365582 98.48004275560379 114.44736495614052 1765.0980830788612 476.77180963754654 82.766160443425179 120.33417895436287 1186.0762293487787 1649.0247887521982 57.749697759747505 4816.2807763069868 189.1647959202528 2593.3511235415936 2180.4762060791254 988.25046339631081 238.77204245328903 517.52963989973068 216.24417193233967 1093.3090881109238 3301.9064228087664 744.14498579502106 3188.9959586411715 1217.6575790792704 92.289239704608917 19.69646343588829 36.183835253119469 634.19404140114784 575.96786139905453 506.96842113137245 703.99140977859497 123.71571484208107 228.25049875676632 61.13922330737114 1088.6897691190243 117.39913740754128 12326.446180909872 796.75087815523148 2124.088942438364 3286.2849612087011 113.63381189107895 3488.6052267104387 20.183417096734047 2004.3779385238886 125.82774318754673 505.60314473509789 21.254838183522224 264.0931293964386 121.1796845048666 1253.9265276491642 32.430543154478073
leaf_count=1485 15594 28610 723 7000 458 1431 1792 1946 252 3056 131 151 1228 258 378 5181 1458 305 319 4383 5571 226 17307 494 7789 6748 2806 749 1711 796 3543 10190 2435 10158 3766 310 46 123 1906 1825 1674 2152 341 708 218 3718 419 41094 2629 7218 10497 335 11481 60 5948 420 1537 84 783 398 3738 130
internal_value=0.0102583 0.00573929 0.00429437 0.043671 0.00834617 0.00731691 0.0105111 0.0117327 0.00689588 0.00264238 0.003619 0.0147948 0.0207227 0.00895735 0.0110715 0.0135615 0.0143242 -0.00366308 0.0169855 0.000977328 -0.000203356 0.00691153 -0.00222648 0.0273575 0.0123595 0.00856466 0.0152199 -0.00558314 0.00487441 0.000939884 -0.00734475 0.00643713 0.00982073 0.0026551 0.00719233 0.0104289 0.00544265 -0.0226063 0.00703885 0.0113768 0.00442845 2.85981e-05 0.0120641 0.00744142 -0.0174073 0.00916132 -0.00832609 0.00439751 0.00331471 0.00212466 0.00752648 0.00601548 0.00579678 0.0133818 0.0139249 0.0162952 0.00548021 -0.0223741 0.0258271 0.00466832 0.0491826 -0.0468553
internal_weight=78455.6 69108.7 44463.8 9346.9 24645 18900.6 8189.98 5744.39 2226.85 1566.47 40054.1 3517.54 1356.99 489.308 2160.55 1879.55 549.127 1017.34 660.379 9117.22 7709.13 1706.77 6002.36 867.686 6281.24 2699.63 3581.6 281 10710.6 3044.74 1309.55 7665.85 4046.05 3619.8 1735.19 4409.67 1640.13 88.3108 1551.82 1210.16 1908.75 1210.96 697.787 1408.09 91.1514 1316.94 341.66 30936.9 18533.6 14450.5 4083.04 12403.3 12289.7 2769.54 2728.1 2130.21 597.892 41.4383 384.427 275.951 3675.67 68.6144
internal_count=250220 223888 147657 26332 76231 58817 24787 17414 7029 5071 134126 10385 3926 1486 6459 5559 1710 3361 1958 32262 27487 5797 21690 2440 18828 8233 10595 900 34030 9816 4339 24214 12625 11589 5477 13531 5172 299 4873 3731 5959 3826 2133 4775 349 4426 1142 101864 61438 48312 13126 40426 40091 8359 8215 6368 1847 144 1102 856 10738 253
is_linear=0
shrinkage=0.05


Tree=28
num_leaves=63
num_cat=0
split_feature=22 0 20 6 28 0 15 17 28 9 1 17 17 9 9 28 28 17 17 0 9 9 15 15 6 8 25 15 17 14 1 9 4 8 1 7 17 9 10 9 15 28 9 15 15 15 17 17 15 17 9 12 19 17 1 1 17 9 10 10 10 17
split_gain=4433.01 93.7826 74.4588 66.338 30.9243 53.0986 38.9294 38.3592 33.3183 30.8818 58.1119 35.1297 70.826 66.7612 47.1051 34.4198 31.4501 36.7828 30.4816 29.4633 28.0427 27.4589 27.1659 44.3758 26.966 57.1137 32.4302 27.3483 31.0718 26.9524 27.5851 26.531 23.7229 59.6655 52.472 37.6379 40.0367 35.2392 32.1946 23.5717 35.5459 33.5026 22.552 34.8392 33.9617 21.481 20.6454 22.1526 19.8469 19.7604 31.1366 20.5137 17.0924 16.7438 14.3817 13.5277 17.8726 10.4764 9.16417 7.37693 4.98057 7.37805
threshold=1.0000000180025095e-35 2.5000000000000004 45.000000000000007 11.500000000000002 276344.31000000006 1.5000000000000002 7.4195000000000002 14.873000000000003 202057.23500000002 195850.00000000003 3.5000000000000004 8.0270000000000028 9.429000000000002 156650.00000000003 141950.00000000003 579505.53500000015 116226.08500000001 7.7115000000000018 10.245000000000003 4.5000000000000009 210750.00000000003 82350.000000000015 2.7055000000000002 4.0685000000000011 14.500000000000002 328144.51000000007 18.500000000000004 4.5485000000000015 8.3500000000000032 1616962.8835123056 2.5000000000000004 218450.00000000003 1.0000000180025095e-35 184486.08500000002 1.0000000180025095e-35 349.50000000000006 23.089000000000006 78550.000000000015 0.96079258249606181 278050.00000000006 5.6545000000000014 267530.60500000004 158750.00000000003 6.682500000000001 5.7215000000000016 6.9765000000000006 5.1355000000000013 10.245000000000003 5.7425000000000006 6.3660000000000005 215050.00000000003 -0.0015039353560355997 75.000000000000014 20.557000000000006 1.5000000000000002 3.5000000000000004 2.6015000000000006 219350.00000000003 0.99105471649688093 0.96018957528285476 0.97546913430433135 6.2750000000000012
decision_type=2 2 2 2 2 2 2 2 2 2 2 2 2 2 2 2 2 2 2 2 2 2 2 2 2 2 2 2 2 2 2 2 2 2 2 2 2 2 2 2 2 2 2 2 2 2 2 2 2 2 2 2 2 2 2 2 2 2 2 2 2 2
left_child=1 4 60 9 5 8 24 -8 42 11 19 16 14 -14 -13 18 21 -18 -12 20 -11 -3 46 29 27 48 -27 28 -6 30 -24 -21 35 37 -35 38 -37 -34 -7 41 -41 -10 43 -1 -44 -29 55 57 -26 50 -25 -51 -4 -17 -9 56 -5 -48 -56 -49 61 -2
right_child=2 3 52 22 6 32 7 54 39 10 15 12 13 -15 -16 53 17 -19 -20 31 -22 -23 23 49 25 26 -28 45 -30 -31 -32 -33 33 34 -36 36 -38 -39 -40 40 -42 -43 44 -45 -46 -47 47 59 -50 51 -52 -53 -54 -55 58 -57 -58 -59 -60 -61 -62 -63
leaf_value=0.01143201135259129 0.036395055024244637 -0.0020619975035912302 0.045627719923849709 -0.03194939980418593 0.00081340585004948784 0.0028507992663656654 -0.067233519516465431 0.037739409533864766 0.0047309544234739927 -0.0050375716384502608 0.009961434702348497 0.030515102842786558 0.002411522317224038 0.011007232117636049 0.0085293533530913443 0.020578999307583098 0.00080214515142451679 -0.027197478121790072 0.0018837063315221493 -0.014000424024241892 0.0026074726804782532 0.0087553435427249523 0.011276801637793155 0.0086065741551331412 0.063754580931772442 -0.019081721168331314 0.025031735756639552 0.015423938834092958 0.012681537939346892 0.066653829944048879 0.026763497595930399 -0.0016646841346189202 -0.025037172424335438 -0.031108725237424167 -0.003034921251849228 0.0015394518380244049 0.015410217437422472 0.0083456309561815763 0.014004854094928944 0.06731208937494626 -0.014954008053556574 -0.026105414807531375 0.010907524065826069 -0.0013488324483740463 0.022600989302665492 0.0034270232509665596 -0.026122785112112419 0.022260470247964039 0.023348010863023339 0.0036948611305511071 -0.010991062729888305 0.013716114400349018 0.052875408887641841 0.059417423554357189 -0.04185166516764461 0.04521788928453406 0.025631450128017326 -0.070023168043084144 0.013671291633068043 -0.022985823273112427 0.037783572730401116 0.043357285164626183
leaf_weight=2992.10250864923 570.34540335834026 756.62113572657108 2469.5319463014603 26.96786992251873 1145.8132864832878 945.25295002758503 30.818876072764397 19.163161054253578 1739.8711354583502 1351.285734757781 2349.2820756882429 491.60848815739155 6311.0386077165604 3518.1929503679276 482.97511221468449 174.67367208003998 5394.8540140539408 119.90205991268158 2322.4059394598007 510.57990166544914 10678.692208170891 2611.5316400378942 708.39751940965652 520.01393833756447 90.478016242384911 70.898944735527039 101.03355641663074 2722.5217255800962 1063.2512986510992 28.631193071603775 483.99220305681229 2979.0894123464823 82.914923787117004 197.19124472141266 1067.4126981645823 4083.3852959275246 596.18752466142178 1697.4247528016567 2049.8408649712801 34.671409487724304 21.134847417473793 92.780059173703194 1690.2686744183302 648.82005849480629 981.48288412392139 432.38370685279369 30.112525939941406 22.276859968900681 45.759506270289421 818.16323259472847 332.12124186754227 1358.7664498537779 1213.0656301826239 32.991954833269119 17.037108182907108 19.725426122546196 26.937589630484581 24.76738440990448 13.18159958720207 15.124616816639898 3728.4803751558065 1143.3592642396688
leaf_count=8962 1620 2619 7312 101 3714 2991 132 52 5419 4618 7678 1465 20776 11242 1554 547 18340 444 7592 1904 35788 8607 2162 1633 203 224 270 8066 3164 70 1359 10868 295 721 3484 13279 1805 5316 6139 84 70 328 5065 2049 2810 1363 106 66 124 2570 1142 4039 3738 84 62 52 80 100 40 51 10496 3166
internal_value=0.00976759 0.00544666 0.0425245 0.00407584 0.00791914 0.00694312 0.0111295 -0.0234621 0.00997139 0.0034351 0.00207174 0.00484778 0.00676296 0.0054882 0.0196196 0.0068312 0.00251845 0.000193376 0.00594581 0.000575375 0.00174873 0.00632534 0.00989209 0.0106669 0.0116186 0.0260017 0.00684089 0.0107923 0.00652569 0.018714 0.0175629 -0.00346955 0.00462631 0.000892051 -0.0074125 0.00610789 0.00330662 0.00679091 0.0104846 0.00414462 0.0361564 0.00316983 0.0117145 0.00915444 0.0152032 0.0137797 -0.00995639 -0.0257113 0.0501828 0.00742314 0.000968359 0.00994979 0.0480151 0.0267493 0.00385535 0.00978916 -0.00317515 -0.0459351 -0.0176322 0.00396352 0.038809 0.0410402
internal_weight=78299.6 69174.8 9124.78 44501.7 24673.1 18920.7 5752.34 80.2007 8201.13 40085.7 20399 19686.7 10803.8 9829.23 974.584 4879.35 8882.91 5514.76 4671.69 15519.6 12030 3368.15 4416 4250.09 5672.14 308.17 171.933 5363.97 2209.06 1221.02 1192.39 3489.67 10719.6 3044.94 1264.6 7674.67 4679.57 1780.34 2995.09 1888.46 55.8063 1832.65 6312.67 3640.92 2671.75 3154.91 165.912 92.2814 136.238 3029.06 852.135 2176.93 3682.6 207.666 49.3819 73.6309 53.9055 54.8799 30.2187 37.4015 5442.19 1713.7
internal_count=250220 223888 26332 147657 76231 58817 17414 286 24787 134126 69079 65047 35037 32018 3019 15901 30010 18784 15270 53178 40406 11226 13531 12975 17128 821 494 16307 6878 3591 3521 12772 34030 9816 4205 24214 15084 5611 9130 5901 154 5747 18886 11011 7875 9429 556 323 327 9384 2775 6609 11050 631 154 233 181 206 102 117 15282 4786
is_linear=0
shrinkage=0.05


Tree=29
num_leaves=63
num_cat=0
split_feature=22 0 20 6 15 15 4 17 15 6 17 6 15 0 17 9 15 13 3 17 9 0 29 1 15 9 0 15 15 10 17 9 7 27 9 17 17 13 15 25 7 25 17 29 3 29 3 29 3 4 17 17 5 19 11 29 28 4 10 7 17 10
split_gain=4145.9 84.502 74.6913 60.0492 28.697 42.5602 43.1127 34.9927 28.9973 29.9621 28.1524 37.6726 38.5513 30.1609 33.92 51.0364 33.216 40.5966 30.3735 29.4832 28.6093 26.8014 26.329 35.1477 31.5502 54.7432 32.1335 25.2213 27.2397 24.7454 23.928 23.7441 50.6241 36.0048 33.3433 23.3922 21.7412 41.4383 32.9285 43.6339 28.7316 23.4797 21.4879 20.8824 20.5692 20.012 33.1881 24.5949 19.9401 18.0555 17.9077 22.6529 20.0985 17.362 16.1691 14.432 57.8271 14.9171 12.0581 15.566 11.0253 9.67967
threshold=1.0000000180025095e-35 2.5000000000000004 45.000000000000007 12.500000000000002 2.7055000000000002 4.6275000000000004 1.0000000180025095e-35 2.9640000000000009 5.4615000000000009 19.500000000000004 14.756500000000001 14.500000000000002 6.1925000000000008 1.0000000180025095e-35 12.670500000000002 533550.00000000012 4.3645000000000005 282508.06916666677 1.0000000180025095e-35 3.3005000000000004 575050.00000000012 4.5000000000000009 338487.28500000009 4.5000000000000009 6.9985000000000008 518450.00000000006 1.5000000000000002 3.1745000000000005 3.2335000000000007 0.97959083354911103 4.7220000000000004 88350.000000000015 234.50000000000003 78771.445000000022 59850.000000000007 5.7500000000000009 36.185000000000009 280720.76166666672 7.4535000000000009 13.500000000000002 352.50000000000006 17.500000000000004 31.512500000000006 229385.58000000005 1.0000000180025095e-35 368065.11500000005 1.0000000180025095e-35 146922.61500000002 1.0000000180025095e-35 1.0000000180025095e-35 5.1355000000000013 10.245000000000003 1.5000000000000002 75.000000000000014 -347.08000000000169 110946.13000000002 103129.84500000002 1.0000000180025095e-35 0.99130121148004779 238.50000000000003 2.6015000000000006 0.95747264429538925
decision_type=2 2 2 2 2 2 2 2 2 2 2 2 2 2 2 2 2 2 2 2 2 2 2 2 2 2 2 2 2 2 2 2 2 2 2 2 2 2 2 2 2 2 2 2 2 2 2 2 2 2 2 2 2 2 2 2 2 2 2 2 2 2
left_child=1 10 -2 21 50 6 54 -8 30 -10 11 13 19 16 18 -16 20 -18 -15 44 -1 36 27 24 26 -26 -24 55 -29 49 -7 32 33 -23 -34 -21 38 41 43 -40 -39 -38 -30 -3 -13 47 -47 -33 -31 -14 52 61 60 -4 -6 56 -12 -57 59 -25 -5 -52
right_child=2 3 53 4 5 8 7 -9 9 -11 22 12 29 14 15 -17 17 -19 -20 35 -22 31 23 58 25 -27 -28 28 42 48 -32 45 34 -35 -36 -37 37 40 39 -41 -42 -43 -44 -45 -46 46 -48 -49 -50 -51 51 -53 -54 -55 -56 57 -58 -59 -60 -61 -62 -63
leaf_value=0.0035469686527813968 0.037657866851259963 0.0049306537587471451 0.044563952023235535 -0.045001697505682482 0.017433756833451899 -0.024516999628853706 0.034002140046307451 -0.0029167112962126241 0.012573694346832781 -0.0082610596312276668 0.062214533116103157 0.01708476086070598 -0.049050279290666889 0.0031439146116454238 -0.0022841907334772028 0.054757713971194034 0.01122991161401563 0.032587691554878555 0.0083245184153272148 0.04247981266520022 0.059768660053254957 0.017219051286306741 0.005104579517732067 0.022180404291496619 0.006173443663303366 -0.078599593612871416 0.025495171819553769 -0.05439667225546805 0.0094267123091991718 0.044082933169398431 0.0015847596005832975 -0.0022446673202769804 -0.025536824379061386 0.074673285215639998 0.0099365147157580071 0.019977132058087852 -0.0090328157459559754 0.014778480531400719 -0.074977523932254167 -0.0070340646010134816 -0.068731968791307885 0.040219156366965596 -0.00027475786094649464 0.0021500631186374191 -0.024068907152531294 0.0028925708023389545 -0.015804645673603113 0.0034789742059782506 -0.0082907213691104566 0.0053153192125562736 -0.027636220905822302 0.0042081502209603905 0.039960933546906802 0.051983831115496926 0.029990435741521868 0.025551735832748879 -0.050059677166037764 0.073970864520488219 0.012271687877015665 0.066811816621660566 0.013752468153549436 -0.073761076285273702
leaf_weight=990.83304418623447 5330.9953995347023 21188.290942713618 2403.7416236400604 17.730259567499161 603.27412667870522 107.92567329108715 78.738496884703636 347.20523463189602 1326.2528543323278 198.36790251731873 25.268300577998161 72.091522842645645 42.070080801844597 5261.7115002572536 1954.220839843154 40.016113847494125 766.0879018753767 313.56078286468983 6120.0932458490133 164.52898295223713 23.156484544277191 66.02508544921875 311.55326497554779 29.092906296253204 110.05496153235435 23.02875067293644 508.67712226510048 17.207795634865761 6591.3063679337502 30.179075971245766 470.90543073415756 3160.4059080928564 81.381905719637871 46.45316980779171 356.11944136023521 387.46860410273075 29.464385941624641 21.858288109302521 26.634999498724937 209.46660956740379 19.477024435997009 135.39178332686424 624.87622481584549 9910.4246900826693 52.455048963427544 470.71508072316647 478.70717073976994 4621.5294648110867 45.684652596712112 23.975853383541107 22.422526076436043 31.335722342133522 26.942311301827431 1173.1927463561296 445.85160225629807 34.447699666023254 20.999936774373055 29.554688945412636 24.117110311985016 59.471324428915977 14.526256695389746 23.084929510951042
leaf_count=3058 15282 69050 7312 68 1800 389 224 1093 4009 657 61 215 152 16800 6307 97 2281 852 19161 412 58 212 928 80 339 95 1417 65 19905 76 1472 11300 324 119 1191 1062 99 67 115 751 81 382 1961 33003 182 1695 1833 16088 143 72 82 98 75 3738 1241 100 78 68 70 136 45 94
internal_value=0.00930051 0.00516945 0.0414082 0.00386865 0.00995502 0.0108119 0.0173234 0.00390798 0.00624565 0.00986289 0.00751515 0.00630218 0.0167564 0.00574908 0.00487563 -0.00113959 0.0113295 0.0174328 0.00592957 0.0217263 0.0048309 0.00331483 0.00986449 0.0172075 0.0140862 -0.00849565 0.0177501 0.00879858 0.00843679 -0.00693742 -0.00328203 0.00095309 0.0110296 0.0409475 0.00333793 0.0266843 0.0040098 0.0201926 0.00390332 -0.0146989 -0.0245713 0.0314165 0.00858663 0.00404455 -0.000247853 0.000318381 -0.00653473 0.00115448 0.0125439 -0.0293146 -0.0125848 -0.0285071 0.00808327 0.0469976 0.02277 0.0325308 0.0112562 0.0479105 0.0436154 0.0521506 -0.0185426 -0.0510343
internal_weight=78142.6 69234.7 8907.93 44536.9 3714.56 3578.52 1475.07 425.944 2103.45 1524.62 24697.8 16288.1 818.454 15469.7 13376 1994.24 2093.64 1079.65 11381.8 676.544 1013.99 40822.3 8409.66 1066 953.314 133.084 820.23 7343.66 7233.39 141.91 578.831 9281.34 549.98 112.478 437.501 551.998 31541 206.191 31334.8 236.102 41.3353 164.856 7216.18 31098.7 124.547 8731.36 949.422 7781.94 75.8637 66.0459 136.042 76.8432 59.1988 3576.93 1049.13 110.271 46.2682 64.0024 112.681 88.5642 32.2565 45.5075
internal_count=250220 223888 26332 147657 11347 10885 4358 1317 6527 4666 76231 50928 2314 48614 42365 6404 6249 3133 35961 1871 3116 136310 25303 3065 2779 434 2345 22238 21931 443 1861 32762 1846 331 1515 1474 103548 629 102919 866 148 481 21866 102053 397 30916 3528 27388 219 224 462 274 188 11050 3041 307 139 168 286 216 113 176
is_linear=0
shrinkage=0.05


Tree=30
num_leaves=63
num_cat=0
split_feature=22 0 19 17 17 13 11 16 0 2 15 10 17 15 16 17 10 6 18 29 7 29 17 9 16 18 29 17 7 15 17 15 9 21 15 9 25 11 15 15 17 15 16 7 15 15 13 9 9 29 17 2 16 9 28 20 16 10 15 28 18 10
split_gain=3833.11 84.1653 73.6377 33.3661 48.2856 33.58 35.194 37.2485 31.4055 41.6257 46.1628 38.9194 32.6286 30.4379 28.9149 27.499 74.1068 27.4212 50.2464 48.0463 44.8886 37.5869 29.3977 31.0765 29.9149 27.5348 26.9963 26.3158 25.1293 23.8935 38.6636 28.8094 23.4841 32.0433 37.6348 22.9283 37.7893 33.2795 21.6084 38.4479 25.9583 23.5239 21.927 21.2411 43.0326 24.6593 23.5276 56.2956 21.5454 21.0025 28.4587 20.5994 19.6873 17.8164 15.8827 15.2262 13.3884 8.98478 8.96995 8.74241 8.57562 3.96821
threshold=1.0000000180025095e-35 2.5000000000000004 45.000000000000007 8.0270000000000028 8.9570000000000025 377801.92833333334 -1195.2950000000126 20.731500000000004 4.5000000000000009 2.5000000000000004 4.5305000000000009 0.98128257540690755 36.185000000000009 2.8155000000000006 33.63750000000001 7.9390000000000009 0.98068474780360093 2.5000000000000004 5.5000000000000009 202123.24500000002 172.50000000000003 173582.92000000001 6.8195000000000006 466500.00000000006 15.354500000000002 4.5000000000000009 303500.7900000001 23.089000000000006 225.50000000000003 5.6365000000000007 21.107000000000003 5.4045000000000014 401750.00000000006 11.000000000000002 2.6365000000000003 316950.00000000006 6.5000000000000009 -341.98500000000053 6.9175000000000013 6.7805000000000009 14.756500000000001 3.4465000000000008 32.115000000000009 238.50000000000003 7.0135000000000014 7.1125000000000016 219718.29166666666 150750.00000000003 271450.00000000006 305874.32500000007 20.429000000000006 2.5000000000000004 22.204500000000003 183350.00000000003 211364.70000000004 75.000000000000014 20.611500000000003 0.9857082264865995 7.4730000000000016 213556.56500000003 3.5000000000000004 0.97875334243518075
decision_type=2 2 2 2 2 2 2 2 2 2 2 2 2 2 2 2 2 2 2 2 2 2 2 2 2 2 2 2 2 2 2 2 2 2 2 2 2 2 2 2 2 2 2 2 2 2 2 2 2 2 2 2 2 2 2 2 2 2 2 2 2 2
left_child=1 17 58 15 5 6 -5 -8 12 10 -10 -11 14 -7 -6 32 54 38 25 20 27 -22 23 -21 -24 29 -14 -20 -27 31 -31 -19 35 34 -34 37 -37 -3 39 40 42 -42 -1 44 57 -46 47 -45 -48 50 -41 -30 -35 -18 -17 -4 -15 -40 61 -55 -51 -2
right_child=2 3 55 4 8 13 7 -9 9 11 -12 -13 26 56 -16 16 53 18 19 22 21 -23 24 -25 -26 28 -28 -29 51 30 -32 -33 33 52 -36 36 -38 -39 43 49 41 -43 -44 46 45 -47 48 -49 -50 60 -52 -53 -54 59 -56 -57 -58 -59 -60 -61 -62 -63
leaf_value=0.0051117553362372498 0.038319610564140183 -0.0010614503645772877 0.043510395063235036 0.07240335540147895 0.0052193318945080074 -0.07343576363894147 0.013226886074564154 0.052343664558556102 -0.075917805927195395 -0.0026949888107027369 -0.0052988262270014892 0.0080444766422074748 0.030791608455100018 0.0040656028273694201 -0.0097122386221333446 -0.080792564502514749 -0.015914377393021203 0.012932792040116277 -0.055633859784645745 -0.0061152531256485586 0.0024860506618387328 -0.026404852642282275 0.00068638777945153424 0.047790698790016573 0.024281038381390219 0.066108857565682341 -0.022101820885841134 0.019846267664988811 0.039347783842675926 0.0017006543404068368 0.016502312347850396 0.031865907443430062 -0.03655876168153091 -0.031553554761241887 0.00055042726706118917 -0.013332073100599393 0.010200349154358697 0.0037215974386164414 -0.080619471628928352 0.025799180128996086 0.024904750741846365 0.0086153104747846414 -0.02345657838311602 -0.0027277012478780262 0.023654563253569533 -0.011547984747883287 -0.013658672323135047 0.020813156346347526 0.0039393544223181734 0.032585191069081344 -3.4804349218181202e-05 0.0066639145972649657 0.031872478060740034 0.064334272071490908 -0.029736015811193874 0.050605529768668847 -0.046600491575530339 -0.027741042532756569 0.0032954656117001914 0.016960760742651924 0.071288428934296877 0.035503951311002341
leaf_weight=10254.802694484591 2042.3539832532406 5549.448675006628 2224.5875464975834 27.502328425645828 17933.850614532828 15.506367132067679 1190.9892505258322 64.136073738336563 23.524661377072334 1428.9062334299088 1420.286854788661 2059.5293175429106 194.51645193994045 153.94989249110222 330.19838206470013 37.083365142345428 26.428299263119698 2924.8098631501198 62.53042083978653 300.37565210461617 754.77328398823738 132.31329245865345 193.23146058619022 29.34835946559906 440.77116759121418 38.415075242519379 27.53885954618454 14.16308608651161 90.010137975215912 1202.8806529939175 696.72820377349854 215.74417978525162 72.095427468419075 135.30147837102413 1305.732115060091 189.37525737285614 1720.5993302762508 10551.137220069766 23.184118524193764 296.5878876298666 233.5134884417057 4356.8832015693188 67.608792513608932 535.54395216703415 63.273906096816063 232.71456982195377 298.19145157933235 483.01495818793774 417.36131526529789 35.87156654894352 166.42110379040241 103.80801093578339 13.450911462306975 16.889867752790451 25.850260064005852 1145.522600159049 14.245206758379934 12.29257260262966 20.301870375871658 23.00106343626976 23.813798755407333 3230.8651596605778
leaf_count=32520 5958 19023 6977 69 57490 65 3776 168 105 4896 5186 6883 561 519 1117 158 92 8520 235 958 2330 451 587 74 1230 88 99 41 237 3675 1971 584 279 515 4553 676 5732 35386 99 868 669 13253 238 1763 186 771 1019 1427 1336 98 528 304 40 47 96 3780 53 45 66 76 55 9474
internal_value=0.00879036 0.00486782 0.0401448 0.0035699 0.00478634 0.0135882 0.0164517 0.0152257 0.00423521 0.000690386 -0.00644945 0.00364546 0.005181 -0.00640526 0.00494938 0.00203069 -0.020956 0.00720877 0.00980609 0.00289788 -0.00499599 -0.00182317 0.0107922 -0.00131715 0.0170899 0.0123316 0.0242319 -0.0416949 0.0291648 0.011556 0.00712953 0.0142334 0.00218277 -0.00377153 -0.00139133 0.00268745 0.00786709 0.00207301 0.00614024 0.00678294 0.00631576 0.00944395 0.00492464 0.00133751 -0.0102598 -0.00402268 0.00355427 0.0084357 -0.00339425 0.0201121 0.0165136 0.0218425 -0.0258183 0.0159248 -0.0598209 0.0459221 -0.000225539 -0.0622972 0.0364668 0.0370188 0.0480274 0.0365945
internal_weight=77915.7 69252.1 8663.63 44551.1 24884.7 1466.33 1282.63 1255.13 23418.4 4932.25 1443.81 3488.44 18486.1 183.701 18264 19666.4 129.253 24701 7199.9 1927.51 963.78 887.087 963.727 329.724 634.003 5272.4 222.055 76.6935 232.233 5040.16 1899.61 3140.55 19537.1 1526.58 1377.83 18010.6 1909.97 16100.6 17501.1 15435.5 14912.8 4590.4 10322.4 2065.58 331.465 295.988 1734.11 1018.56 715.553 522.694 463.009 193.818 148.752 66.3192 62.9336 3370.11 168.195 35.4767 5293.52 39.8909 59.6854 5273.22
internal_count=250075 223820 26255 147660 80987 4650 4013 3944 76337 17070 5291 11779 59267 637 58607 66673 469 76160 21285 5906 3057 2781 2849 1032 1817 15379 660 276 629 14750 5646 9104 66204 5387 4832 60817 6408 54409 54875 48229 46680 13922 32758 6646 1101 957 5545 3190 2355 1549 1396 541 555 215 254 10757 572 144 15498 123 153 15432
is_linear=0
shrinkage=0.05


Tree=31
num_leaves=63
num_cat=0
split_feature=22 0 19 17 14 17 25 7 15 15 6 10 10 15 15 15 27 6 14 3 9 18 10 17 4 15 17 15 18 10 15 14 15 17 9 17 15 11 18 10 17 4 0 9 18 5 13 4 18 15 14 15 18 17 15 19 10 14 15 14 10 17
split_gain=3581.47 76.5359 73.6724 31.349 53.6517 45.5203 50.8582 61.7102 38.0693 38.7498 35.738 30.6084 36.9883 47.1575 32.1025 44.6149 29.2899 29.0417 28.9615 28.5623 52.2862 65.5437 44.6407 66.8034 40.5042 39.5286 39.1173 37.172 33.4139 30.4991 27.1087 43.2074 26.5593 26.5121 29.4643 32.3275 32.0719 42.394 28.222 26.3024 42.3097 25.5599 24.4212 23.9301 22.7861 22.3956 20.6274 37.3173 54.9258 35.2156 18.5959 17.7701 17.4036 27.4712 19.9855 15.299 14.3522 12.5991 8.45818 5.14671 3.83272 6.96918
threshold=1.0000000180025095e-35 3.5000000000000004 45.000000000000007 3.5645000000000002 214.01436107884709 3.3810000000000007 61.000000000000007 238.50000000000003 7.4025000000000007 6.6005000000000011 1.5000000000000002 0.96140661720286025 0.92377850063357558 3.3485000000000005 6.8520000000000012 6.7975000000000003 84730.240000000005 7.5000000000000009 633.89994549344135 1.0000000180025095e-35 326350.00000000006 11.000000000000002 0.96691585188524931 3.1675000000000004 1.5000000000000002 2.6795000000000004 31.512500000000006 7.1125000000000016 11.000000000000002 0.98688746733642363 7.4535000000000009 385.74626390177946 2.5485000000000002 30.827500000000004 71150.000000000015 9.2350000000000012 4.2055000000000016 -493.59999999999121 13.500000000000002 0.9758882650911711 10.321500000000002 1.5000000000000002 4.5000000000000009 68150.000000000015 9.5000000000000018 2.5000000000000004 112076.05583333336 1.0000000180025095e-35 2.5000000000000004 3.3875000000000006 117.89966312799606 6.581500000000001 5.5000000000000009 3.2375000000000003 5.3645000000000005 75.000000000000014 0.97959083354911103 203.77927797689927 7.4730000000000016 126.23725076368187 0.97875334243518075 6.2750000000000012
decision_type=2 2 2 2 2 2 2 2 2 2 2 2 2 2 2 2 2 2 2 2 2 2 2 2 2 2 2 2 2 2 2 2 2 2 2 2 2 2 2 2 2 2 2 2 2 2 2 2 2 2 2 2 2 2 2 2 2 2 2 2 2 2
left_child=1 3 58 4 46 8 -7 -8 9 -6 11 12 13 -5 15 -13 39 19 45 26 22 24 23 -21 -22 -23 30 57 -29 -24 41 -32 -20 34 35 59 37 -36 56 43 -41 -3 -37 -12 -16 -18 47 49 -49 -1 -38 -14 54 -54 -48 -4 -35 -28 60 -19 61 -2
right_child=2 17 55 10 5 6 7 -9 -10 -11 16 14 51 -15 44 -17 18 33 32 20 21 25 29 -25 -26 -27 27 28 -30 -31 31 -33 -34 38 36 42 50 -39 -40 40 -42 -43 -44 -45 -46 -47 52 48 -50 -51 -52 -53 53 -55 -56 -57 -58 -59 -60 -61 -62 -63
leaf_value=-0.038182560374406926 0.033009138012000609 0.0020113163123000517 0.0425246153180628 -0.014940511875468293 0.0055759209789304591 0.04046506763789471 -0.077289269286334325 -0.01074695269048578 -0.04678264557139053 0.021538443297812307 0.0042090129595821323 0.0062796548291242918 -0.0046866343059050542 0.032194146393748603 -0.00030290095576518102 0.025138021692086801 0.0057882966563328917 -0.042461994314176521 -0.03179330484328332 0.015523834418339797 -0.02084884186897909 -0.05082994789750718 0.0061570383728113175 -0.014006833007326528 0.0061500332807799098 0.006996624723259604 0.021052085181374733 -0.037106903919763956 0.031545445921102241 -0.00013831989452601096 -0.065602400489439619 0.043843616773505907 0.013047791482004448 0.024542365160411524 0.0015708145249886344 -0.029630863707626506 0.016953802892240317 0.019003160304698483 -0.0069415995933156567 -0.01880681490609059 0.020041086861886478 0.0093194014415547873 0.046797450616537381 0.035610736248217069 0.011279984682549734 0.013871516102016224 -0.0044118410837819802 -0.026914010110223281 0.024891042400977319 -0.0094714712733316199 0.0015171916744607884 0.0089762204023153182 -0.0041521400976319281 -0.054876877894199372 0.013137254999430229 0.049762732226497047 0.073512511645914214 0.049237899984149847 0.0031364376030427843 -0.07974091939321791 0.034419843135097376 0.039287924073267366
leaf_weight=158.4404481202364 659.61093308031559 7010.6584212779999 2173.7054030448198 76.528078615665436 4097.9083380699158 34.705889046192169 44.271485298871994 163.58006328344345 33.073564231395721 419.07647152245045 78.768741756677628 20375.994196757674 1647.9086751490831 173.08150218427181 2955.5332925915718 318.52825109660625 8223.2713228166103 22.487740129232407 33.431818351149559 241.5914032459259 840.62360572814941 31.080770656466484 3408.6895836889744 923.84786553680897 166.41525033116341 601.0745454877615 69.682500451803207 39.35123984515667 32.248455986380577 4416.8617715984583 32.83007487654686 12.432794988155363 2694.4718051701784 26.395525231957436 581.8444576561451 22.595043674111366 212.22571659088135 870.63183487951756 29.999540850520134 98.717133373022079 241.67443585395813 1442.6449244916439 19.448396503925323 264.05757401883602 495.82866975665092 956.587785795331 294.89091846346855 80.619176104664803 140.0431245714426 327.68720597028732 2417.4915013760328 278.15262745320797 595.63051803410053 27.944043502211571 360.64770589768887 1099.2343438118696 34.542645692825317 91.984792813658714 20.265624642372131 15.738207474350927 3167.6253700107336 1339.2800634801388
leaf_count=603 1991 24208 7005 262 13259 96 184 557 131 1276 240 64264 5382 496 9659 929 24999 86 118 809 3233 131 11503 3321 580 2059 210 148 97 15340 145 37 7932 74 1899 78 631 2559 96 332 688 4783 51 702 1561 2828 988 295 434 1142 7875 877 2002 109 1126 3752 75 253 66 68 9474 3967
internal_value=0.00836926 0.00462043 0.0390817 0.00581496 0.00267702 0.00554046 -0.0155647 -0.0249202 0.00666554 0.00705689 0.00636158 0.00531357 -0.000366574 0.0177431 0.00582539 0.00656992 0.00855245 0.00230925 0.0079748 0.00148743 -0.000253069 -0.00846569 0.00124422 -0.00788523 -0.0163872 0.0041535 0.00360632 0.0238062 -0.00618593 0.00260384 0.00305188 -0.0355398 0.0124982 0.00605027 0.00546679 -0.0245327 0.00605668 0.01202 0.0327574 0.0186202 0.00877479 0.00325852 0.00572324 0.0283958 0.00136112 0.00663061 -0.00423335 -0.0110886 0.00596402 -0.0188291 0.00276297 -0.00271351 -0.000445398 -0.00642525 0.00524288 0.0449556 0.052301 0.0370891 0.0353752 -0.0578103 0.0355017 0.037216
internal_weight=77766.2 69306.5 8459.72 45691.1 6778.52 4792.62 242.557 207.852 4550.06 4516.98 38912.5 26321.6 2175.67 249.61 24145.9 20694.5 12591 23615.4 11907.8 19362 10630.2 1639.19 8990.99 1165.44 1007.04 632.155 8731.83 233.267 71.5997 7825.55 8498.57 45.2629 2727.9 4253.4 4162.46 80.2694 4082.19 1452.48 90.9377 683.218 340.392 8453.3 42.0434 342.826 3451.36 9179.86 1985.9 706.79 220.662 486.128 2629.72 1926.06 1279.11 623.575 655.539 3272.94 60.9382 161.667 5186.78 38.2259 5166.52 1998.89
internal_count=250075 223820 26255 143471 22202 15503 837 741 14666 14535 121269 83430 7017 758 76413 65193 37839 80349 35877 66857 36976 6003 30973 4130 3813 2190 29881 708 245 26843 29173 182 8050 13492 13247 283 12964 4458 245 1962 1020 28991 129 942 11220 27827 6699 2474 729 1745 8506 6259 4225 2111 2114 10757 149 463 15498 154 15432 5958
is_linear=0
shrinkage=0.05


Tree=32
num_leaves=63
num_cat=0
split_feature=22 19 0 16 17 16 18 3 16 17 15 14 29 17 15 15 8 15 17 15 17 18 13 14 7 10 17 17 8 0 15 25 16 15 16 16 15 15 13 3 8 17 15 16 15 13 29 8 5 16 27 19 10 24 8 10 5 29 29 15 10 17
split_gain=3344.8 73.5795 71.5307 29.7907 67.7994 44.7201 47.1321 50.1688 44.8873 39.8047 43.9296 31.0545 45.2978 67.943 36.1964 50.2326 33.2684 29.718 59.8418 46.1956 29.5445 27.1633 40.3438 26.6506 35.4671 21.8854 21.2403 54.7355 48.5614 32.2815 32.3874 57.7888 59.8256 42.4296 41.1612 26.8989 25.9267 29.1048 60.007 28.7096 40.2345 24.9077 21.278 18.6937 18.4732 33.9176 26.7884 25.4306 21.2186 27.0408 22.9558 15.4997 14.5634 14.5447 14.498 13.2608 11.5821 11.278 11.2375 7.9727 3.70272 6.72007
threshold=1.0000000180025095e-35 45.000000000000007 2.5000000000000004 5.8520000000000012 3.5645000000000002 5.7430000000000012 7.0000000000000009 1.0000000180025095e-35 3.4235000000000002 36.185000000000009 7.4535000000000009 852.7547299558347 184945.41500000004 5.5215000000000005 4.9275000000000011 5.1815000000000007 322337.44000000006 2.6795000000000004 10.321500000000002 2.9925000000000002 21.576500000000003 3.5000000000000004 242560.00000000003 126.23725076368187 352.50000000000006 0.98200461065832123 19.138500000000004 19.294500000000003 134454.95000000004 1.0000000180025095e-35 2.9785000000000008 8.5000000000000018 2.7055000000000002 3.1545000000000001 6.025500000000001 24.260000000000002 4.7695000000000007 4.8095000000000008 264722.39500000008 1.0000000180025095e-35 88024.575000000012 10.981000000000002 4.831500000000001 14.428500000000001 4.1655000000000006 142972.47666666671 246998.24500000002 122381.54500000001 1.0000000180025095e-35 36.342500000000008 460709.30500000005 75.000000000000014 0.96691585188524931 1.0000000180025095e-35 159550.92500000002 0.99522814435369811 1.5000000000000002 285182.37500000006 262707.39000000007 7.4730000000000016 0.97875334243518075 6.2750000000000012
decision_type=2 2 2 2 2 2 2 2 2 2 2 2 2 2 2 2 2 2 2 2 2 2 2 2 2 2 2 2 2 2 2 2 2 2 2 2 2 2 2 2 2 2 2 2 2 2 2 2 2 2 2 2 2 2 2 2 2 2 2 2 2 2
left_child=2 59 26 4 5 6 8 -8 -4 10 17 12 13 -6 16 -16 -13 18 -5 -19 -14 22 -11 55 -25 52 29 28 -28 30 31 57 -33 34 -32 -35 39 38 -38 40 -31 -41 -39 -30 45 47 -47 -29 49 -46 -50 -3 -12 -27 -7 -23 -45 -1 -56 60 61 -2
right_child=1 51 3 9 11 54 7 -9 -10 21 25 14 20 -15 15 -17 -18 19 -20 -21 -22 23 -24 24 -26 53 27 44 43 36 33 32 -34 35 -36 -37 37 42 -40 41 -42 -43 -44 56 48 46 -48 -49 50 -51 -52 -53 -54 -55 58 -57 -58 -59 -60 -61 -62 -63
leaf_value=-0.087240405338182003 0.031971574848496588 0.04153397670937263 -0.0025253850175996594 -0.00044024966047820509 0.016512293137866119 -0.079713873868215546 0.0012527613590143831 0.067280645488627847 -0.018380635905025141 0.098800940883771324 -0.025519728844826131 0.012295018152048162 -0.0002486337923106631 0.002478813749200089 0.047668525635081255 0.011948666325591151 -0.0055273891286680265 0.013999289725599849 -0.047266403823730818 0.0039246155849468585 -0.012271916348125703 0.0589910543006405 0.0076729929914611727 0.020970772381766974 -0.036098147622118458 -0.023398726941075452 -0.025645911388889542 0.012190375272091936 0.01729667626963954 0.02011493139275812 -0.0083702410263585963 0.047430986162284278 -0.0070523213327101184 0.0096506389928013685 0.067794460359983058 0.02663949781856035 -0.048923507390177652 0.03623619415669084 0.024128272628038534 0.011692725787478165 0.0021584961289780155 0.0040996163475639598 0.002924258618529115 0.087555578289328723 0.0043839550659233754 0.053167122631895006 0.0088971310957212824 -0.060993487474289509 0.01265563828023447 0.037996432901114201 -0.0098402512013425602 0.048934777939869958 0.03360933724114059 -0.07467086059433338 -0.014928330326487389 0.010746112851172079 0.049406211999879601 -0.030188877350918311 -0.063709996832805621 0.0029848323238985783 0.033362252442118129 0.038199406315762068
leaf_weight=20.829797804355621 647.28437381982803 2115.7584816962481 2137.336364492774 439.60303072631359 1026.657809689641 20.240404278039932 77.427444353699684 45.777531951665878 564.2358795851469 26.925616309046745 16.708180949091911 522.71533595025539 3955.1752173751593 5393.7707733213902 119.03135712444782 568.55460679531097 524.65607379376888 1188.1349135637283 80.763837546110153 26875.252118915319 586.73750174045563 41.339350804686546 22.125898033380508 83.933288753032684 40.295231267809868 136.97044090926647 21.929198235273361 40.673455461859703 23.708502873778343 339.97372329235077 24.445538476109505 62.603270664811134 258.15702812373638 1930.4786337763071 64.654671788215637 264.97497291862965 75.332097306847572 48.255307376384735 44.846254840493202 3396.2017885148525 3785.928575783968 1583.6400137245655 7266.187717705965 38.559613689780235 2846.9115186035633 89.392651915550232 55.317878037691116 16.762492015957832 2204.7346440851688 61.119969636201859 119.5528863966465 1062.867877587676 27.641797140240669 15.385665729641913 37.697475284337997 21.730146259069443 41.10289703309536 14.829492852091787 17.18887186050415 20.231116116046906 3106.2211847752333 1309.3413405120373
leaf_count=83 1991 7005 7493 1476 3265 87 265 125 2081 55 64 1675 13391 17742 335 1843 1798 3764 311 88336 2030 102 69 248 152 519 76 119 69 1006 76 160 824 5737 152 722 279 134 129 10436 11959 4873 22890 81 8687 224 162 64 6518 164 382 3752 84 71 137 68 103 51 74 66 9474 3967
internal_value=0.00796829 0.0380416 0.0043859 0.00319012 0.00142783 -0.00547017 -0.00445758 0.0257858 -0.00583683 0.00413739 0.00396957 0.00300325 0.00201954 0.00472284 0.00921886 0.0181323 0.0033673 0.00413162 -0.00770793 0.00435115 -0.00180184 0.0245728 0.0576954 0.0158983 0.00245968 -0.0195782 0.00654217 0.00926331 0.0419355 0.00575344 0.0108867 -0.00313158 0.00358127 0.0130738 0.0468979 0.0117011 0.00493381 0.00274303 -0.0216632 0.00672253 0.0036381 0.00927804 0.00314403 0.0562723 0.00851 0.0233412 0.0362442 -0.00916809 0.00793701 0.00509041 0.0114985 0.0440087 0.0113334 -0.0285764 -0.0435438 0.0423686 0.0678719 -0.0635146 -0.0302054 0.0343103 0.0344354 0.0361391
internal_weight=77616.8 8261.7 69355.1 44614 15597.2 2899.9 2824.78 123.205 2701.57 29016.8 28780.5 12697.3 10962.3 6420.43 1734.96 687.586 1047.37 28583.8 520.367 28063.4 4541.91 236.35 49.0515 187.298 124.229 196.706 24741.1 5559.77 125.3 19181.3 2640.97 356.42 320.76 2284.55 89.1002 2195.45 16540.4 7434.62 120.178 9105.74 4125.9 4979.84 7314.44 103.371 5434.47 202.146 144.711 57.4359 5232.32 2908.03 2324.29 3178.63 44.35 152.356 75.1268 63.0695 79.6625 35.6593 54.8863 5083.08 5062.85 1956.63
internal_count=250075 26255 223820 147660 52341 10262 9964 390 9574 95319 94625 42079 36428 21007 5651 2178 3473 93887 1787 92100 15421 694 124 570 400 738 76160 16649 329 59511 7805 1118 984 6687 228 6459 51706 23432 408 28274 12965 15309 23024 253 16320 569 386 183 15751 8851 6900 10757 148 590 298 170 184 134 211 15498 15432 5958
is_linear=0
shrinkage=0.05


Tree=33
num_leaves=63
num_cat=0
split_feature=22 19 0 17 5 8 1 13 9 9 9 15 28 13 15 17 12 9 15 8 13 15 15 5 1 17 9 15 6 13 9 28 28 15 15 17 13 6 15 17 8 15 28 25 13 18 17 15 15 28 9 1 20 25 15 18 15 1 18 33 1 17
split_gain=3122.28 73.3575 65.0831 28.1969 49.5087 79.3659 43.9641 28.6989 28.0454 27.7385 27.7761 43.1847 47.6823 55.1379 30.9213 28.0689 43.6649 34.1163 33.9829 26.8142 45.8603 41.6118 44.8076 39.23 74.8414 66.134 40.407 102.174 35.8922 33.4066 28.8481 24.9712 32.7509 26.4671 23.4159 26.6303 29.9362 35.3256 23.1199 35.5441 20.3464 19.6891 51.7125 61.0079 38.7249 64.7841 51.6213 37.9375 18.3408 26.2185 18.1978 17.6612 15.8372 13.9082 12.7071 10.7376 7.51177 3.81148 3.56146 6.49713 3.20774 5.22132
threshold=1.0000000180025095e-35 45.000000000000007 3.5000000000000004 8.4795000000000016 2.5000000000000004 95255.285000000018 4.5000000000000009 277176.37666666677 264050.00000000006 59850.000000000007 187150.00000000003 3.9105000000000003 177393.75000000003 181141.0841666667 4.0055000000000005 14.684000000000003 -0.0024801144646519496 192650.00000000003 7.2810000000000015 272079.50500000006 280720.76166666672 6.9985000000000008 7.1520000000000001 2.5000000000000004 1.5000000000000002 13.915000000000001 99450.000000000015 7.3725000000000014 9.5000000000000018 106769.32666666668 113050.00000000001 182045.41000000003 179302.34000000005 3.0735000000000006 6.7615000000000007 5.4130000000000011 52021.587500000009 2.5000000000000004 4.9665000000000008 12.813500000000003 58789.970000000008 2.8555000000000006 237560.23500000002 5.5000000000000009 219718.29166666666 7.0000000000000009 7.097500000000001 2.8155000000000006 2.5245000000000002 226906.77000000005 198650.00000000003 3.5000000000000004 75.000000000000014 4.5000000000000009 4.7695000000000007 8.5000000000000018 7.4730000000000016 2.5000000000000004 22.500000000000004 1.0000000180025095e-35 1.0000000180025095e-35 20.266500000000004
decision_type=2 2 2 2 2 2 2 2 2 2 2 2 2 2 2 2 2 2 2 2 2 2 2 2 2 2 2 2 2 2 2 2 2 2 2 2 2 2 2 2 2 2 2 2 2 2 2 2 2 2 2 2 2 2 2 2 2 2 2 2 2 2
left_child=2 56 3 4 41 40 8 -8 -7 34 11 31 14 -14 -13 48 17 -17 -18 23 38 28 -23 26 30 -26 27 -5 -22 -28 -25 32 -11 -33 35 54 51 -38 53 -40 57 42 47 -44 45 -43 -46 -1 49 -12 -50 -37 -3 -21 -4 -42 58 -6 60 -60 61 -2
right_child=1 52 9 19 5 6 7 -9 -10 10 15 12 13 -15 -16 16 18 -19 -20 20 21 22 -24 24 25 -27 29 -29 -30 -31 -32 33 -34 -35 -36 36 37 -39 39 -41 55 44 43 -45 46 -47 -48 -49 50 -51 -52 -53 -54 -55 -56 -57 -58 -59 59 -61 -62 -63
leaf_value=-0.00044367165131989984 0.02895207809879808 0.040534580108757677 -0.019882738935819762 0.013329575672018857 0.0096203610814308022 0.00017244954225360929 0.0079844300028281134 0.050954629457514736 -0.015039786618529092 0.009007789189973513 0.083299838720772845 -0.021813020916053638 0.033985720296010637 0.002503862369923799 0.0014276525727115192 0.061384365528468411 0.0032747236404400328 0.012981634508724086 -0.017020249461327044 0.067211340395442673 0.0077190070207481913 -0.02608219519395287 0.00338451004334457 0.022724610830919131 0.034299012887661372 0.010917501953575224 -0.0070754497201853785 -0.051399982684260048 0.019459353709654542 0.0042449755731308386 -0.0060983006470054207 0.066177677340137089 -0.029768659399896785 0.012497303046049069 -0.072223851574908002 0.043174215529049723 -0.044700164218465205 0.033794890265805004 -0.040480630285221413 0.019704296822594392 -0.065139230823163308 0.0089434619609274173 -0.019300487544206851 0.025438832991510216 0.002777402318824776 -0.0005307661651680445 -0.01055058758086924 0.02534015259517506 -0.0082210873445430627 0.0056346183532118592 -0.00031814434504566285 -0.014033598064284447 0.048119282962037761 0.030478122200524167 -0.073698741957624089 -0.021387596673976314 0.0028403248877295847 -0.025118196210946533 0.0022538044365944397 0.036510472187086487 0.034143047610905912 0.038519036617499558
leaf_weight=1047.3859122395515 722.63771983981133 2051.5119219869375 23.470826342701912 1940.3521084934473 14.3055417239666 1080.556567132473 115.34276829659939 58.597599774599075 421.03785008192062 2902.4467749893665 15.483921796083449 146.11871069669724 243.53689824044704 324.26782649755478 6973.6682214289904 38.555863931775093 2569.798972517252 652.61141555011272 224.26488967239857 29.603556126356125 5235.3335707336664 169.04243895411491 544.78855122625828 102.35792021453381 451.48296086490154 916.03132662177086 680.69985210895538 62.942087024450302 743.44004026055336 15295.994157865644 571.60638916492462 38.662132099270821 55.494746521115303 56.546783655881882 17.342514127492905 42.616237476468086 50.6236612200737 19.994303017854691 27.280502542853355 243.48990535736084 69.011085212230682 6103.3262297511101 86.70445516705513 628.87092006206512 5321.1599956154823 2561.6675948351622 841.38127052783966 165.16037513315678 797.84105053544044 36.44064112007618 8371.5863642543554 19.740424320101738 1035.7005486041307 198.92418499290943 20.592680305242538 17.600126266479492 20.198265433311462 17.623476177453995 25.525621026754379 30.236931815743446 4006.1928744316101 177.6844811886549
leaf_count=3406 2280 6977 91 5794 46 3526 365 153 1448 9441 39 525 716 1080 23406 100 8508 2113 847 71 16004 587 1727 299 1258 2767 2211 240 2035 47644 1857 102 205 184 75 126 213 60 100 714 282 19152 302 1874 17210 8381 2844 486 2816 125 29412 70 3780 560 95 63 66 65 88 93 12429 542
internal_value=0.00758588 0.0370229 0.00416324 0.00526375 0.00376048 -0.00413361 -0.00133642 0.0224604 -0.00409297 0.00203301 0.00218895 0.00406073 0.00206272 0.0160067 0.000950686 0.000606746 0.00442927 0.0156817 0.00164575 0.00628843 0.00890714 0.00781658 -0.00359351 0.00534777 0.0119161 0.0186369 0.00460199 0.0112958 0.00917888 0.00376266 -0.00172084 0.00909155 0.00828029 0.0342957 -0.0167771 -0.0113456 -0.000182646 -0.0224756 0.023525 0.0136406 -0.0436712 0.00460573 0.00935874 0.0200179 0.00398766 0.00614256 0.000957711 0.00306833 -0.000837985 0.0287944 -0.00100579 0.0250638 0.0430791 0.0352366 -0.0450332 -0.0562485 0.0332703 -0.00955386 0.0333942 0.0208293 0.033537 0.0308402
internal_weight=77474.5 8069.69 69404.8 45763.1 18549.7 1794.08 1675.53 173.94 1501.59 23641.7 23447.3 10740.7 7687.59 567.805 7119.79 12706.6 3485.23 691.167 2794.06 27213.4 7191.9 6692.6 713.831 20021.5 2041.48 1367.51 17980 2003.29 5978.77 15976.7 673.964 3053.15 2957.94 95.2089 194.381 177.038 132.975 70.618 499.298 270.77 118.54 16755.7 1928.12 715.575 14827.5 8664.99 6162.54 1212.55 9221.35 51.9246 9169.43 62.3567 3087.21 228.528 44.0635 86.6112 4982.48 31.929 4962.28 55.7626 4906.52 900.322
internal_count=250075 26255 223820 143471 59603 5948 5492 518 4974 80349 79619 35659 25727 1796 23931 43960 11568 2213 9355 83868 21798 20353 2314 62070 6181 4025 55889 6034 18039 49855 2156 9932 9646 286 730 655 469 273 1445 814 456 53655 6068 2176 47587 27533 20054 3892 32392 164 32228 196 10757 631 186 345 15498 111 15432 181 15251 2822
is_linear=0
shrinkage=0.05


Tree=34
num_leaves=63
num_cat=0
split_feature=22 19 0 1 0 17 17 3 7 15 16 11 16 13 8 27 15 12 3 16 7 8 13 6 18 13 27 16 27 16 16 16 1 17 25 27 16 3 8 8 17 17 18 16 16 16 11 25 25 15 16 15 15 27 13 12 8 8 15 15 11 15
split_gain=2912.97 73.008 60.0755 30.5914 29.5993 33.4017 39.7236 27.1977 70.2657 36.184 25.6151 45.822 43.1323 42.9949 33.5379 25.4292 24.4208 23.0922 30.391 30.4509 37.1399 27.2322 35.1495 22.4228 44.7367 39.6762 33.0299 37.0096 35.5505 29.8757 66.292 26.1875 24.5523 36.7914 38.5793 34.4052 25.2548 22.4693 38.8835 40.1972 36.7788 35.6517 29.6862 35.3339 44.3577 33.0541 32.3518 26.1951 24.3865 30.5493 23.9172 22.3778 21.7807 21.4309 19.8426 19.6276 28.5648 38.2592 26.913 22.6446 32.1242 23.1176
threshold=1.0000000180025095e-35 45.000000000000007 2.5000000000000004 3.5000000000000004 4.5000000000000009 3.5645000000000002 3.2375000000000003 1.5000000000000002 358.50000000000006 2.5695000000000001 21.766500000000004 -198.15000000000143 20.849000000000004 137638.4666666667 263710.89000000007 507596.9250000001 4.7255000000000011 -0.0022107534353959495 2.5000000000000004 33.63750000000001 345.50000000000006 78646.62000000001 112076.05583333336 2.5000000000000004 5.5000000000000009 202831.09000000003 172373.24500000002 15.019000000000002 169843.23000000001 18.595500000000005 21.251000000000001 10.847000000000003 4.5000000000000009 25.929500000000001 16.500000000000004 237132.29000000001 25.278000000000002 1.0000000180025095e-35 108589.73000000001 99095.365000000005 33.877500000000005 24.489000000000001 9.5000000000000018 20.257500000000004 19.618000000000006 21.643500000000007 -547.3449999999865 8.5000000000000018 10.500000000000002 6.7805000000000009 16.998000000000001 7.4535000000000009 3.2505000000000002 234465.88000000003 125907.8016666667 -0.004054546841094399 156039.90000000005 143218.71000000002 3.1745000000000005 7.2485000000000008 -352.49000000000518 6.3055000000000012
decision_type=2 2 2 2 2 2 2 2 2 2 2 2 2 2 2 2 2 2 2 2 2 2 2 2 2 2 2 2 2 2 2 2 2 2 2 2 2 2 2 2 2 2 2 2 2 2 2 2 2 2 2 2 2 2 2 2 2 2 2 2 2 2
left_child=2 -2 23 4 5 6 15 9 -9 -7 12 14 16 -14 -12 -4 -6 55 19 51 -21 -20 -23 37 32 26 28 -28 -26 31 -31 -27 36 35 -35 -34 54 42 39 40 -39 -41 43 44 -1 -45 53 -48 49 -40 -50 -19 -8 -44 -25 56 57 -5 -58 61 -61 -57
right_child=1 -3 3 17 10 7 52 8 -10 -11 11 -13 13 -15 -16 -17 -18 18 21 20 -22 22 -24 24 25 29 27 -29 -30 30 -32 -33 33 34 -36 -37 -38 38 48 41 -42 -43 46 45 -46 -47 47 -49 50 -51 -52 -53 -54 -55 -56 59 58 -59 -60 60 -62 -63
leaf_value=0.002991318007117244 0.032253944654490101 0.042164995720489817 0.0010185868477850892 0.012668403915741392 0.0023388945739680235 -0.018220071135124295 -0.079165569238684466 0.005917381381376618 -0.0042682510224002412 0.0051709952624100445 0.041121353691517343 -0.066787915915691637 0.072828855857500541 0.010825821787724654 -0.026274206447614856 -0.020094793298155989 -0.0033017531157004953 0.0068090012132669313 -0.041087654927134162 0.021813339283233577 -0.01189884588510929 0.06532337096186909 0.015388012028967505 0.0037375063863495602 -0.0036943089540033159 0.021086154445553257 0.0093563298766613529 -0.043773138258280747 0.050847748187897973 0.045463084904898719 0.0050884411887890078 -0.0054762211680488898 0.038938708774455329 -0.082271652531958353 0.016377168919439196 0.0045467448861095574 -0.013594916361477888 0.0050938284648413962 -0.0018764803809506233 -0.021136618700452459 -0.070001067707668632 0.052558209912402613 -0.046350384523015424 -0.022892219116397702 0.030539948480573453 -0.0016517814096212878 -0.011890340496690556 0.024512522242217224 0.0071469994387471248 0.020134637982573658 0.013636709930489321 -0.033654136895961854 -0.015592955270584971 0.0043602327376084868 0.011843948360891808 -0.00023291125174129863 -0.018521876991901203 0.063446984102950924 0.0082122070464712652 0.04005826876197735 -0.041495370536629057 -0.015808913395686477
leaf_weight=6140.3181511163712 4885.0516208261251 2998.7201990187168 3956.3275578767061 214.9739598184824 3577.4191472232342 167.16316930949688 14.139606684446333 3588.6450185775757 3205.723077505827 15090.572597891092 29.270860731601715 40.442272335290909 37.532529100775719 109.62089103460312 49.97557657957077 147.94514130055904 4138.8495726585388 6339.9114553928375 20.034616574645042 100.04238028824329 445.5194311439991 37.209601193666458 665.93567132949829 939.03186428546906 747.22050565481186 119.91084560751915 47.88554935157299 103.89504212141037 31.120262369513512 148.60862667858601 321.86858835816383 410.25037387013435 235.13135732710361 16.037208005785942 25.943947076797485 105.27909326553345 113.63851530849934 859.70427702367306 1070.0682470649481 299.83011570572853 16.620041564106941 17.361715003848076 31.017334491014481 229.11816462874413 149.68173043429852 913.19425909221172 56.568785190582275 390.96305373311043 5185.4211779385805 184.87055125832558 1954.9537900984287 34.354617983102798 285.89476978778839 63.462934389710426 3849.3411483615637 1497.4026223868132 130.54884262382984 44.830675721168518 337.54510669410229 63.984710559248924 14.883785098791121 283.28250820934772
leaf_count=19417 15498 10757 13458 665 12501 591 61 11414 10890 48545 89 173 97 367 194 548 14791 20210 79 300 1558 94 2081 2815 2352 339 144 375 79 375 969 1273 599 62 72 311 357 2685 3398 1036 67 45 115 795 418 2891 186 1139 16116 540 5829 134 1021 198 11163 4931 459 116 1076 180 57 980
internal_value=0.0072218 0.0360238 0.0039522 0.00285694 0.00214379 0.00294899 -0.00102635 0.00374296 0.00111159 0.00491472 -0.000524674 -0.0234815 -0.00017525 0.0266401 -0.00138065 0.000257521 -0.000686634 0.00525767 0.00663983 0.00562057 -0.00571687 0.0163928 0.0180305 0.00592671 0.00827341 0.00175993 -0.00567436 -0.0270112 -0.00151356 0.00867032 0.0178415 0.000531606 0.0106532 0.0228558 -0.0213076 0.0283023 0.00970135 0.00496266 0.00659356 -0.00185094 0.00366961 -0.0171029 0.00300156 0.00217772 0.00364689 -0.00591206 0.0142984 0.0199111 0.00779407 0.00136607 0.00892381 0.00659092 -0.0185889 -0.0122878 0.0102542 0.00117493 0.00813538 0.0214305 0.000756217 -0.00154964 0.0246678 -0.00271084
internal_weight=77332.1 7883.77 69448.3 44670 34439.5 26456.4 4404.31 22052.1 6794.37 15257.7 7983.11 119.689 7863.42 147.153 79.2464 4104.27 7716.27 10230.5 7643.01 6919.83 545.562 723.18 703.145 24778.3 7215.16 1930.76 930.121 151.781 778.341 1000.64 470.477 530.161 5284.4 382.392 41.9812 340.41 4902.01 17563.2 9588.83 1193.52 876.324 317.192 7974.32 7432.31 6290 1142.31 542.012 447.532 8395.31 1254.94 7140.37 6374.27 300.034 94.4803 4788.37 2587.45 727.899 259.805 468.094 1859.55 78.8685 1780.69
internal_count=250075 26255 223820 147660 114740 86528 15088 71440 22304 49136 28212 456 27756 464 283 14006 27292 32920 24456 22202 1858 2254 2175 76160 21285 5906 2950 519 2431 2956 1344 1612 15379 1044 134 910 14335 54875 29716 3833 2752 1081 25159 23521 19835 3686 1638 1325 25883 3938 21945 20344 1082 313 13978 8464 2316 781 1535 6148 237 5911
is_linear=0
shrinkage=0.05


Tree=35
num_leaves=63
num_cat=0
split_feature=23 19 0 6 6 8 17 16 16 27 16 8 16 4 17 14 16 10 29 17 4 5 17 1 16 10 14 14 11 17 29 17 17 27 17 17 17 25 27 8 4 14 1 10 16 8 16 8 5 4 16 17 8 16 20 10 16 16 17 25 25 17
split_gain=2774.54 71.2558 62.9502 37.1474 30.5438 29.2893 23.4105 53.9692 37.1201 23.9721 27.6034 45.9558 22.8223 34.1776 50.5085 35.728 32.0202 70.2519 31.3152 30.6999 28.3579 31.229 30.8017 22.6249 34.3183 35.0739 27.5791 33.4295 25.859 25.6675 24.6464 35.0497 29.4161 23.3904 22.5532 30.2359 27.5958 22.2008 24.1628 22.906 22.0546 22.0078 25.1709 24.3654 21.7465 21.1347 35.5182 20.8242 19.9439 19.861 19.6411 18.4839 18.0356 20.5983 18.0033 17.9352 16.2617 31.6123 26.1479 13.6816 33.4936 15.6152
threshold=1.0000000180025095e-35 45.000000000000007 3.5000000000000004 5.5000000000000009 1.5000000000000002 246406.78500000003 4.7220000000000004 18.226500000000005 20.149500000000003 84730.240000000005 6.6375000000000002 66687.60500000001 20.364500000000003 1.5000000000000002 2.7030000000000007 764.57210500301915 35.002500000000005 0.99057030743416929 103243.38000000002 7.1915000000000004 1.5000000000000002 1.5000000000000002 35.487500000000011 3.5000000000000004 20.611500000000003 0.99018879460651421 1289209.7281006586 911.57715078858689 -143.47999999998862 36.185000000000009 180320.98000000001 23.089000000000006 27.858000000000004 363583.78000000009 12.4 12.073500000000001 14.821000000000002 4.5000000000000009 227796.64500000005 123348.01500000001 1.5000000000000002 1260.9855049978055 1.5000000000000002 0.96489097515236766 31.340000000000003 257728.29000000004 8.1410000000000018 198764.68000000002 1.5000000000000002 1.0000000180025095e-35 17.920000000000005 35.487500000000011 268655.94000000006 29.644500000000004 75.000000000000014 0.99790833515836386 29.948000000000004 22.724000000000004 12.4 5.5000000000000009 19.500000000000004 20.155000000000005
decision_type=2 2 2 2 2 2 2 2 2 2 2 2 2 2 2 2 2 2 2 2 2 2 2 2 2 2 2 2 2 2 2 2 2 2 2 2 2 2 2 2 2 2 2 2 2 2 2 2 2 2 2 2 2 2 2 2 2 2 2 2 2 2
left_child=2 -2 4 12 23 51 7 37 40 10 11 -8 13 41 18 -16 20 19 -15 -18 22 -22 -14 24 30 29 27 28 -25 -26 31 -1 -32 -29 35 -11 -36 38 -6 -39 -9 43 -43 -4 -10 46 48 -27 -7 -48 -12 56 -28 -54 -3 -19 57 -5 -58 61 -61 -47
right_child=1 54 3 5 6 45 9 8 44 34 50 -13 16 14 15 -17 17 55 -20 -21 21 -23 -24 26 25 47 52 33 -30 -31 32 -33 -34 -35 36 -37 -38 39 -40 -41 -42 42 -44 -45 -46 59 49 -49 -50 -51 -52 -53 53 -55 -56 -57 58 -59 -60 60 -62 -63
leaf_value=0.0038634848576076875 0.031503294185711961 0.038633942976601311 -0.0082088823721359339 0.0066948631797107798 0.023439564670192651 0.013494619551200805 -0.031554375284152447 0.027641231217646608 0.011231470420213704 0.0086907138831301758 0.03281149605545574 0.01808515775119196 0.0069946918270189264 0.0093752830827080538 0.010584869480191543 -0.007278402109840796 -0.038884908271035024 -0.060894027802404452 -0.027811172320030525 0.029594822649609651 0.0011896575457610373 -0.031764170466365302 0.041630767406811223 0.0082837364020949891 0.00060401387886297689 -0.0053154763227895386 0.0020489025983382956 -0.011998661564394192 0.0013821467359902227 0.052942547439857157 0.0021654342711910717 0.012043504493703706 -0.0097157717684708753 0.0061482252955935637 -0.00067804684847765551 0.027710062681879227 0.0070040741470296791 -0.011841188792530445 -0.0085393369044571878 0.0005925092707579695 0.075774999347987718 0.013424884356087574 -0.0022909138115577237 -0.0010931014900656883 -0.031816330488135994 0.0073242270266913115 -0.059518427659504894 -0.028358477664920556 -0.041566904706517527 -0.0075703625188451949 0.010975264441099732 0.059918081047372375 0.039931895800242111 -0.012575392295986226 0.046983873371921496 -0.0098790868093882392 0.015974233555049094 0.024380869681638436 -0.037243505200641673 -0.017630914851545592 0.0035007204917637522 0.04377280405844209
leaf_weight=10662.966475978494 4828.5809307098389 1942.3011936843395 1358.0497428625822 3263.736302793026 183.72875288128853 85.998821914196014 68.29746101796627 168.14169749617577 305.92819415032864 4947.8533202260733 262.66456551849842 146.93836508691311 2292.7839409261942 84.038490757346153 1781.1675390303135 332.1072349101305 21.059784114360809 65.821086063981056 173.48734810948372 73.437841907143593 317.13339610397816 92.968760684132576 66.037192463874817 5582.6035546213388 257.4304113984108 182.46423195302486 69.288788765668869 434.26600068807602 1793.1854769140482 25.769989967346191 9156.8571103811264 1492.8706798553467 552.38579261302948 300.4084148555994 1582.4773224890232 218.17868818342686 4474.3008165359497 467.83212918043137 87.058794513344765 1778.8830529749393 27.721465364098549 521.61022157967091 498.05349652469158 10537.265896424651 32.449669077992439 146.09352672100067 51.8393434882164 211.92110019922256 20.334380358457565 28.523133844137192 169.3895837366581 16.90978179872036 135.20563872158527 21.671963676810265 966.90774713456631 23.337158635258675 42.244456887245178 273.86112684011459 50.882934629917145 223.37234917283058 1168.1144897341728 36.783720925450325
leaf_count=34031 15606 6978 4852 10234 536 270 234 472 932 14865 704 424 7605 287 5855 1173 80 286 684 226 1072 349 182 17219 852 613 218 1439 5683 66 29596 4519 1830 931 4900 603 13295 1600 287 5669 63 1746 1767 36866 115 468 209 770 80 95 490 37 365 71 3758 89 129 796 183 796 3855 96
internal_value=0.00682762 0.0352276 0.00366334 0.00156832 0.00474499 0.00520741 0.00660244 0.00269657 0.0171305 0.00760662 0.0169628 0.00233381 0.000489129 -0.000288215 0.00522997 0.0077776 0.00451352 -0.0157043 -0.0156761 0.0143334 0.00585451 -0.00628086 0.00796436 0.00384742 0.00302438 -0.00805776 0.00607297 0.00559273 0.00660584 0.00536659 0.0033678 0.00486808 0.00148948 -0.0045784 0.00706699 0.00949396 0.00499694 -0.000366469 0.0131583 -0.00199655 0.0344538 -0.00130119 0.00574852 -0.00190549 0.00710328 -8.79643e-05 -0.0159942 -0.0176975 0.00296506 -0.0410804 0.0242505 0.00776399 0.0232946 0.0326782 0.0414091 -0.0475409 0.00752109 0.00806402 -0.0131029 0.00179827 0.000108505 0.0146555
internal_weight=77186 7737.79 69448.2 23647.1 45801.1 5408.69 14921.8 3051.74 534.241 11870.1 647.29 215.236 18238.4 15285.8 2370.8 2113.27 2952.58 183.656 257.526 94.4976 2768.92 410.102 2358.82 30879.3 22542.7 677.586 8336.63 8110.46 7375.79 283.2 21865.1 12155.8 9709.24 734.674 11222.8 5166.03 6056.78 2517.5 270.788 2246.72 195.863 12915 1019.66 11895.3 338.378 1761.06 186.696 394.385 106.333 80.3625 432.054 3647.63 226.166 156.878 2909.21 89.1582 3630.72 3537.6 93.1274 1574.36 1391.49 182.877
internal_count=250101 26342 223759 80367 143392 17248 45189 9674 1582 35515 1852 658 63119 53230 7999 7028 9889 681 971 306 9208 1421 7787 98203 72277 2301 25926 25272 22902 918 69976 38550 31426 2370 33663 15468 18195 8092 823 7269 535 45231 3513 41718 1047 5869 654 1383 350 304 1194 11379 654 436 10736 375 11342 11030 312 5215 4651 564
is_linear=0
shrinkage=0.05


Tree=36
num_leaves=63
num_cat=0
split_feature=22 19 6 1 29 13 15 9 17 18 29 15 15 14 17 13 9 16 11 15 13 28 9 9 17 15 12 15 17 9 27 9 16 17 4 17 6 15 16 8 16 28 16 20 15 18 17 15 6 14 16 16 8 17 3 8 29 7 4 27 15 13
split_gain=2585.43 70.7222 53.7589 42.0789 29.5385 30.7934 39.2232 39.1507 35.1353 32.5338 28.82 27.509 24.8865 23.7755 28.7762 35.5579 25.2402 24.7722 23.6337 22.3794 29.841 22.6221 22.068 46.2141 44.2138 41.16 32.7668 31.7988 28.2685 20.3102 20.1283 28.3094 32.0429 24.0245 38.0076 33.968 22.9124 31.2835 31.5558 31.3403 23.8165 30.111 28.2956 18.1266 17.9302 17.8911 14.1325 6.13578 4.28779 6.0194 5.84389 9.60784 6.76963 5.93964 4.64081 8.35333 5.4255 4.08453 3.61881 3.53106 3.8037 3.46057
threshold=1.0000000180025095e-35 45.000000000000007 3.5000000000000004 3.5000000000000004 198288.05000000002 153558.46000000002 4.831500000000001 84450.000000000015 11.511500000000002 1.5000000000000002 84943.550000000017 4.3835000000000006 2.5245000000000002 126.23725076368187 8.6900000000000013 81295.953333333353 59850.000000000007 29.644500000000004 -436.68500000001217 2.5245000000000002 161855.79833333337 224433.48500000002 254150.00000000003 250150.00000000003 12.157500000000002 7.0545000000000009 -0.00194968143671 4.3645000000000005 14.873000000000003 84450.000000000015 80493.460000000006 71150.000000000015 4.2445000000000013 9.2350000000000012 1.0000000180025095e-35 10.981000000000002 12.500000000000002 4.2815000000000003 8.0235000000000003 100352.44500000002 33.63750000000001 127082.75000000001 23.015000000000004 75.000000000000014 6.1925000000000008 7.0000000000000009 6.533500000000001 7.4730000000000016 7.5000000000000009 263.97664337966165 6.3675000000000006 5.8520000000000012 451725.40000000008 12.073500000000001 1.0000000180025095e-35 221368.26500000004 146922.61500000002 178.50000000000003 1.0000000180025095e-35 195185.13000000003 3.4040000000000004 106769.32666666668
decision_type=2 2 2 2 2 2 2 2 2 2 2 2 2 2 2 2 2 2 2 2 2 2 2 2 2 2 2 2 2 2 2 2 2 2 2 2 2 2 2 2 2 2 2 2 2 2 2 2 2 2 2 2 2 2 2 2 2 2 2 2 2 2
left_child=2 47 3 4 5 6 10 -8 9 -7 -1 -10 18 14 17 -16 44 -14 -5 20 -4 -22 23 26 27 -26 -6 -24 -25 -18 31 33 46 34 -21 -35 40 38 -38 -39 42 -42 -32 57 -15 -34 -33 48 50 54 51 52 -2 -53 56 -56 -50 58 -3 60 -59 -62
right_child=1 43 19 12 22 8 7 -9 11 -11 -12 -13 13 16 15 -17 29 -19 -20 30 21 -23 24 28 25 -27 -28 -29 -30 -31 36 32 45 35 -36 -37 37 39 -40 -41 41 -43 -44 -45 -46 -47 -48 -49 49 -51 -52 53 -54 -55 55 -57 -58 59 -60 -61 61 -63
leaf_value=0.0093381937055908425 0.029384265625932465 0.022728915167450705 -0.011879829763889051 -0.003395814906011119 0.0050002068845618709 0.0074176160257399528 -0.012192751910638256 -0.00017831884258875897 0.014179839359268016 -0.00015281527611706028 0.0014981267958975664 0.0056978542562250052 -0.0031762340531348225 -0.0099160216610914391 0.022367724051355366 0.0008907598124932711 0.019626330909985945 -0.025912050043931375 0.071835551599474509 -0.027624047583620238 0.089206710693289323 0.022087527066023547 -0.0055148626634397239 -0.033126820481201531 0.0077241391067308478 -0.0075671888769511132 -0.0039189120897080917 0.0021789979966877425 -0.00054481412636170541 0.0057363830922591633 0.0036112769708816213 -0.026836490671826654 0.034876413708866676 0.068380843853215106 0.022734128840839113 0.0058090064347436519 0.0074783377579045827 0.023481771468126061 0.020501842623627333 0.0038782755707258334 0.021748377569979473 -0.024480319423761231 0.011686859799221943 0.046219174230221635 -0.080871468988643502 0.015186698144497869 0.0099396540199754371 0.0026374385874531623 0.012677353191330702 0.03665549953580724 0.031322005150137722 0.00025849109896356278 0.013510719278562573 0.024214865768867961 0.036509400886189307 -0.00024540928250354165 0.031827120142883157 0.043151368811039231 0.041290664986458114 0.040513668604737693 0.040970605632984582 0.032653357523961486
leaf_weight=1788.4495164006948 1131.3202858865261 80.728718116879463 24.786771237850189 17.054103150963783 1433.7175204455853 2063.7721466869116 778.54642501473427 5253.8819716721773 1241.7180982679129 4543.6010885089636 3401.7417002171278 4153.1506054103374 643.48146437108517 26.513482019305229 233.05289606750011 1113.6351613253355 270.05764843523502 147.21682120859623 26.914618611335754 117.86112394928932 24.752766907215118 25.473174586892128 2503.8289506137371 191.6054861843586 3267.356938958168 508.57204006612301 3654.6438652575016 2896.5607813000679 102.01534590125084 10333.335482895374 11237.14569978416 43.283481791615486 241.64091137051582 25.113648071885109 54.93224373459816 159.08219350874424 1058.5662272572517 218.06874093413353 829.65907880663872 3133.6025888323784 46.417796641588211 146.06991364061832 1200.5957003831863 934.5840078368783 13.404727205634115 220.78519800305367 65.891200453042984 19.637828946113586 78.450516477227211 604.62330496311188 2458.1589487940073 50.341164737939835 71.406619012355804 53.23431408405304 182.05380590260029 16.893075838685036 69.981922641396523 155.0898748934269 38.916718170046806 897.96595963835716 161.19823451340199 557.89951740205288
leaf_count=5693 3734 311 86 55 4715 6680 2702 17350 3838 15331 11172 13238 2152 91 682 3556 805 545 64 428 54 76 8749 729 10363 1747 12403 9813 335 32741 35287 157 640 60 165 474 3181 620 2319 9523 134 506 3592 3758 58 652 198 66 274 1965 8080 182 248 179 588 61 229 563 142 3284 589 2089
internal_value=0.00649997 0.0342632 0.00347818 0.00262885 0.00178887 0.00289573 0.00101292 -0.0017289 0.00465624 0.00221176 0.00419968 0.00765012 0.00510353 0.00497434 0.000162024 0.00460748 0.00594075 -0.00740932 0.0426556 0.00575559 0.0330116 0.0551658 2.30921e-05 -0.00251881 0.00151394 0.00566458 -0.00140582 -0.00138817 -0.0218066 0.00609015 0.00564683 0.0128241 0.0197234 0.00177719 -0.0116148 0.0143402 0.00527387 0.00805349 0.0132007 0.00515373 0.00412069 -0.0133324 0.0043908 0.0405222 -0.0337432 0.0254756 -0.00464065 0.0305279 0.030644 0.0336419 0.0298859 0.0271835 0.0284418 0.0125713 0.0283966 0.0333885 0.021706 0.0377079 0.0287664 0.0383115 0.0360495 0.0345178
internal_weight=77044 7562.48 69481.6 50607.8 37783.2 23224.9 11222.6 6032.43 12002.2 6607.37 5190.19 5394.87 12824.7 12780.7 2137.39 1346.69 10643.3 790.698 43.9687 18873.7 75.0127 50.2259 14558.3 5381.98 9176.32 3775.93 5088.36 5400.39 293.621 10603.4 18798.7 928.59 571.601 356.989 172.793 184.196 17870.1 5239.9 1888.23 3351.67 12630.2 192.488 12437.7 2826.38 39.9182 462.426 109.175 4736.1 4716.46 952.003 3764.46 1306.3 1202.73 103.575 347.379 198.947 148.432 1891.8 119.645 1772.15 874.188 719.098
internal_count=250101 26342 223759 165607 124858 76004 36917 20052 39087 22011 16865 17076 40749 40630 6935 4238 33695 2697 119 58152 216 130 48854 18182 30672 12110 17118 18562 1064 33546 57936 2774 1647 1127 593 534 55162 15643 5500 10143 39519 640 38879 10736 149 1292 355 15606 15540 3117 12423 4343 3982 361 1152 649 503 6978 453 6525 3241 2678
is_linear=0
shrinkage=0.05


Tree=37
num_leaves=63
num_cat=0
split_feature=22 19 0 6 8 6 0 5 16 15 25 17 7 15 5 11 15 25 15 15 15 17 1 16 15 17 17 16 29 16 4 17 15 14 16 10 17 4 15 17 13 14 15 10 28 16 10 10 25 20 17 16 13 13 15 12 5 16 27 28 16 4
split_gain=2407.87 70.0505 56.1887 31.0791 25.9726 25.5735 33.3318 27.4825 77.7225 29.0668 43.1107 31.4314 28.1388 24.1725 29.8882 29.1185 26.9631 29.2669 23.1561 41.8115 24.3113 22.0436 20.5996 36.7446 36.1586 33.6247 32.9793 20.2343 20.0869 19.7956 30.6548 45.4164 45.8201 32.2048 28.4916 64.5112 27.5277 25.73 29.9755 27.8976 25.546 19.7093 41.6172 22.2903 19.5589 19.1416 34.9059 32.3949 18.6514 18.2275 17.896 37.9653 34.4067 31.2321 30.3329 25.5357 23.101 19.3086 40.898 36.6182 60.3921 36.3774
threshold=1.0000000180025095e-35 45.000000000000007 3.5000000000000004 5.5000000000000009 246406.78500000003 9.5000000000000018 1.0000000180025095e-35 2.5000000000000004 14.948000000000002 6.9575000000000005 6.5000000000000009 5.1950000000000012 234.50000000000003 5.1595000000000004 1.0000000180025095e-35 -519.40500000001327 2.7245000000000004 17.500000000000004 3.7010000000000005 3.3695000000000008 3.1325000000000007 15.958500000000003 3.5000000000000004 20.849000000000004 2.5245000000000002 21.107000000000003 6.2750000000000012 2.5880000000000005 223135.89000000004 20.364500000000003 1.5000000000000002 2.7030000000000007 6.7455000000000007 764.57210500301915 35.002500000000005 0.99057030743416929 7.1915000000000004 1.5000000000000002 5.2855000000000008 35.487500000000011 342984.94500000007 1260.9855049978055 7.355500000000001 0.96489097515236766 174443.27000000005 22.332000000000004 0.95377749476567575 0.9680638234551755 18.500000000000004 75.000000000000014 2.6015000000000006 17.642000000000003 124131.755 175160.66666666672 4.3435000000000015 -0.0019981000691331996 1.0000000180025095e-35 11.372000000000002 95399.525000000009 281526.9250000001 8.2235000000000031 1.0000000180025095e-35
decision_type=2 2 2 2 2 2 2 2 2 2 2 2 2 2 2 2 2 2 2 2 2 2 2 2 2 2 2 2 2 2 2 2 2 2 2 2 2 2 2 2 2 2 2 2 2 2 2 2 2 2 2 2 2 2 2 2 2 2 2 2 2 2
left_child=2 -2 5 29 18 6 7 9 12 11 -11 -1 -9 16 21 -16 27 -18 19 20 -5 -15 23 28 -24 -25 -26 -6 -8 30 41 32 -32 -33 37 36 -36 39 -39 -31 -37 43 -43 -4 -10 47 -47 -20 -21 -3 51 52 54 -54 -7 56 -53 59 61 60 -52 -59
right_child=1 49 3 4 13 50 22 8 44 10 -12 -13 -14 14 15 -17 17 -19 45 48 -22 -23 24 25 26 -27 -28 -29 -30 34 31 33 -34 -35 35 40 -38 38 -40 -41 -42 42 -44 -45 -46 46 -48 -49 -50 -51 57 55 53 -55 -56 -57 -58 58 -60 -61 -62 -63
leaf_value=-7.3616636769985137e-05 0.029574204444847731 0.036794791805255599 -0.0079541455872319516 0.013062870289742951 -0.07256600639407694 -0.013747701581470401 0.0040243015265849216 -0.088143514091158379 -0.0044465090324987471 -0.060448313040056358 0.0020293849211725423 0.014710464738327376 -0.020325654324995307 -0.0059563758938824514 -0.037368088806203528 -0.0076887376228969772 -0.0082267247056211478 0.012802604514272309 -0.0061685092200054244 0.0067612904289018894 -0.0090167021282692873 0.018259013349216337 0.049402673937933857 -0.016495737745684177 0.00079975450906841499 0.0054760288820526184 0.0071245945963073062 -0.010053015586970268 0.0010900859542260356 0.0064207324353368986 -0.007652095060289861 0.0098949122667403907 -0.075494276111520486 -0.0070696843143678734 -0.037207366622896552 -0.057082790397403577 0.027855790032907075 0.017882121507941658 -0.013808817703495225 0.039282884247346106 0.019393292495830616 0.0038625950800072065 0.075361940717851794 -0.0011434924954972882 0.055026019026768486 0.043366671454786732 0.0072890514929867187 0.0067867286535478483 0.038429989723578077 0.045464646860120146 0.0035915066286952794 0.020274702143778776 0.018516975911603641 -0.01160690010528951 -0.072675675397559814 0.032153279767966197 -0.045469764706604181 0.035670222545841394 0.0031932800570668531 0.021311540488923392 0.024893327851277125 -0.018781077905780943
leaf_weight=436.78086194396019 4646.7785298377275 1843.0791093111038 1355.9377668648958 465.46716675162315 16.315894678235054 61.725710019469261 17765.938768491149 17.293771207332611 19.792241409420967 30.607994064688683 281.94007401168346 2032.2865245938301 132.35646551847458 261.47822712361813 117.8234635591507 276.7692556232214 220.82185167074203 659.80898185074329 677.50557252764702 60.766397446393967 170.27924583852291 146.71283909678459 46.517238840460777 462.44808359444141 2952.307055324316 279.29049947857857 6826.9571848809719 62.646109730005264 8683.5456972569227 2298.7610251903534 228.35457403957844 1786.7308743596077 27.932779982686043 331.68528519570827 20.83919358253479 74.974928230047226 73.934129938483238 98.089554011821747 311.81478546559811 66.449383214116096 12.781222417950628 1001.1416187733412 20.774381756782532 10539.392800986767 45.850325852632523 84.703051790595055 321.59249110519886 1676.7221707999706 197.9405742585659 903.38515133410692 1628.6719007790089 29.844887867569923 132.79319305717945 244.41061034798622 33.793849244713783 121.53346982598305 24.192034050822258 175.32092326879501 2243.7191771268845 683.25898472964764 418.15125352144241 37.177213504910469
leaf_count=1360 15606 6978 4852 1399 69 222 56379 71 61 113 863 5850 441 908 460 955 744 2081 2260 186 554 436 119 1651 9534 871 20829 216 28038 7605 846 5855 125 1173 80 330 226 318 1103 182 45 3456 57 36866 111 229 987 5226 538 3758 4841 87 392 814 150 332 90 444 6621 1852 1137 119
internal_value=0.00618763 0.0333159 0.00330243 0.00132388 0.00464946 0.00432375 0.00387282 0.00894458 -0.008266 0.0102766 -0.00408909 0.0120951 -0.0281628 -0.000336252 -0.0067384 -0.0165508 0.0050197 0.00752941 0.00705349 0.0140451 0.00714905 0.00274717 0.00346221 0.00275318 0.00542435 -0.0082226 0.00521516 -0.0229701 0.00306098 0.000336696 -0.000387522 0.00483365 -0.0150462 0.00723873 0.00408113 -0.0150539 0.0135494 0.00533971 -0.00622522 0.00734398 -0.0459445 -0.00134738 0.00531609 -0.00191983 0.0370941 0.0047881 0.0148104 0.00305844 0.0309915 0.0396465 0.0074162 -0.000416029 -0.00778997 -0.0010019 -0.0345958 0.0194383 -0.00915874 0.00839523 0.00517883 0.011289 0.00794332 0.0261438
internal_weight=76908.7 7393.24 69515.5 23666.9 5417.35 45848.5 40013.9 2996.91 215.293 2781.62 312.548 2469.07 149.65 1762.38 802.784 394.593 959.593 880.631 3654.98 894.453 635.746 408.191 37017 27191.2 9825.78 741.739 9779.26 78.962 26449.5 18249.6 15292 2374.7 256.287 2118.42 2957.64 182.529 94.7733 2775.11 409.904 2365.21 87.7562 12917.2 1021.92 11895.3 65.6426 2760.52 406.296 2354.23 258.707 2746.46 5834.59 648.294 472.723 377.204 95.5196 175.57 54.0369 5186.3 2456.22 2730.08 2046.82 212.498
internal_count=250101 26342 223759 80367 17248 143392 126291 8870 684 8186 976 7210 512 5869 2759 1415 3110 2825 11379 2677 1953 1344 117421 86939 30482 2522 30363 285 84417 63119 53230 7999 971 7028 9889 681 306 9208 1421 7787 375 45231 3513 41718 172 8702 1216 7486 724 10736 17101 2087 1578 1206 372 509 177 15014 7184 7830 5978 563
is_linear=0
shrinkage=0.05


Tree=38
num_leaves=63
num_cat=0
split_feature=23 19 0 3 9 16 9 16 15 15 15 18 16 7 29 13 9 4 13 15 15 13 16 13 15 0 15 3 25 27 15 15 15 13 14 7 12 26 15 14 16 1 14 8 16 13 29 18 16 16 9 10 19 10 0 16 1 16 7 27 0 10
split_gain=2240.99 69.26 50.6687 25.579 37.7581 79.9252 66.198 49.9294 34.6429 37.0202 30.1561 45.9768 54.5495 25.5011 44.2704 28.3506 23.5287 24.5474 37.7874 48.6024 37.8126 28.9351 51.3982 36.0462 22.6612 22.4409 28.4229 54.2806 42.914 27.3842 28.3609 26.2617 43.6262 59.9306 24.0901 20.7878 24.7236 47.637 62.2661 25.6512 25.5712 23.1032 38.1816 39.8583 33.3275 27.421 25.756 22.0166 19.1277 38.35 19.5495 18.1784 17.9525 17.0738 16.7784 15.0112 12.3099 15.8326 15.1693 8.81611 6.35466 5.17151
threshold=1.0000000180025095e-35 45.000000000000007 3.5000000000000004 1.0000000180025095e-35 326350.00000000006 16.853000000000005 337050.00000000006 3.5725000000000002 3.5625000000000004 5.5265000000000013 3.0735000000000006 22.500000000000004 2.9745000000000004 288.00000000000006 144383.01000000004 85571.098333333342 59850.000000000007 1.5000000000000002 387231.06917457236 7.1520000000000001 6.9575000000000005 85571.098333333342 24.045000000000005 101630.68333333336 2.8155000000000006 1.0000000180025095e-35 6.9575000000000005 1.0000000180025095e-35 9.5000000000000018 116974.50500000002 7.1720000000000015 6.6005000000000011 6.682500000000001 154486.32916666669 339.00946085792356 352.50000000000006 -0.0023849884519835996 1.0000000180025095e-35 5.3835000000000006 413.66149576678987 36.872500000000009 3.5000000000000004 454.45472594199242 389690.71000000002 20.611500000000003 258566.16 229385.58000000005 13.500000000000002 21.380000000000006 12.2385 129750.00000000001 0.99155302168517367 75.000000000000014 0.98751662562281506 4.5000000000000009 21.766500000000004 1.0000000180025095e-35 14.804500000000003 352.50000000000006 88173.005000000019 1.5000000000000002 0.97652349968410757
decision_type=2 2 2 2 2 2 2 2 2 2 2 2 2 2 2 2 2 2 2 2 2 2 2 2 2 2 2 2 2 2 2 2 2 2 2 2 2 2 2 2 2 2 2 2 2 2 2 2 2 2 2 2 2 2 2 2 2 2 2 2 2 2
left_child=2 60 25 16 10 6 54 -8 -7 -10 11 12 -5 14 -12 -15 56 21 19 -19 -20 22 -18 -23 -13 26 31 29 55 59 -31 48 53 -34 -30 36 37 39 -39 -27 47 44 43 -43 46 -44 -37 -38 49 -1 -50 -46 -3 -33 -6 -29 -4 -58 -59 -28 -2 -62
right_child=1 52 3 4 5 8 7 -9 9 -11 13 24 -14 15 -16 -17 17 18 20 -21 -22 23 -24 -25 -26 35 27 28 34 30 -32 32 33 -35 -36 41 40 38 -40 -41 -42 42 45 -45 51 -47 -48 -49 50 -51 -52 -53 -54 -55 -56 -57 57 58 -60 -61 61 -63
leaf_value=0.011126778478999934 0.032708016963040189 0.035935275007404274 0.0049912904140190072 -0.003407246245893605 -0.065681950859984892 0.075777496947841638 0.0038762594022292091 -0.015652537337380167 -0.024054037576978715 0.015758414683417519 -0.010900322608855463 -0.077371637739416368 0.019929507035410743 -0.01114219863567301 0.0017601179291100639 0.002415952385774087 0.010785658389622227 0.013553734292270803 -0.013346240337530952 -0.032181581946448039 0.0632311013404213 -0.013445918663576648 0.08288304139611323 0.0023232757109798953 0.0046671999641432612 0.0081277517957396971 -0.039633944500584897 -0.070817812992614526 0.037359172691639055 -0.05487169045235879 -0.00078937364808459695 0.07098374729362425 -0.029176805282849612 0.03375432297325958 -0.0038137325255380126 0.0035904005839148866 0.0063045267906467212 0.053241434414381221 -0.033500281007906321 0.001617770332061747 0.057380454980842904 0.0045302149344855665 0.05423405389444768 -0.018817127125270589 -0.00035805313213714779 0.012468109579201914 -0.00054833837410174675 0.017520188738931887 0.04226466446162086 -0.0020959497530432087 0.013166321296844441 -0.018595723894804721 0.044689782787608823 0.029369114787548264 -0.030722033386610226 -0.0091312748369390285 -0.068919668766757022 -0.047461618252285176 0.018937887261379037 -0.084598420655365728 0.030378727872856205 0.026461332045766728
leaf_weight=1593.6731912940741 793.04192212224007 1801.8532147705555 26.153987213969231 413.12432409822941 55.088873073458672 20.451514840126038 514.25947779417038 900.28379912674427 70.028530687093735 351.34383864700794 1268.1212149560452 22.547486633062363 635.77279824018478 409.06813007593155 1515.8779377937317 6711.654634565115 318.93723040819168 1449.6811303347349 255.24296575784683 60.513855189085007 17.207160517573357 379.39633248746395 26.796985164284706 8086.1311464607716 13.432046070694922 1899.5327216088772 25.143700391054153 15.876625075936316 111.26125426590443 31.896512523293495 100.99871921539307 51.262313261628151 63.038800358772278 94.611713141202927 52.192270562052727 12208.069589242339 7814.8176653683186 95.342505067586899 26.422303169965744 7439.4779392331839 25.195580646395683 5221.6697071045637 40.867397099733353 189.43514363467693 253.5957393348217 1023.7875163406134 5431.5776902288198 463.51462832093239 71.412702023983002 836.01782713830471 301.07522542774677 296.24578800797462 867.55680227279663 47.473969683051109 91.034505501389503 26.034015253186226 22.630299657583237 17.637499064207077 16.789604067802429 19.245247885584831 1271.7827894985676 2495.8411963284016
leaf_count=4656 2680 7001 91 1427 228 53 1797 3370 261 1131 4464 99 1997 1441 5164 22603 1028 4609 922 227 45 1315 62 27407 43 5827 90 61 290 118 311 113 214 250 162 38978 23502 240 93 23449 60 16270 107 642 843 3086 17759 1338 182 2554 850 1058 3735 128 359 81 96 72 56 80 4363 8563
internal_value=0.00589042 0.0323839 0.00313588 0.001257 -0.000233067 -0.0065476 -0.0118625 -0.00855281 0.0122264 0.00914192 0.000917548 0.00883158 0.010738 5.07145e-05 -0.00400676 0.00163707 0.00307015 0.00327817 0.00862912 0.0117211 -0.00850984 0.00219559 0.0163737 0.00161655 -0.0467445 0.00410538 0.00798867 -0.00485849 0.0126386 -0.0251269 -0.0137698 0.00959594 0.0249129 0.00859042 0.0242123 0.00379043 0.00509452 0.00334701 0.034419 0.00294189 0.00708558 0.0028512 0.00541585 0.00371286 0.00193814 0.0140713 0.00231601 0.00693251 0.00819451 0.00657705 0.018745 -0.0101842 0.0387805 0.0509748 -0.043902 -0.0324994 -0.0234136 -0.0364338 -0.0150795 -0.0591287 0.02864 0.0277837
internal_weight=76770 7230.08 69540 23669.2 12992.1 2002.49 1560.67 1414.54 441.824 421.372 10989.6 1084.88 1048.9 9904.72 2784 7120.72 10677.1 10593.9 1782.65 1510.19 272.45 8811.26 345.734 8465.53 35.9795 45870.8 3441.21 382.648 205.364 177.284 132.895 3058.57 256.387 157.651 163.454 42429.6 17764.3 9460.78 121.765 9339.01 8303.53 24665.2 6475.76 5411.1 18189.5 1064.65 17639.6 8278.33 2802.18 2429.69 372.488 549.842 2669.41 98.7363 146.123 41.9106 83.2114 57.0574 34.4271 44.3889 4560.67 3767.62
internal_count=250101 26342 223759 80367 44437 7199 5754 5167 1445 1392 37238 3566 3424 33672 9628 24044 35930 35615 5803 4836 967 29812 1090 28722 142 143392 10140 1193 594 599 429 8947 705 464 452 133252 54509 29609 333 29276 24900 78743 20105 16912 58638 3193 56737 24840 8242 7210 1032 1901 10736 241 587 142 315 224 128 170 15606 12926
is_linear=0
shrinkage=0.05


Tree=39
num_leaves=63
num_cat=0
split_feature=22 22 0 0 16 16 10 2 8 4 4 15 21 16 15 7 14 13 15 15 4 2 21 18 27 25 7 8 27 16 13 27 15 15 13 15 13 0 10 15 15 14 2 14 22 12 9 10 15 16 14 15 29 9 10 7 7 29 7 14 0 2
split_gain=2084.41 68.3414 45.9473 25.5961 24.981 45.9621 55.9993 33.0655 35.8801 31.8401 27.6475 54.9451 53.9267 64.0374 41.4939 28.991 28.9165 28.7363 24.6067 31.4777 46.1626 41.4335 31.7178 27.5359 25.5211 28.3072 24.2214 23.3801 32.0647 22.0723 20.4524 55.1165 38.0209 47.3781 26.3507 35.3876 43.6276 37.3946 26.2596 20.6102 20.182 19.3194 18.2891 34.956 18.0091 17.496 34.868 34.7886 41.0473 32.0669 22.9635 22.2387 17.4479 19.18 16.8467 38.7871 23.9798 15.9599 10.5255 6.62249 6.08433 5.52855
threshold=1.0000000180025095e-35 1.5000000000000002 4.5000000000000009 1.5000000000000002 28.006000000000004 29.948000000000004 0.9908201293737865 3.5000000000000004 107596.26500000001 1.0000000180025095e-35 1.5000000000000002 6.7455000000000007 1.0000000180025095e-35 11.530000000000003 2.7495000000000007 355.50000000000006 437.56884898059263 300791.4833333334 2.6155000000000004 2.8365000000000005 1.0000000180025095e-35 1.5000000000000002 1.0000000180025095e-35 4.5000000000000009 207790.78500000003 16.500000000000004 358.50000000000006 167202.61000000002 216692.39500000005 12.973000000000001 106769.32666666668 100521.21500000001 6.3215000000000012 2.9925000000000002 109899.44500000002 6.4605000000000006 107859.62500000001 2.5000000000000004 0.95479515985978514 6.4605000000000006 2.5485000000000002 331.18052544390622 1.5000000000000002 286.66952206861589 2.5000000000000004 -0.0039610899756059989 203550.00000000003 0.96301097687326676 6.1925000000000008 3.2455000000000003 1000.6568496111221 2.6365000000000003 254061.39000000004 254150.00000000003 0.94142737454634162 238.50000000000003 354.50000000000006 170116.93500000003 345.50000000000006 266.0347581907061 1.5000000000000002 2.5000000000000004
decision_type=2 2 2 2 2 2 2 2 2 2 2 2 2 2 2 2 2 2 2 2 2 2 2 2 2 2 2 2 2 2 2 2 2 2 2 2 2 2 2 2 2 2 2 2 2 2 2 2 2 2 2 2 2 2 2 2 2 2 2 2 2 2
left_child=2 60 3 18 10 9 7 8 -7 42 45 12 13 -12 -14 16 -13 -17 23 20 22 -22 -20 52 29 -26 57 61 -29 -21 31 38 33 -33 35 37 -37 -32 41 -34 -40 -5 58 -44 -3 46 51 48 -47 -48 -49 -4 53 -1 55 -36 -56 -11 -6 -9 -2 -8
right_child=1 44 4 30 5 6 27 59 -10 26 11 15 14 -15 -16 17 -18 -19 19 24 21 -23 -24 -25 25 -27 -28 28 -30 -31 34 32 39 -35 54 36 -38 -39 40 -41 -42 -43 43 -45 -46 47 49 50 -50 -51 -52 -53 -54 -55 56 -57 -58 -59 -60 -61 -62 -63
leaf_value=0.015508506410821438 0.031749413543035988 0.03504498241325494 -0.033009275534835313 0.020373017208859645 0.034077775336936691 0.083173664829457442 -0.06966956924959003 -0.014900594850294713 0.013649368607358598 0.057296767973544577 0.0044165449300363037 0.027238878360471553 0.074209533673520872 0.029501396961474455 -0.021614037751214784 -0.059656531507464194 -0.047908279307924843 0.0050767642025474711 -0.013423323496470988 0.010926985901929481 -0.018605581823231871 0.036546107978707408 -0.066201928665761425 0.076277836168034657 -0.0045458451755283208 0.0053005720911672438 -0.043400312327222398 0.028247192341184897 -0.043179799913983428 0.0048403268990888527 -0.0006300063877834757 0.016009233552458636 0.035740365744205714 -0.023121291811163191 0.00025482400335021611 -0.062257242288093574 0.0087870594188648125 0.029388873317078797 -0.051893497214416155 -0.0015551446721265942 0.0011889837580022506 -0.0003393155104811178 0.043677443787638902 -0.020435804165861327 0.043950608176421421 -0.018499812951150899 0.018908190266396927 -0.0021488066166054942 0.0071516629860446726 -0.015096132111244437 0.0098385660079477293 0.020222058384510366 -0.016308222385348955 0.069394579320897196 0.0048722696909273382 -0.035255089611996387 0.0024265420177308665 -0.0041454492614415219 0.074443645558065374 -0.062097243313335021 0.026881436539897052 -0.035542235234675465
leaf_weight=77.563866525888443 776.56164968013763 1756.413930401206 20.888650611042976 324.02838164567947 26.711030855774879 21.342832252383232 30.066804170608521 18.857478410005573 142.20149271190166 17.130822524428368 751.75733935832977 40.347550123929977 12.047482788562773 384.5710536390543 181.45900569856167 62.977745458483696 18.750773370265961 23.556895777583122 257.11915804445744 3191.2913813740015 55.259156838059425 88.745214864611626 32.009956032037735 22.875426143407822 962.58352346718311 3019.978626459837 23.392459556460381 29.063730299472809 34.203285157680511 2793.0660684406757 152.98629607260227 89.951363995671272 47.190713703632355 552.37593080103397 2117.2034303694963 30.954811632633209 71.576945826411247 322.30533613264561 17.993689745664597 172.26789243519306 3680.2870226502419 172.52948775887489 72.997268453240395 29.996440067887306 838.77448014914989 632.6766459196806 96.450418740510941 6122.1725768148899 206.97448599338531 246.57851402461529 427.40294666588306 323.2455807775259 30.475559264421463 20.980019137263298 17343.485611662269 79.798710390925407 23742.574781194329 27.592563226819038 40.842345908284187 12.267904758453367 3701.1032366752625 19.60517244040966
leaf_count=226 2680 7001 79 958 76 49 139 64 449 46 2555 120 31 1192 659 266 77 81 834 9393 188 238 122 51 2988 9162 90 96 143 8369 490 277 133 1925 6784 123 225 934 70 567 11889 543 194 106 3735 2333 317 21700 710 913 1457 1032 101 50 54158 296 77373 92 100 51 12926 75
internal_value=0.00560679 0.0314674 0.00297757 0.00350708 -0.000140761 0.0102583 -0.00251665 0.0137327 0.0227224 0.0267237 -0.000735484 0.0055581 0.00875111 0.0129061 -0.0156482 -0.0235986 0.00339612 -0.0420345 0.00574053 0.00544873 -0.00774669 0.0153826 -0.0192665 0.0257197 0.00602216 0.0029207 -0.00217399 -0.0305251 -0.0103675 0.00808617 0.0030253 1.42504e-05 -0.0115027 -0.0176415 0.00337244 0.0139794 -0.0126615 0.0197264 0.00238029 0.0064646 0.000930715 0.0131765 0.0382653 0.0250048 0.0379233 -0.00188525 0.00574608 -0.00259493 -0.0121767 -0.00553504 -0.00136655 0.016991 0.0167556 0.0269809 0.00323084 -0.00103495 0.00345895 0.0193893 0.0584827 -0.0335029 0.0277257 -0.0561998
internal_weight=76640.4 7072.85 69567.6 59469.5 10098.1 546.272 307.609 194.67 163.544 238.663 9551.86 1475.47 1329.83 1136.33 193.506 145.633 59.0983 86.5346 10551.9 10400.1 433.133 144.004 289.129 151.895 9966.92 3982.56 68.1158 112.939 63.267 5984.36 48917.5 5056.62 861.786 642.327 43860.9 577.823 102.532 475.292 4194.84 219.459 3698.28 496.558 170.547 102.994 2595.19 8076.39 687.163 7389.23 839.651 343.029 6549.58 344.134 129.019 98.5439 43283.1 2197 41086.1 44.7234 67.5534 31.1254 4477.66 49.672
internal_count=250101 26342 223759 188467 35292 1770 1066 613 498 704 33522 4981 4437 3747 690 544 197 347 31722 31294 1382 426 956 428 29912 12150 228 453 239 17762 156745 16362 2902 2202 140383 1772 348 1424 13460 700 11959 1501 476 300 10736 28541 2341 26200 3043 1230 23157 1111 377 276 138611 7080 131531 138 176 115 15606 214
is_linear=0
shrinkage=0.05


Tree=40
num_leaves=63
num_cat=0
split_feature=22 33 6 10 10 17 9 16 17 5 9 15 16 15 16 17 16 15 17 15 16 13 8 17 5 17 15 13 10 7 10 16 15 15 11 0 9 21 18 16 17 15 15 13 0 29 14 9 9 16 8 13 5 15 16 15 16 16 15 0 19 9
split_gain=1893.59 76.7437 48.3317 40.5219 47.2814 31.7658 53.585 47.8186 39.7372 38.815 30.3833 60.9212 40.0345 28.9895 23.5573 22.2936 52.0951 29.7645 20.0371 62.1504 42.3994 42.4026 54.8906 32.4604 60.7846 31.0387 37.1458 51.8351 29.7544 30.7181 57.7885 54.4411 40.1323 28.6968 27.3543 24.8283 40.5632 24.6757 25.2987 23.2027 19.6732 29.2838 26.4065 23.7635 21.5596 18.788 18.4673 18.3594 32.0529 29.1498 16.5253 15.9288 19.8756 20.3862 18.0988 15.8913 31.6543 21.7169 13.6433 10.5724 10.4682 8.30467
threshold=1.0000000180025095e-35 1.5000000000000002 1.5000000000000002 0.96140661720286025 0.92377850063357558 3.7115000000000005 78550.000000000015 6.3175000000000008 3.4720000000000004 1.5000000000000002 105950.00000000001 5.6545000000000014 15.512 2.7245000000000004 8.4990000000000006 3.8100000000000005 11.204500000000001 3.7695000000000003 14.821000000000002 6.7615000000000007 7.0930000000000009 139529.82166666668 170538.76500000004 13.614500000000001 2.5000000000000004 14.611000000000002 3.7010000000000005 211409.83833333335 0.92872856378320245 353.50000000000006 0.98229836523339853 3.7650000000000001 7.4730000000000016 6.9765000000000006 -171.6850000000122 1.5000000000000002 65650.000000000015 5.5000000000000009 18.000000000000004 19.758000000000006 2.8085000000000004 3.2505000000000002 3.3875000000000006 260117.72500000003 3.5000000000000004 72564.085000000006 77.746612412603511 451850.00000000006 362700.00000000006 31.340000000000003 196935.345 93496.728333333347 1.5000000000000002 4.299500000000001 12.085000000000003 7.0135000000000014 14.347000000000003 19.885500000000004 4.9075000000000015 3.5000000000000004 75.000000000000014 59850.000000000007
decision_type=2 2 2 2 2 2 2 2 2 2 2 2 2 2 2 2 2 2 2 2 2 2 2 2 2 2 2 2 2 2 2 2 2 2 2 2 2 2 2 2 2 2 2 2 2 2 2 2 2 2 2 2 2 2 2 2 2 2 2 2 2 2
left_child=2 -2 3 4 40 6 9 13 -9 14 11 12 -6 -8 -5 16 17 -7 19 25 23 34 -23 24 -21 35 27 -27 51 37 31 -31 -32 -25 -22 36 -4 38 -30 -39 42 43 59 -42 -43 -13 -37 48 -17 -49 -18 -20 53 -53 -54 57 -57 -12 -28 -1 -3 -11
right_child=1 60 18 5 10 15 7 8 -10 61 55 45 -14 -15 -16 47 50 -19 28 20 21 22 -24 33 -26 26 58 -29 29 30 32 -33 -34 -35 -36 46 -38 39 -40 -41 41 44 -44 -45 -46 -47 -48 49 -50 -51 -52 52 54 -55 -56 56 -58 -59 -60 -61 -62 -63
leaf_value=0.037820726111308517 0.02739287252664524 0.035876362633363933 0.080562379976411344 0.0023671000105521004 0.011335737349842138 -0.029187146191119086 -0.020539506042356732 0.0048809643402768967 -0.016223891371674289 -0.023284011410483533 -0.0089945397563191819 -0.058761733275254441 0.057700569990097622 -0.0032025479312160644 -0.035859025062352161 0.0029686249687575846 0.090105764235261454 0.025824315513559151 0.025936909533910958 0.024903452608460695 -0.017444057006542855 -0.042401965006197861 -0.0096537980652035907 -0.035397550835807534 -0.04251689369401232 0.047218022699736066 -0.088371444513811279 -0.051222800631200063 0.010874604363074929 -0.043257582643427446 0.009029785043321541 -0.0034286161712762798 -0.068296099814987396 0.0067643872825100017 0.015132985124991564 -0.011531426501789711 0.0097781351016568169 0.0067010343122794608 0.031388265369245306 -0.013983767006787235 -0.028157061780191783 0.026465089136354886 0.0011808427249997216 0.019130170966101305 -0.0074131121038344032 -0.010772559177704942 0.0046800642376114924 -0.0029250823884879179 0.0091165800167734862 0.029224216322734833 0.036273653282460745 0.026269072131803014 -0.065716654500630731 -0.015147017325689044 -0.0069723261421114034 0.026341545546014457 -0.011275252476983922 0.0041626989718285172 -0.02932978874617545 0.08923915172497951 0.04360380112885523 -0.068750411910413922
leaf_weight=19.914438560605049 5184.0850731283426 941.64399929344654 20.454334482550621 106.47860278189182 209.27482613921165 46.499705761671066 269.00876270234585 3878.556548833847 236.64262695610523 12.794208616018294 2498.6812311559916 26.247135788202286 59.88003633916378 2325.8404610753059 64.850739642977715 31337.191898554564 25.150653779506683 52.181531339883804 27.896195665001869 284.84828433394432 88.950742542743683 151.59137488901615 820.71728166937828 67.270506456494331 37.876570716500282 29.924342572689056 20.840214565396309 24.176461070775986 3707.7357383221388 105.54314842820168 1376.5842732638121 458.56548024713993 16.986754432320595 100.88047356903553 233.83153349161148 178.25285312533379 1926.598714902997 570.78939351439476 156.64762783050537 177.80657157301903 78.928794577717781 186.11716458201408 29.348110213875771 40.049282625317574 62.809388294816017 91.482328400015831 12123.913320347667 1818.0638937801123 2273.8817180544138 73.351793810725212 32.911820694804192 38.450658351182938 30.753385990858078 130.74215731024742 22.856513366103172 105.89274421334267 118.51941081881523 358.63859617710114 18.44429025053978 20.074782744050026 819.84921562671661 46.712819755077362
leaf_count=57 18841 3831 43 357 651 177 989 12872 839 51 8547 103 152 8103 248 101312 57 161 76 841 303 554 2777 242 143 76 86 86 10817 391 4225 1471 72 320 703 606 5564 1681 439 563 286 534 99 125 223 306 38263 6116 7189 214 99 108 120 430 72 322 400 1142 64 49 3772 199
internal_value=0.00556438 0.0304565 0.00307517 0.00214862 -0.00272563 0.00259552 -0.00049921 0.000315632 0.00366734 -0.0241854 -0.0046788 0.00852857 0.0216507 -0.00499988 -0.0121021 0.00319789 0.0220131 -9.77023e-05 0.00495273 0.00399193 -0.00480379 -0.00954675 -0.0147595 0.00770968 0.0169907 0.00508719 -0.0236447 0.00322698 0.00722448 0.00786951 0.00262165 -0.0108805 0.00808723 -0.0101029 0.00615557 0.00527549 0.0105217 0.0100966 0.0117062 0.00178798 0.0127687 0.00816446 0.0371992 -0.0122397 0.0179169 -0.0214715 0.00444517 0.00311483 0.00338455 -0.00167829 0.0595919 -0.00968142 -0.014141 -0.00573482 -0.0406711 -0.00633687 0.00647488 -0.0073431 -0.0606511 0.063633 0.0394729 -0.058975
internal_weight=76401.5 6945.58 69455.9 46506 3905.86 42600.1 6940.88 6710.05 4115.2 230.836 3468.62 386.884 269.155 2594.85 171.329 35659.2 156.744 98.6812 22949.9 16128.6 1785.97 1295.09 972.309 490.876 322.725 14342.6 93.3853 54.1008 6821.36 6570.66 1957.68 564.109 1393.57 168.151 322.782 14249.2 1947.05 4612.98 3864.38 748.596 437.242 367.905 69.3373 118.978 248.927 117.729 12302.2 35502.5 33611.1 1891.42 58.0625 250.699 222.803 169.193 53.6099 3081.73 224.412 2857.32 39.2845 39.9892 1761.49 59.507
internal_count=249559 26444 223115 151979 12996 138983 23658 22803 13711 855 11623 1212 803 9092 605 115325 494 338 71136 50671 5883 4337 3331 1546 984 44788 312 162 20465 19659 6159 1862 4297 562 1006 44476 5607 13500 11256 2244 1373 1168 205 411 757 409 38869 114831 108501 6330 156 806 730 538 192 10411 722 9689 150 106 7603 250
is_linear=0
shrinkage=0.05


Tree=41
num_leaves=63
num_cat=0
split_feature=22 33 6 10 10 17 9 5 9 17 1 1 14 13 20 17 17 10 17 17 1 10 7 10 17 21 18 7 17 18 13 9 9 13 27 25 17 13 17 9 9 0 7 14 18 5 17 29 5 18 17 9 14 14 13 13 20 17 17 1 12 9
split_gain=1759.58 75.4792 43.5841 36.5743 42.6265 28.6454 48.739 36.0987 27.4302 19.9994 39.9627 19.715 18.6008 32.7007 23.8001 18.0693 43.7123 28.6659 28.9611 37.3572 29.5853 26.8544 27.8286 44.5011 28.4798 26.8782 31.4563 25.91 48.7292 37.4088 25.9094 68.5879 33.151 21.9602 21.7486 19.718 17.4984 17.1089 26.6954 16.5545 28.8441 28.027 15.81 38.8194 23.0478 15.6721 26.3128 19.7422 15.2406 16.7754 15.1651 15.0583 13.6403 13.5162 12.3315 11.8203 10.5449 9.80456 17.9911 12.8731 9.76167 7.83282
threshold=1.0000000180025095e-35 1.5000000000000002 1.5000000000000002 0.96140661720286025 0.92377850063357558 3.7115000000000005 78550.000000000015 1.5000000000000002 105950.00000000001 3.8100000000000005 2.5000000000000004 1.5000000000000002 244.61976893606672 116485.96166666668 45.000000000000007 14.821000000000002 14.611000000000002 0.97546913430433135 12.611000000000002 12.467000000000001 4.5000000000000009 0.92872856378320245 352.50000000000006 0.98142292436190426 28.192500000000003 5.5000000000000009 1.5000000000000002 338.50000000000006 14.155500000000002 2.5000000000000004 217279.57166666671 181550.00000000003 288550.00000000006 339573.1766666667 135530.54500000001 13.500000000000002 2.8085000000000004 243963.43666666668 14.684000000000003 451850.00000000006 362700.00000000006 3.5000000000000004 238.50000000000003 246.49939475029061 4.5000000000000009 1.0000000180025095e-35 8.5950000000000006 444547.09000000003 1.0000000180025095e-35 11.000000000000002 19.294500000000003 111850.00000000001 156.20188555013246 740.85429716047258 73122.538333333345 180179.45000000001 75.000000000000014 20.429000000000006 17.348500000000005 2.5000000000000004 -0.0041947743334798488 59850.000000000007
decision_type=2 2 2 2 2 2 2 2 2 2 2 2 2 2 2 2 2 2 2 2 2 2 2 2 2 2 2 2 2 2 2 2 2 2 2 2 2 2 2 2 2 2 2 2 2 2 2 2 2 2 2 2 2 2 2 2 2 2 2 2 2 2
left_child=2 -2 3 4 36 6 7 54 42 10 11 -7 14 -14 -8 16 17 27 19 -19 -20 35 25 24 -24 26 -23 29 -29 -4 31 52 -32 -34 -27 57 60 53 -39 40 -11 -41 44 -44 -6 46 -10 -47 51 -50 -25 -37 -18 -38 -5 -12 -3 58 -17 -59 -1 -9
right_child=1 56 15 5 8 9 12 61 45 39 55 -13 13 -15 -16 21 30 18 20 -21 -22 22 23 50 -26 34 -28 28 -30 -31 32 -33 33 -35 -36 48 37 38 -40 41 -42 -43 43 -45 -46 47 -48 -49 49 -51 -52 -53 -54 -55 -56 -57 -58 59 -60 -61 -62 -63
leaf_value=0.050744749672357925 0.026516142678473738 0.035008008773569375 0.010586850028148395 -0.0040214968662601802 -0.020440944212218454 0.01544303462109449 -0.0020126880141299102 -0.022303161755863363 -0.0026510191042360214 0.0028185331530334564 0.077889035363448114 -0.034247704037368022 0.028731179438445054 0.0016582982739394498 -0.026599321048556175 -0.0024569449361834541 -0.0044092768528490936 0.002817369231057831 -0.0025601081767326517 0.039443785314738196 -0.028281111572601426 0.0037267240670706293 -0.0056758475529832802 0.014116667651272724 -0.047387650895836346 0.017160735492044454 0.014374673211434137 0.008207146190015965 0.046358548078547064 0.00039941815362569421 -0.076976366062662935 0.052206100523543603 0.033765044291890388 -0.032931438297518864 -0.0039090864244845135 0.031459375847966896 0.0075886242916993335 0.0094696793462109435 0.063956826922541551 0.0026433356911589024 0.0086460223028889758 -0.010338825769047681 0.00116302445077481 0.053528814720529977 0.011945212311205594 -0.00054449813504813796 -0.015055069159078461 -0.02652771440775752 -0.046028775769477462 0.012139023243931599 0.0039292842057767098 -0.016162353378376116 -0.049793986717409977 -0.018303484052878904 -0.035555938165461508 0.034152481369302913 0.042881674762501869 -0.040627689518259215 0.06263553247443697 0.019234412122384106 0.012812793552665092 -0.066696382551697783
leaf_weight=40.956001117825508 5090.146084472537 917.37422995269299 1283.2831363379955 130.07621657848358 87.030872970819473 61.678161472082138 2541.8822122514248 12.691695228219031 808.85341462492943 31355.180478006601 24.587750121951103 29.512426391243935 114.77972301840782 3951.0638280808926 102.39324472844601 22.920801177620888 27.687053024768829 6339.0007936060429 1096.0718752890825 70.391770258545876 124.4983968436718 939.22573812305927 547.01644766330719 533.17760133743286 44.231062605977058 158.40377007424831 2652.3422398269176 3903.6394265443087 85.530452743172646 3025.9400393664837 34.431584179401398 37.896281227469444 16.359360307455063 50.251146495342255 539.98228870332241 21.760026410222054 180.44721210002899 87.517332911491394 30.249407187104225 1273.3664440512657 2277.6555063724518 617.27524746954441 94.822905138134956 56.466025069355965 148.96284700930119 1284.1867301017046 906.92268638312817 77.51841776072979 64.099882066249847 15.366468310356138 1160.2774764746428 70.00143113732338 41.178515836596489 69.939125329256058 40.702389284968376 41.560043066740036 792.66625106334686 16.305964186787605 19.772974416613579 19.991793036460876 28.950211107730865 45.767859771847725
leaf_count=112 18841 3831 3883 453 298 200 8671 51 2750 101312 57 114 341 13417 374 71 90 20175 3505 195 434 2803 1774 1606 163 445 7614 11854 214 9704 139 97 44 183 1652 60 570 276 75 4038 7189 2292 305 147 462 4257 3119 285 234 47 3602 230 154 247 152 123 3772 59 47 58 93 199
internal_value=0.00529551 0.0295694 0.0029199 0.00204016 -0.00259263 0.00246439 -0.000474934 -0.0231459 -0.00445065 0.00303605 0.020823 -0.000638606 0.000299576 0.00242257 -0.00296475 0.0047024 0.00379019 0.00408744 0.00187534 0.00321962 -0.00518366 0.00685913 0.007471 0.00301351 -0.0087963 0.00984493 0.0115901 0.00612135 0.00902514 0.00343323 -0.0189938 -0.00181811 -0.0371418 -0.016551 0.000869845 -0.00921793 0.0121031 0.0077485 0.0234652 0.00295726 0.00321318 -0.00159521 0.00809032 0.0207077 1.69333e-06 -0.00602886 -0.00920754 -0.00202366 -0.0187513 -0.0347808 0.00713674 -0.00486948 -0.0315473 0.000356315 -0.0115372 0.0504098 0.0386577 0.0114472 0.0276896 -0.00765731 0.035036 -0.0570585
internal_weight=76284.2 6800.19 69484 46523 3902.82 42620.2 6939.36 229.238 3464.76 35680.8 157.338 91.1906 6710.12 4065.84 2644.28 22961 16136.2 15928.4 7629.96 6409.39 1220.57 6824.88 6574.66 2284.7 591.248 4289.95 3591.57 8298.39 3989.17 4309.22 207.804 106.762 101.042 66.6105 698.386 250.219 438.059 368.153 117.767 35523.5 33632.8 1890.64 387.283 151.289 235.994 3077.48 1715.78 1361.71 171.228 79.4664 1693.46 91.7615 68.8656 250.386 170.779 66.1478 1710.04 78.9915 42.6938 36.2978 69.9062 58.4596
internal_count=249559 26444 223115 151979 12996 138983 23658 855 11623 115325 494 314 22803 13758 9045 71136 50671 49964 24309 20370 3939 20465 19659 7145 1937 12514 10417 25655 12068 13587 707 341 366 227 2097 806 1373 1168 351 114831 108501 6330 1212 452 760 10411 5869 4542 571 281 5208 290 244 817 605 180 7603 235 118 117 205 250
is_linear=0
shrinkage=0.05


Tree=42
num_leaves=63
num_cat=0
split_feature=22 33 0 17 15 15 13 10 15 28 7 18 4 1 7 13 13 15 17 15 17 17 29 17 3 28 17 17 13 7 5 27 10 17 29 27 29 10 17 10 4 14 29 27 1 1 15 15 25 15 27 17 29 3 10 13 19 15 10 19 28 28
split_gain=1633.91 74.1057 36.4447 22.2766 44.8162 59.6251 50.9329 41.3587 37.6782 34.8027 34.7499 30.7276 18.2089 17.7388 22.7275 15.1683 41.3313 50.9674 46.5417 38.7756 34.1431 24.9485 35.0947 33.2294 23.5167 21.2891 46.6091 31.3002 14.9259 54.1086 42.7354 49.7731 27.9892 32.4642 19.3034 49.9751 39.9164 47.9817 35.3499 33.6172 33.2019 29.4076 28.4011 23.6224 23.0966 22.1227 21.0208 18.8132 25.829 22.8679 17.7989 17.4505 14.0633 14.8009 12.1712 10.6512 10.6036 8.48105 8.36594 6.82896 7.93744 6.14308
threshold=1.0000000180025095e-35 1.5000000000000002 4.5000000000000009 3.5645000000000002 7.3725000000000014 7.2115000000000009 196905.4883333334 0.99363283502893218 7.3005000000000004 107923.84000000001 235.50000000000003 9.5000000000000018 1.5000000000000002 3.5000000000000004 357.50000000000006 81295.953333333353 106769.32666666668 3.9855000000000005 13.760500000000002 7.3725000000000014 15.341000000000003 15.190500000000002 356322.15000000008 12.611000000000002 1.0000000180025095e-35 75081.24500000001 7.8265000000000002 5.7500000000000009 83527.158333333355 220.50000000000003 1.5000000000000002 78771.445000000022 0.99178954546625919 5.8975000000000009 146922.61500000002 184633.07000000004 132895.39500000005 0.94291326956107946 36.185000000000009 0.99030932416471174 1.0000000180025095e-35 415158.17044587672 95653.575000000012 137393.80000000002 4.5000000000000009 4.5000000000000009 3.2725000000000004 4.3645000000000005 7.5000000000000009 5.900500000000001 179088.53000000003 7.2425000000000006 364278.25500000006 1.5000000000000002 0.97479074919140063 75640.730000000025 75.000000000000014 4.7695000000000007 0.94821111587648177 45.000000000000007 1477992.2313264806 196372.98000000004
decision_type=2 2 2 2 2 2 2 2 2 2 2 2 2 2 2 2 2 2 2 2 2 2 2 2 2 2 2 2 2 2 2 2 2 2 2 2 2 2 2 2 2 2 2 2 2 2 2 2 2 2 2 2 2 2 2 2 2 2 2 2 2 2
left_child=2 59 3 4 5 9 13 10 -9 12 -7 -11 -1 14 -6 19 17 18 -17 25 -19 23 -23 -18 -21 27 -27 -5 29 30 54 58 47 57 36 39 40 43 45 46 41 -30 -42 -38 -39 -37 -36 48 -31 -49 -41 -35 53 -8 -4 -26 61 -34 -32 -2 -61 -3
right_child=1 56 28 15 6 7 52 8 -10 11 -12 -13 -14 -15 -16 16 21 20 -20 24 -22 22 -24 -25 55 26 -28 -29 34 32 31 -33 33 51 35 38 37 44 -40 50 42 -43 -44 -45 -46 -47 -48 49 -50 -51 -52 -53 -54 -55 -56 -57 -58 -59 -60 60 -62 -63
leaf_value=-0.0074201296124263494 0.024887106609982404 0.029950701047596409 0.048367789756577545 0.026174186635405203 -0.012460293871826303 0.070692073474999284 -0.077710868594772609 0.094404348723997958 0.0237198425879202 0.00052144243270816769 -0.0010438980047719911 0.0081686554815661415 0.0064167570109641275 -0.029845171246233683 0.052384504299626433 0.0024268167282232526 0.0039109693915979869 -0.00069650025942914306 0.030552796556033702 -0.071140620022729736 -0.012721913760372247 0.0046378309566045463 0.012027350766229751 -0.00016323039768628201 -0.03486056923891917 -0.0044290339120095718 0.026484759005221289 0.0028112298207067146 -0.0062151596693284768 -0.039026732245185852 -0.014868165481600457 0.071104641585475761 -0.0032687984995399145 0.071071079740507873 -0.0012171791493107089 -0.0024704706032311029 -0.017717085246085541 -0.01826193967051604 -0.079196475796917909 -0.0092854525145129058 -0.00041898003494580309 0.022579263151581846 0.017385206280785583 0.047585427656356462 -0.063420855255935799 0.0092187273116478754 0.014999170283668782 -0.03431097305527437 0.020357265519444789 0.0016062682045880417 0.027945418040172278 0.021634119997869711 -0.011312096916044524 -0.026351529989130817 0.092858041025359953 0.020284366789756161 0.042163212042188196 -0.056724120141670456 -0.070209855317780484 0.030747246292193366 -0.010783223077948059 0.038240628127119661
leaf_weight=1549.4639782756567 4259.9580935239792 441.30763352662325 41.160643085837364 163.58437925577164 27.037675842642784 20.181565061211586 47.085982620716095 36.26700647175312 39.264121428132057 5205.451901987195 103.25093850493431 1756.9704072326422 280.86228415369987 26.734013810753822 27.013028457760811 682.99872650206089 23123.428797870874 1445.6677554696798 187.45275163650513 23.278946623206139 997.55652967095375 13615.045545816422 1821.7396946847439 6387.0761267095804 16.917582407593727 174.35725371539593 405.48763647675514 1159.6259382069111 1845.2040128707886 23.253353118896484 15.348671436309816 16.094864040613174 17.886127546429638 23.577535793185234 243.75630284845829 4017.5179661214352 20.864740505814552 458.42910289764404 14.609308570623396 308.79113405942917 565.38161544501781 93.147463545203209 370.95435559749603 41.182828664779663 30.177800267934799 450.12120933830738 1109.2289033830166 101.03007487952709 86.149116441607475 78.943931221961975 35.825958207249641 73.48469389975071 16.848259016871452 19.980381458997726 24.536212906241417 18.151607155799866 766.53163743019104 12.680636450648306 12.302460432052611 728.20936115831137 11.689696319401262 452.72990364581347
leaf_count=5322 15673 1909 112 479 91 52 207 85 120 17187 346 5609 907 97 75 2138 73193 4645 519 97 3284 41926 5404 20432 64 566 1128 3622 6593 88 52 39 65 65 817 14345 76 1715 63 1106 1978 293 1197 120 129 1471 3550 400 279 260 113 239 63 73 58 53 3772 56 52 3113 55 1922
internal_value=0.00503942 0.0286967 0.0027726 0.00324552 0.000977404 0.00145083 -0.024869 0.0285178 0.0576597 0.000838353 0.0106851 0.00245122 -0.00529687 0.00346954 0.0199473 0.00365904 0.00348386 -0.00190514 0.00848378 0.00796931 -0.00560642 0.00388116 0.00550989 0.00302917 -0.03218 0.0092003 0.0171891 0.00569952 9.5187e-07 0.00819835 0.0394881 0.00119917 -1.36293e-05 0.0194916 -0.000448337 0.00122043 -0.00345906 -0.0157915 -0.00154668 0.00852657 -0.00109675 -0.00483144 0.00663462 0.0256261 -0.0210511 -0.00129277 0.0120776 -0.00861638 0.00773527 -0.0185562 -0.00541498 0.0336429 -0.0521506 -0.0624099 0.0649838 -0.00631787 0.0378482 -0.0254448 -0.0394906 0.0256572 0.0300911 0.0341486
internal_weight=76170.8 6660.43 69510.4 59378.8 9156.41 8991.71 164.699 198.964 75.5311 8792.75 123.433 6962.42 1830.33 80.7847 54.0507 50222.4 48261 3313.68 870.451 1961.4 2443.22 44947.3 15436.8 29510.5 58.3481 1903.06 579.845 1323.21 10131.6 526.448 109.443 43.746 417.005 127.629 9605.19 6179.85 3425.34 550.654 4482.25 1697.6 2874.69 1938.35 936.336 62.0476 488.607 4467.64 1352.99 289.376 109.402 179.974 344.617 97.0622 83.9146 67.0664 65.6969 35.0692 1660.57 30.5668 27.6511 4999.86 739.899 894.038
internal_count=249559 26444 223115 187784 30234 29628 606 603 205 29025 398 22796 6229 263 166 157550 151541 10586 2657 6009 7929 140955 47330 93625 214 5795 1694 4101 35331 1765 313 143 1452 425 33566 21465 12101 2040 15879 5586 10061 6886 3175 196 1844 15816 4367 1027 367 660 1219 304 343 280 170 117 7603 121 104 18841 3168 3831
is_linear=0
shrinkage=0.05


Tree=43
num_leaves=63
num_cat=0
split_feature=23 30 6 0 16 9 17 16 17 15 15 20 15 0 5 16 16 17 25 7 17 0 17 15 16 15 13 15 14 4 15 17 21 5 7 17 15 15 25 9 0 16 7 0 17 16 1 13 6 9 12 19 17 27 25 20 28 28 15 0 16 32
split_gain=1516.26 69.6451 38.9681 31.2349 30.7233 29.3795 39.1257 43.9961 28.4716 25.394 34.4574 23.3287 32.3122 21.8577 30.1717 71.0474 27.9128 47.4124 37.4955 27.289 21.7146 30.5924 38.6725 30.0498 40.0146 28.7222 25.8335 20.3542 30.2919 27.8976 33.4652 25.9788 25.5447 27.193 25.404 23.4726 30.4441 28.7374 28.2437 24.537 22.8451 18.4717 33.7686 29.3092 22.3941 21.1263 18.4216 18.2494 16.3223 15.6784 12.6926 11.9729 11.0847 10.7153 10.2597 6.83651 6.94722 6.46692 5.16622 5.0215 4.10822 6.08422
threshold=1.0000000180025095e-35 45.000000000000007 11.500000000000002 3.5000000000000004 35.612500000000004 348550.00000000006 27.858000000000004 24.260000000000002 23.089000000000006 7.1915000000000004 7.3375000000000012 45.000000000000007 2.9585000000000004 1.0000000180025095e-35 2.5000000000000004 14.948000000000002 12.2385 4.8145000000000007 9.5000000000000018 233.50000000000003 21.107000000000003 1.5000000000000002 36.800000000000004 6.8955000000000011 13.826000000000002 6.7455000000000007 228741.11500000002 4.6275000000000004 1616962.8835123056 1.0000000180025095e-35 2.8365000000000005 6.3660000000000005 1.0000000180025095e-35 1.5000000000000002 224.50000000000003 5.956500000000001 5.5265000000000013 6.9765000000000006 5.5000000000000009 295450.00000000006 1.5000000000000002 20.849000000000004 340.50000000000006 1.0000000180025095e-35 14.522500000000003 20.485500000000005 1.0000000180025095e-35 298532.1783333334 14.500000000000002 265450.00000000006 -0.00053376426432199988 75.000000000000014 11.511500000000002 209948.73500000002 18.500000000000004 45.000000000000007 1477992.2313264806 196372.98000000004 7.4730000000000016 2.5000000000000004 8.4990000000000006 1.0000000180025095e-35
decision_type=2 2 2 2 2 2 2 2 2 2 2 2 2 2 2 2 2 2 2 2 2 2 2 2 2 2 2 2 2 2 2 2 2 2 2 2 2 2 2 2 2 2 2 2 2 2 2 2 2 2 2 2 2 2 2 2 2 2 2 2 2 2
left_child=2 55 3 13 5 11 8 -8 -7 -6 53 47 -13 14 16 19 17 -1 -18 -16 23 22 -22 25 -25 -15 -23 28 29 30 40 35 33 -31 -32 36 39 -38 -37 -29 -4 45 44 -44 -43 49 -34 -5 -40 -33 -12 57 -17 -11 -30 58 -57 -3 60 -47 61 -2
right_child=1 51 27 4 9 6 7 -9 -10 10 50 12 -14 20 15 52 18 -19 -20 -21 21 26 -24 24 -26 -27 -28 31 54 32 34 41 46 -35 -36 38 37 -39 48 -41 -42 42 43 -45 -46 59 -48 -49 -50 -51 -52 -53 -54 -55 -56 56 -58 -59 -60 -61 -62 -63
leaf_value=-0.0074221640915992223 0.02098690747208171 0.028619084314931265 -0.037651009458150891 0.0013706406070711418 -0.065903554055916608 -0.0043047953336732541 0.030684553148298089 -0.046689653832442571 -0.02884372101454228 -0.0034573850369971309 -0.050729573460847603 0.02321137449680484 -0.0089285037189027246 0.0024118668505042017 -0.085917890134306438 0.050398751693474166 -0.014906988398339703 0.016974245389237228 0.0070026943525394823 -0.021899757472462131 0.014530686921603867 0.0067561568611439584 -0.03405874853421488 0.00512267701238332 -0.0071840952243971273 0.011702792508760725 -0.00069740556789732509 -0.0056597832732111679 0.016134174937701622 0.011380335484040553 0.0022505950621268755 0.0016174672442773848 -0.053060578748583699 -0.012885290408446649 0.017520618425819017 0.026875134834935272 0.013904778806332599 -0.021331918664131921 -0.015468931424016886 -0.041384556390400257 0.0019541836517748372 -0.018561176744393379 -0.027220496323730744 0.023415051231836154 0.010147797333777147 -0.012801896572014141 -0.008893469307265818 0.0062606605208466023 -0.058696234147265158 0.01135850056205394 -0.00092512407837211342 0.041447488829313935 0.010593293430909576 0.040566068644491041 0.059822439553059416 0.029741031548759535 -0.008485339757642249 0.037082417495226686 -0.002110814420119051 -0.048573778605370245 0.025555888959713835 0.028498834550876047
leaf_weight=236.20737062394619 1471.4942774474621 449.07412426918745 42.889795333147049 15306.950717508793 26.987182900309563 2430.7690359354019 135.78332582116127 21.247073292732239 124.24826151132584 30.412533596158028 46.852586910128593 85.923195838928223 870.26239474117756 28779.974568635225 19.031767711043358 35.820681065320969 234.36618484556675 1269.3940356075764 1170.7587115168571 132.81860588490963 1122.3809171766043 2862.2253644168377 42.501055613160133 1039.8226183503866 1810.5738149285316 856.59901791810989 1957.5975263416767 297.89880688488483 20.511891975998878 483.51144073903561 339.4806802123785 1445.8390774875879 28.008729338645935 151.67245262861252 1377.8528330028057 20.868584260344505 364.96450220048428 68.764761120080948 42.156210467219353 57.310977950692177 241.02644345164299 111.75123180449009 30.394496738910675 478.20684899389744 173.20782123506069 17.851203978061676 150.27720069885254 2179.6356771588326 45.307738199830055 578.29798844456673 17.597195625305176 741.42096787691116 34.176439747214317 25.338171854615211 38.968142047524452 763.71762680262327 12.073597125709055 453.79788593202829 18.816586658358574 21.780164703726768 2285.565141633153 330.00266544520855
leaf_count=754 5543 1977 146 51874 115 8772 393 86 473 104 200 263 3013 91000 79 87 744 3589 3453 444 3228 8783 149 3328 6113 2605 6147 968 58 1409 1042 4353 102 485 3872 59 1093 244 137 211 747 369 98 1306 508 55 468 7318 169 1689 67 3772 98 76 92 3309 56 1974 69 80 8527 1217
internal_value=0.00479538 0.0278393 0.00263268 0.00224845 0.000691405 0.000849794 -0.00400926 0.0202154 -0.0054981 -0.0220733 -0.0122326 0.00156433 -0.0060404 0.00304568 0.00706196 -0.0107123 0.00841666 0.0131468 0.00334829 -0.0299233 0.00271866 0.00548629 0.0127579 0.00220881 -0.00269459 0.00268041 0.00372885 0.00627898 0.00944565 0.00869947 0.0118731 0.00385485 0.0008919 0.00558607 0.0145021 -0.00356706 -0.000570343 0.00831825 -0.0253909 -0.0114238 -0.00402877 0.00618551 0.0126686 0.020389 -0.00111088 0.00369262 -0.0158321 0.00198016 -0.0378614 0.00440049 -0.0371311 0.0367392 0.0309635 0.0165509 0.0447564 0.0248415 0.0291461 0.0328729 0.0240282 -0.032461 0.0241485 0.022363
internal_weight=76061 6525.96 69535.1 62906.3 21302 21154.8 2712.05 157.03 2555.02 147.188 120.2 18442.8 956.186 41604.2 3132.57 221.847 2910.73 1505.6 1405.12 151.85 38471.7 5984.7 1164.88 32487 2850.4 29636.6 4819.82 6628.8 2874.2 2814.72 2001.25 3754.6 813.47 635.184 1717.33 897.272 788.939 433.729 108.333 355.21 283.916 2857.33 793.56 508.601 284.959 2063.77 178.286 17486.6 87.4639 2024.14 64.4498 1644.29 69.9971 55.7507 59.48 4881.67 775.791 902.872 4105.88 39.6314 4087.06 1801.5
internal_count=249559 26444 223115 203355 72754 72192 9724 479 9245 562 447 62468 3276 130601 9248 708 8540 4343 4197 523 121353 18307 3377 103046 9441 93605 14930 19760 8421 8271 5807 11339 2464 1894 4914 2881 2516 1337 365 1179 893 8458 2281 1404 877 6177 570 59192 306 6042 267 7723 185 180 150 18721 3365 3951 15356 135 15287 6760
is_linear=0
shrinkage=0.05


Tree=44
num_leaves=63
num_cat=0
split_feature=22 33 6 10 10 9 15 16 17 9 15 15 15 5 3 16 16 29 17 4 16 29 17 29 15 10 5 10 9 17 8 16 17 10 15 17 17 3 9 10 12 8 15 9 17 15 15 13 5 9 20 9 22 28 28 15 0 10 29 10 11 15
split_gain=1406.07 71.1178 37.128 33.4396 37.9565 24.769 52.5736 36.0342 23.159 43.6224 44.5118 80.4816 62.825 33.5937 23.2431 42.8233 32.0172 26.1027 25.9002 24.9424 21.1496 17.7881 16.8607 25.7479 19.4103 30.2218 30.9033 46.1919 43.8544 26.0069 73.2767 70.2371 42.704 40.7789 36.6927 20.1765 47.9227 16.6677 65.6696 16.3728 16.197 16.0968 15.885 15.0218 14.8058 31.8897 19.6295 13.2585 20.0807 11.3465 10.6372 7.45939 6.50175 6.99903 5.84292 4.92786 5.69054 7.84582 8.73321 5.04504 7.83896 5.59505
threshold=1.0000000180025095e-35 1.5000000000000002 1.5000000000000002 0.96140661720286025 0.92377850063357558 105950.00000000001 5.6545000000000014 15.512 3.7115000000000005 78550.000000000015 2.7245000000000004 2.5885000000000002 2.8555000000000006 1.5000000000000002 1.5000000000000002 17.391500000000004 14.732500000000002 574080.81500000006 3.8100000000000005 1.5000000000000002 6.4890000000000017 72564.085000000006 36.185000000000009 148589.43500000003 6.3885000000000014 0.99018879460651421 1.0000000180025095e-35 0.97387615358186752 405750.00000000006 27.564000000000004 133472.345 12.151000000000002 26.851500000000005 0.98068474780360093 5.884500000000001 27.177500000000006 29.273500000000002 1.5000000000000002 218450.00000000003 0.98701659019943599 -0.0032898680162729496 482488.99000000005 3.7935000000000003 84450.000000000015 2.8085000000000004 3.2505000000000002 3.3875000000000006 214873.61833333335 1.0000000180025095e-35 113950.00000000001 75.000000000000014 59850.000000000007 1.5000000000000002 1477992.2313264806 196372.98000000004 7.2810000000000015 4.5000000000000009 0.95165545401493945 206076.96500000003 0.98244330216909148 -171.6850000000122 7.3855000000000013
decision_type=2 2 2 2 2 2 2 2 2 2 2 2 2 2 2 2 2 2 2 2 2 2 2 2 2 2 2 2 2 2 2 2 2 2 2 2 2 2 2 2 2 2 2 2 2 2 2 2 2 2 2 2 2 2 2 2 2 2 2 2 2 2
left_child=2 52 3 4 40 6 7 -6 9 13 11 -11 -12 20 18 16 -16 -17 42 -20 -5 -8 24 -24 29 26 28 -28 -26 32 49 -32 34 -34 -4 43 -37 41 -39 47 44 -7 -10 -27 46 -46 -1 -25 -49 -31 54 -15 55 -54 -3 56 -2 -58 -59 -57 61 -61
right_child=1 50 22 8 5 37 21 -9 14 10 12 -13 -14 51 15 17 -18 -19 19 -21 -22 -23 23 39 25 35 27 -29 -30 30 31 -33 33 -35 -36 36 -38 38 -40 -41 -42 -43 -44 -45 45 -47 -48 48 -50 -51 -52 -53 53 -55 -56 59 57 58 -60 60 -62 -63
leaf_value=0.056296644386738627 0.024303402195410603 0.028295090144027143 0.004065163436729159 0.0057342203966014096 0.0097390154925834742 -0.004521834667119049 -0.057056722021257389 0.053538108768322712 0.019306004952247737 0.012387246788714865 0.022785139667732268 -0.030839386988424422 0.00011825285994317099 -0.021154902782007913 -0.00018598072961408926 0.005376456294563456 -0.011323067852255196 0.036228000489547593 0.0026585817369157443 0.0070352687156229167 -0.02957261552641112 -0.010167661346679506 0.05767235701815894 -0.013172270554637475 0.0086803186172004273 0.019589611963940358 -0.015165588437655423 0.0029586377632812673 -0.019255982268376222 0.0099536054200858419 -0.04427260637550888 0.0064346075867742812 0.0050850140188350035 0.08807230110537928 0.010945679291524645 0.037036686114170748 -0.01720013229672784 0.0012589654078667255 -0.026985054350793399 -0.02520672419990426 -0.035783445278435667 0.019968942785784961 0.070665399264505629 -0.013035986262166347 -0.01232327146614102 0.019555443965351055 0.0017251369180405049 0.053621944345346728 -0.0042363851781412271 0.041954437879675122 0.040733674279355037 -0.064746530145641523 0.0290672396628638 -0.0096754693416082459 0.036584582371771618 0.027705489698830382 0.036752666634379767 0.021972069675964313 0.0076844120308207546 -0.027262859637137683 0.020260770792872654 0.0077074214766929619
leaf_weight=40.95112045109272 3456.3377641290426 422.43587009608746 15233.210976570845 89.862104833126068 210.26512503623962 2181.5254466533661 25.987423345446587 60.463115751743317 86.78686985373497 171.17580039799213 322.31370161473751 290.28753806650639 5928.9721954911947 12.570478856563566 7274.773006811738 2531.8750577121973 708.14462421834469 70.46824412047863 21191.984624177217 3846.0527364909649 80.333047434687614 91.24708491563797 36.100875034928322 22.578466206789017 2153.5478610545397 37.353734567761421 480.16424570977688 1312.4664337486029 150.28347992897034 54.108679443597794 153.9131745249033 122.76069830358028 28.987436428666115 30.251981288194656 2220.0475801825523 77.022925853729248 86.430269226431847 435.97589573264122 389.81521707773209 26.516166642308235 17.678954690694809 69.221555337309837 18.215112015604973 635.95510619878769 117.60493341088295 235.62311314046383 27.574116230010986 39.121545895934105 24.31836861371994 56.754506036639214 717.30863058567047 44.750894129276276 696.20113293081522 11.855808459222315 427.90274197608232 50.334959536790848 53.37611111998558 278.3802295923233 173.68008187413216 19.54811093211174 61.934572473168373 27.568724602460861
leaf_count=106 13117 1909 47119 299 651 7333 103 152 274 561 1003 1082 20157 51 23961 7986 2391 192 68337 12140 306 306 83 71 6544 108 1628 4098 515 155 552 360 87 63 6697 208 284 1438 1420 90 64 220 44 2162 407 704 92 93 76 143 3772 199 3113 55 1922 189 198 1059 688 84 233 105
internal_value=0.0045633 0.0269961 0.00250016 0.00168867 -0.00274067 -0.00449652 0.00740878 0.0195209 0.00209393 -0.000549053 0.000180729 -0.0148048 0.00128695 -0.0220809 0.00260733 0.000641845 -0.00117392 0.00621188 0.0034348 0.00333088 -0.0109308 -0.0205616 0.00414465 0.0209303 0.00403538 0.00125846 0.00302719 -0.00189602 0.00685798 0.0048007 -0.00801095 -0.0217737 0.00508421 0.0474644 0.00494036 -0.00740054 0.00835751 -0.00599782 -0.0120736 0.00914347 0.0111025 -0.00376862 0.0282155 -0.011226 0.0130679 0.00894164 0.0343374 0.0197323 0.0314432 0.0263359 0.0362493 -0.055187 0.0239924 0.0284185 0.0324665 0.023232 0.0235788 0.0186234 0.0164828 0.0146119 0.00856833 -0.00680126
internal_weight=75951.3 6396.86 69554.4 46572.5 3903.93 3464.5 387.963 270.728 42668.6 6940.27 6712.75 461.463 6251.29 227.517 35728.3 10585.3 7982.92 2602.34 25143 25038 170.195 117.235 22981.9 148.635 22833.3 4933.22 4096.46 1792.63 2303.83 17900 387.537 276.674 17512.5 59.2394 17453.3 836.762 163.453 3076.54 825.791 112.535 439.432 2250.75 105.002 673.309 421.753 353.228 68.5252 86.0184 63.4399 110.863 1567.65 57.3214 4829.22 708.057 850.339 4121.16 3961.77 505.436 452.06 159.386 109.051 47.1168
internal_count=249559 26444 223115 151979 12996 11623 1212 803 138983 23658 22803 1643 21160 855 115325 34530 26352 8178 80795 80477 605 409 71136 413 70723 15547 12785 5726 7059 55176 1210 912 53966 150 53816 2762 492 10411 2858 330 1373 7553 318 2270 1309 1111 198 240 169 298 7603 250 18841 3168 3831 15673 15062 1945 1747 611 422 189
is_linear=0
shrinkage=0.05


Tree=45
num_leaves=63
num_cat=0
split_feature=23 19 6 0 21 7 18 29 16 29 13 13 9 10 7 16 16 14 0 28 16 17 7 17 1 5 25 9 16 16 4 9 1 16 29 20 25 2 18 9 16 17 17 0 20 10 3 17 17 14 6 16 11 16 16 6 9 29 5 3 29 0
split_gain=1354.37 68.5756 44.7917 35.5841 27.0874 26.101 28.7738 39.0821 38.3627 37.2216 27.9776 25.9535 25.5027 38.364 28.1204 26.4537 50.0378 37.1587 25.2607 24.5981 23.6505 20.6457 20.2232 38.8561 27.0347 26.2374 22.7692 19.2702 37.6165 58.5914 31.515 31.3591 46.1154 25.2033 18.8659 18.5235 30.6323 17.784 22.3306 26.8126 26.0014 21.3696 22.0465 21.009 16.7693 15.4815 15.4339 13.0189 31.7671 17.3156 17.2984 16.8086 15.3686 32.734 21.3083 18.0044 15.2985 13.0303 11.5714 11.327 10.9732 9.57771
threshold=1.0000000180025095e-35 45.000000000000007 8.5000000000000018 2.5000000000000004 1.0000000180025095e-35 229.50000000000003 13.500000000000002 105745.88000000002 21.251000000000001 207080.09000000003 95029.740000000005 665291.64000800357 195850.00000000003 0.94431916053725606 238.50000000000003 17.920000000000005 14.199000000000002 198.75387470925463 3.5000000000000004 192425.49500000002 35.612500000000004 7.2870000000000008 178.50000000000003 21.576500000000003 2.5000000000000004 2.5000000000000004 61.000000000000007 158750.00000000003 8.0235000000000003 10.696500000000002 1.0000000180025095e-35 156650.00000000003 1.0000000180025095e-35 5.8520000000000012 131929.00000000003 75.000000000000014 7.5000000000000009 1.5000000000000002 9.5000000000000018 391350.00000000006 31.340000000000003 7.0115000000000007 5.4130000000000011 4.5000000000000009 75.000000000000014 0.9264383580245088 2.5000000000000004 7.8265000000000002 7.2425000000000006 108.28394258473263 13.500000000000002 7.6070000000000002 -637.07999999998708 5.1415000000000015 9.2030000000000012 15.500000000000002 494000.00000000006 202123.24500000002 1.5000000000000002 2.5000000000000004 75196.775000000009 1.5000000000000002
decision_type=2 2 2 2 2 2 2 2 2 2 2 2 2 2 2 2 2 2 2 2 2 2 2 2 2 2 2 2 2 2 2 2 2 2 2 2 2 2 2 2 2 2 2 2 2 2 2 2 2 2 2 2 2 2 2 2 2 2 2 2 2 2
left_child=2 61 3 22 5 6 8 10 18 -10 -8 -9 20 14 19 16 -15 -17 -4 -14 35 -22 23 24 25 -1 -25 31 30 -30 -29 33 -33 -24 -23 45 -37 38 39 -7 -40 42 -39 -43 -3 -5 -26 48 49 50 -6 -50 53 55 -55 -49 60 -51 -16 -28 -54 -2
right_child=1 44 4 12 47 37 7 11 9 -11 -12 -13 13 15 58 17 -18 -19 -20 -21 21 34 27 26 46 -27 59 28 29 -31 -32 32 -34 -35 -36 36 -38 41 40 -41 -42 43 -44 -45 -46 -47 -48 52 51 57 -52 -53 56 54 -56 -57 -58 -59 -60 -61 -62 -63
leaf_value=-0.0009866610859604651 0.028003411906505671 0.030692324996642102 0.006097808230653548 0.014604563664216598 -0.072576613664721845 -0.001125124508459988 0.027104977931067323 0.0022533152103557637 -0.050379225599543866 -0.0019304071218577926 0.09928206202979728 0.064127694584141165 -0.042441606662034545 4.0795008914319585e-05 -0.030344239747932246 -0.0066242467697580562 -0.0091547191832325927 0.0056141155877240017 -0.0068663879127300285 -0.0058470747214341709 -0.071525959390690674 -0.032770171393962516 -0.0034378187156558662 -0.0036826868483569673 0.012624892982876505 -0.062148884756852124 0.039290295272257456 0.009694705745966134 -0.0085220150890339529 0.0037122586403661919 0.0012669436755851854 0.033205029758027589 -0.033271754969175921 0.0033499597272360956 0.011746908868993076 0.017258862884239227 -0.0089668888095687359 -0.0042840430993870528 0.015096153119756948 0.022619459147869992 -0.022628718004647164 0.010581589801705435 0.029427339734343246 -0.00022687690861339328 0.040075720192282588 0.0024282563090803934 0.048843471672495378 -0.038001257348412892 -0.012729952164123379 0.0052137257969353803 -0.00088361533877856491 -0.073819716457011283 -0.026026648890194456 0.045768708044500457 0.011851799382851198 0.01622462095049218 0.045109082218254271 -0.007585518039510475 -0.078513858922126339 0.080849901369016305 0.00098634205075229134 0.021563617797497697
leaf_weight=245.09774661064148 698.23059685528278 1521.3910993859172 1112.6221563071012 265.03114019334316 17.096672594547272 1318.1618510186672 37.372376844286919 211.57679818570614 72.552172511816025 87.398800477385521 20.953951150178909 18.42359547317028 49.280492588877678 12495.303326740861 52.507233828306198 753.69504284858704 1678.0801042765379 3502.5981258749962 567.3445812612772 673.57980231940746 16.986428931355476 50.282340347766876 1892.4588891267776 27.19459693133831 243.35315831005573 18.885671362280846 78.693041771650314 3995.0367839187384 1135.686030998826 7076.3943415433168 1535.6423461139202 32.331471338868141 135.10393367707729 4930.3987670689821 45.186870932579041 131.61797343194485 722.8020968735218 60.351139187812805 595.33219228684902 130.67777259647846 49.470797881484032 3275.1481941193342 246.94033704698086 521.12850284576416 693.03555103391409 17376.09964941442 33.457915395498276 39.100762695074081 21.187767043709755 431.26093792915344 16.566963732242584 24.030713871121407 39.052836090326309 73.017553046345711 126.59512197971344 25.155647784471512 19.120656073093414 368.98523610830307 16.349593460559845 20.709733366966248 1007.0345115214586 3335.7180821672082
leaf_count=743 2671 6978 3306 825 69 4155 103 669 263 270 41 44 186 42521 201 2555 5794 11238 1896 2332 74 194 6042 82 706 71 201 12135 3694 21717 4822 89 473 15248 152 399 2449 188 1772 377 167 9344 657 1646 3762 57030 84 137 69 1309 53 93 129 184 363 72 47 1180 71 44 3011 12906
internal_value=0.00425799 0.0265592 0.00226058 0.00172629 0.00526482 0.00657063 0.00179333 0.0164797 -0.000508115 -0.0239063 0.0530349 0.0072096 0.000804517 -0.00047282 -0.0112502 -9.83616e-06 -0.00104792 0.00344697 0.00171965 -0.00834188 0.00212396 -0.0207364 0.0033557 0.0119226 0.00608541 -0.00536228 0.0368578 0.00307994 0.00416709 0.00202033 0.00735466 0.000942611 -0.0204352 0.00146723 -0.0116996 0.00226295 -0.00492698 0.00821125 0.00446138 0.00101651 0.0122018 0.0101244 0.0228065 0.00909787 0.033629 0.00261119 0.0170026 0.000341616 -0.00437887 -0.00216561 -0.0372942 -0.0451952 0.00346402 0.0142668 0.0242585 -0.0167724 0.000787998 -0.000687873 -0.0417818 0.0479489 -2.21148e-05 0.0226783
internal_weight=76011.9 6248.38 69763.5 59229.8 10533.7 8325.46 2128.24 288.327 1839.92 159.951 58.3263 230 37829.4 19221.4 791.717 18429.7 14173.4 4256.29 1679.97 722.86 18608 112.456 21400.4 667.392 540.794 263.983 126.597 20733.1 13742.8 8212.08 5530.68 6990.29 167.435 6822.86 95.4692 18495.6 854.42 6197.21 2093.64 1448.84 644.803 4103.57 307.291 3796.28 2214.43 17641.1 276.811 2208.21 879.128 833.91 33.6636 45.2185 1329.08 263.869 199.613 64.2564 1065.21 800.246 68.8568 99.4028 1046.09 4033.95
internal_count=250103 26317 223786 192172 31614 24898 6592 857 5735 533 144 713 126021 64898 2790 62108 48315 13793 5202 2518 61123 420 66151 1931 1604 814 327 64220 42368 25411 16957 21852 562 21290 346 60703 2848 18306 6471 4532 1939 11835 845 10990 10740 57855 790 6716 2773 2611 122 162 3943 756 547 209 3187 2489 272 245 3140 15577
is_linear=0
shrinkage=0.05


Tree=46
num_leaves=63
num_cat=0
split_feature=22 22 6 0 21 7 17 18 9 17 15 14 2 17 3 15 15 15 7 28 15 9 18 1 9 15 28 1 17 17 25 29 9 25 18 29 15 7 20 17 10 25 3 9 29 17 25 24 2 17 15 9 0 8 8 17 28 25 8 12 0 7
split_gain=1254.28 66.7499 40.4179 33.7944 24.4329 23.9398 26.0188 24.8479 22.0833 32.1253 35.737 26.4495 23.8746 27.4102 23.7724 21.5447 20.4129 22.746 20.3064 23.1968 47.72 41.5824 40.8663 35.4362 26.57 21.5548 19.2305 18.3775 30.6067 62.1849 37.4078 19.1057 33.7547 30.2804 17.8826 36.9292 25.1998 17.4525 16.6795 14.9886 23.3966 28.8141 22.895 23.6701 18.0583 14.7817 12.0336 19.8517 15.2633 19.1221 13.9123 13.2989 37.2213 23.1513 15.7294 18.6484 14.074 11.1433 10.4986 9.36543 9.10722 7.92268
threshold=1.0000000180025095e-35 1.5000000000000002 8.5000000000000018 4.5000000000000009 1.0000000180025095e-35 340.50000000000006 25.072500000000002 1.5000000000000002 391350.00000000006 5.3595000000000015 3.7245000000000004 3057575.2057118495 3.5000000000000004 5.3595000000000015 2.5000000000000004 6.0810000000000004 2.8365000000000005 3.6415000000000002 178.50000000000003 168404.09000000003 3.0505000000000004 167750.00000000003 11.000000000000002 4.5000000000000009 179650.00000000003 2.7245000000000004 352791.00500000006 3.5000000000000004 10.882000000000003 7.8265000000000002 7.5000000000000009 223135.89000000004 254150.00000000003 15.500000000000002 3.5000000000000004 246998.24500000002 7.4195000000000002 353.50000000000006 75.000000000000014 15.190500000000002 0.97262567995324656 18.500000000000004 2.5000000000000004 376200.00000000006 64192.935000000005 14.684000000000003 4.5000000000000009 1.0000000180025095e-35 1.0000000180025095e-35 5.5215000000000005 2.8365000000000005 380300.00000000006 4.5000000000000009 544640.85000000009 307761.70000000001 8.3500000000000032 285365.45500000007 11.500000000000002 167202.61000000002 -0.0011707853874733996 1.5000000000000002 232.50000000000003
decision_type=2 2 2 2 2 2 2 2 2 2 2 2 2 2 2 2 2 2 2 2 2 2 2 2 2 2 2 2 2 2 2 2 2 2 2 2 2 2 2 2 2 2 2 2 2 2 2 2 2 2 2 2 2 2 2 2 2 2 2 2 2 2
left_child=2 60 3 18 5 6 34 58 11 10 37 12 13 -5 -14 -12 -11 -18 19 21 25 22 -1 -22 -23 -21 -9 31 29 -29 -30 33 -33 -20 35 -4 -36 -10 -3 40 41 -7 44 -44 -41 -42 51 48 59 -50 -49 54 53 -53 56 -56 -6 -52 -8 -48 -2 -62
right_child=1 38 4 8 46 39 7 26 9 16 15 -13 14 -15 -16 -17 17 -19 27 20 23 24 -24 -25 -26 -27 -28 28 30 -31 -32 32 -34 -35 36 -37 -38 -39 -40 42 45 -43 43 -45 -46 -47 47 50 49 -51 57 52 -54 -55 55 -57 -58 -59 -60 -61 61 -63
leaf_value=0.011757711869177637 0.027139209206307881 0.029866039339810121 0.0030803992453934123 0.0022498270328499223 0.0021698188349958125 -0.00021324098818113611 -0.019265175649082037 0.00085386381666402314 -0.039679916187049476 0.057232597376557531 -0.05085010150309538 0.062979520814711365 0.0066949723887922393 -0.0045962124337627737 -0.015335941000370043 -0.0043789165740195949 -0.035750333086301503 -0.00070468656890024467 0.0063246369339200886 0.0082652101008415923 0.012797070404842792 -0.045836286693142429 -0.022403170729587699 0.047584673624055773 0.022934668616503687 -0.044878257460390487 -0.045395763880326817 0.0031415449783535193 -0.0097453701934576472 0.014317759226917803 0.002450117977034877 -0.0051196163242666678 0.0012012794231258323 0.0014290856463470014 7.003166722142856e-05 0.02468839408110643 0.057007260516650241 0.01178284278346065 0.039364182358293448 0.047535639180274834 0.0042633143696334721 0.015875086604328622 0.022832980578871388 0.080938722903427074 0.0093272069235127691 -0.018185907965472477 -0.038753820436015961 -0.049788481599329679 0.025087832167380461 0.00043440588301249549 -0.0058953053505780952 0.018797709475653852 0.082579258553657303 -0.041317385871325378 -0.048698516425104005 -0.0023491678539424581 0.025192199870767484 -0.027647067843800763 -0.071258152784534942 0.0034541203727055771 0.026064228867324287 0.019655717887086921
leaf_weight=464.1821151226759 684.78861417621374 1486.2143615484238 686.38319028913975 2354.649266898632 909.46074263751507 378.68705749511719 16.57479752600193 149.93133357167244 21.561685219407082 13.896759033203123 110.80386500060558 16.392557337880135 1463.9583852142096 3857.0904142707586 133.62351067364216 32.185595512390137 51.382857993245125 467.99834378063679 3723.4186539947987 31.173584148287773 796.24042113125324 69.047657713294029 107.89858190715313 80.616139337420464 17.631406784057617 49.184367343783379 26.439212843775749 4991.5872259885073 712.69918732345104 1658.0371096134186 5340.5388485789299 2757.2049106806517 9027.464394107461 20823.21136111021 1641.0285056084394 277.74809354543686 19.666111543774605 69.82498474419117 670.85147759318352 31.637526616454124 2408.2716410905123 1049.9086116403341 150.59314467012882 19.835298910737038 1371.6693419963121 75.629629254341125 34.203403517603874 22.873561054468155 96.750391498208046 420.51429110765457 335.47556184232235 83.970719128847122 19.527012050151825 19.790478587150574 31.624226152896881 69.166336610913277 71.610152244567871 71.413420736789703 23.439590394496918 21.343857631087303 587.19363728910685 2699.2395472079515
leaf_count=1382 2671 6978 2096 8372 2749 1146 54 451 89 41 483 47 4784 13849 475 119 214 1737 11590 97 2394 253 373 205 51 180 97 15954 2279 4895 16540 9244 29389 66884 5135 783 51 252 3762 76 7324 2992 406 42 3906 246 127 85 268 1274 1043 230 45 68 115 208 197 240 93 67 2306 10600
internal_value=0.00405164 0.0257396 0.0021469 0.00163944 0.00500051 0.00624032 0.00251503 -0.0141497 -0.00125977 -0.00935259 -0.0247813 -0.000465918 -0.000599096 -0.00200112 0.00485228 -0.0403899 -0.00257164 -0.00417178 0.00213133 0.00764611 0.0126158 0.000424937 0.00531472 0.0159954 -0.0318476 -0.0242621 -0.00607929 0.00194958 0.0035866 0.00592826 0.00101424 0.00137722 -0.000277592 0.00217168 0.00388884 0.00930526 0.000744288 -0.000359232 0.03282 0.00816957 0.00651207 0.0116104 0.0122903 0.0295956 0.0101886 0.00357978 0.000324017 -0.00372321 0.00237101 0.00504564 -0.0118459 0.00369094 0.01925 0.0073319 0.00191785 -0.0168918 0.00385026 -0.00971298 -0.0497216 -0.0225356 0.0218937 0.0208007
internal_weight=75907 6128.29 69778.7 59243.5 10535.2 8327.44 2841.21 216.385 8593.37 767.654 234.376 7825.71 7809.32 6211.74 1597.58 142.989 533.278 519.381 50650.1 1615.97 957.215 658.76 572.081 876.857 86.6791 80.358 176.371 49034.2 12702.9 6649.62 6053.24 36331.3 11784.7 24546.6 2624.83 964.131 1660.69 91.3867 2157.07 5486.23 3912.5 1428.6 1573.74 170.428 1403.31 2483.9 2207.72 1002.57 572.812 517.265 429.763 1205.15 123.288 103.761 1081.86 100.791 981.071 406.889 40.0144 55.5473 3971.22 3286.43
internal_count=250103 26317 223786 192172 31614 24898 8760 695 30462 2935 943 27527 27480 22221 5259 602 1992 1951 161710 4935 2876 2059 1755 2599 304 277 548 156775 39668 20849 18819 117107 38633 78474 8065 2879 5186 341 10740 16138 11708 4138 4430 448 3982 7570 6716 3104 1736 1542 1368 3612 343 298 3269 323 2946 1283 147 194 15577 12906
is_linear=0
shrinkage=0.05


Tree=47
num_leaves=63
num_cat=0
split_feature=23 19 6 0 21 9 15 9 17 16 17 16 10 7 16 16 16 9 27 10 15 2 17 16 18 16 16 11 6 9 18 16 10 7 15 18 16 16 9 16 9 9 16 2 17 9 20 16 7 18 0 15 16 13 0 7 17 10 0 15 8 12
split_gain=1160.8 64.8461 36.5681 29.6237 28.9714 24.6697 25.1471 22.9729 30.5925 31.5457 28.1008 23.3678 35.9362 22.0149 22.2235 45.044 40.3268 37.8685 25.0334 23.8531 20.5958 19.6104 32.139 27.6967 34.866 20.5923 43.4577 49.8121 43.4586 30.2771 56.7514 21.2024 19.0819 18.3496 21.4917 18.0881 17.8547 20.0807 31.4731 29.6679 32.5778 21.1021 19.4885 17.2189 37.292 20.5595 16.56 16.5334 15.6466 30.5388 23.2973 12.8202 10.4094 8.93307 8.65038 7.51075 6.24413 5.23533 4.9854 9.28612 8.29757 7.70429
threshold=1.0000000180025095e-35 45.000000000000007 7.5000000000000009 3.5000000000000004 1.0000000180025095e-35 59850.000000000007 3.7695000000000003 348550.00000000006 27.858000000000004 24.260000000000002 21.107000000000003 35.612500000000004 0.99044121551737929 178.50000000000003 23.015000000000004 24.260000000000002 21.001500000000004 129750.00000000001 317408.00000000006 0.99007023701069719 7.4195000000000002 1.5000000000000002 7.0115000000000007 16.538000000000004 7.0000000000000009 18.880500000000005 20.149500000000003 -233.92500000000288 12.500000000000002 384300.00000000006 2.5000000000000004 13.489000000000003 0.9677091110825139 352.50000000000006 5.3045000000000009 15.500000000000002 30.585000000000004 14.877000000000001 91850.000000000015 10.325500000000002 223250.00000000003 127250.00000000001 8.8095000000000017 1.0000000180025095e-35 3.9410000000000003 153950.00000000003 75.000000000000014 19.472500000000004 223.50000000000003 18.000000000000004 4.5000000000000009 6.8520000000000012 19.758000000000006 52021.587500000009 1.5000000000000002 232.50000000000003 35.487500000000011 0.98068474780360093 4.5000000000000009 3.4815000000000005 292155.53500000009 -0.0015528001471267498
decision_type=2 2 2 2 2 2 2 2 2 2 2 2 2 2 2 2 2 2 2 2 2 2 2 2 2 2 2 2 2 2 2 2 2 2 2 2 2 2 2 2 2 2 2 2 2 2 2 2 2 2 2 2 2 2 2 2 2 2 2 2 2 2
left_child=2 54 3 13 21 6 35 11 10 -10 -9 32 -13 20 16 17 47 -16 -17 -18 43 25 23 24 -23 29 28 -28 -27 31 -31 -4 -7 -8 -35 53 37 39 52 42 -41 -40 -6 45 -45 -1 56 -15 49 -24 -50 57 -39 -5 -2 -56 -3 -38 -57 61 -61 -60
right_child=1 46 4 5 36 7 33 8 9 -11 -12 12 -14 14 15 18 19 -19 -20 -21 -22 22 48 -25 -26 26 27 -29 -30 30 -32 -33 -34 34 -36 -37 51 38 41 40 -42 -43 -44 44 -46 -47 -48 -49 50 -51 -52 -53 -54 -55 55 58 -58 -59 59 60 -62 -63
leaf_value=0.054149509263319628 0.02629067389066457 0.029345172054656352 0.0013407250985815039 0.05376350088621188 -0.00073380873431966092 -0.003220514055153537 -0.068748994331765872 -0.0040566151042194711 0.026825099605591624 -0.045063013947462573 -0.023353193720918809 0.0050496041872128425 -0.049501022398946541 0.0017841695318682679 0.042435669221209837 0.0015166165478709165 -0.00037532806735882026 0.011717008518378497 0.012093039249796322 -0.01319513453193992 0.046408217578203015 0.028179263362468732 -0.0014805763775392834 0.079984947983389162 0.00074446063350496394 0.0086430283013182174 -0.010120443257532112 0.021627710076204024 0.067804607448435264 0.050633761064478103 0.00043338531940118497 -0.010431102289388492 0.00160957529623307 -0.050387002341184921 -0.0016425755663535943 -0.034429185482710255 -0.066302792030066657 0.073483938729507287 -0.019313233153315765 -0.0037023778387233254 -0.032797638076996469 0.0079051075189796455 0.020321259237453676 -0.036162150797713011 0.0080645785308459984 0.011379380849519102 0.038652780624670376 0.0071358675142339234 0.0089568310694412619 0.037202918538350026 -0.0012044034248208987 -0.0013590566007698089 0.02648734243317389 0.003397505203077366 0.025230731276909359 0.019841680340561378 -0.0072153934730571738 -0.027830825260643684 0.005657296289824431 0.021421080693046806 0.0016831301068352335 -0.035376319888188582
leaf_weight=41.513234004378319 671.87943343818188 1440.7196127772331 1894.9555642902851 18.836466521024704 1170.8179042488337 2386.4232192933559 25.898567974567413 2134.8926954418421 125.40763267874718 17.374656349420547 206.95726348459721 62.888469666242599 58.066550314426422 29768.747875139117 124.70484612882137 3177.4180191904306 762.9488088786602 513.19752490520477 679.0431337505579 691.9054669290781 36.167007163167 291.82223922014236 929.64947494864464 18.28263147175312 192.00300596654415 64.125125393271446 273.20530956983566 225.54367177188396 60.1651781052351 84.387175440788269 169.14474621415138 479.24100655317307 14284.269917175174 37.793755918741226 56.297999113798141 15.585985735058783 17.110639810562134 20.486590802669525 80.91522079706192 270.28735445439816 149.3825680911541 593.72285060584545 121.28700877726078 50.38576976954937 882.19104325771332 86.946662202477455 649.58225635439157 1516.7034856826067 4124.9573810696602 53.982720121741295 653.45807886123657 28.478791445493698 27.731690973043442 16.528966799378395 576.53761737048626 2265.8312442749739 11.773910574615 18.301004856824875 57.184551745653152 258.26331049948931 67.074788555502892 14.29960213601589
leaf_count=108 2671 6917 5977 49 3609 8280 121 7764 366 71 797 205 265 94349 325 9883 2424 1514 2007 2341 92 783 2885 39 582 190 896 646 136 211 543 1556 48450 166 204 62 65 45 263 835 515 1741 345 181 2620 268 3762 4633 11866 146 2085 87 74 60 2306 9005 61 61 235 1018 277 65
internal_value=0.00385507 0.0249342 0.00203895 0.00151707 0.00454891 -7.24091e-05 -0.0189832 9.52919e-05 -0.00439197 0.0180773 -0.00576192 0.000759265 -0.0211384 0.00232348 0.00211779 0.00541471 0.00166521 0.0177223 0.00337891 -0.00647222 0.00930384 0.00580714 0.00744235 0.0195747 0.0172919 0.00265614 0.0108288 0.00423667 0.0372814 0.000718395 0.0171424 -0.00103547 0.000918144 -0.0314799 -0.0212217 0.0104464 -0.000242699 0.000442009 0.00742981 -0.00250883 -0.0140589 0.00464057 0.00124258 0.00803908 0.00567507 0.025201 0.0320166 0.00204362 0.00638513 0.000642413 0.00756726 -0.0263345 0.0464549 0.0302236 0.0211276 0.0200566 0.0290488 -0.0464202 0.0189363 0.0137664 0.0173517 -0.00255102
internal_weight=75805.7 6013.15 69792.5 57779.1 12013.4 19447.2 170.942 19276.3 2484.63 142.782 2341.85 16791.6 120.955 38331.9 37234.7 4494.36 32740.3 637.902 3856.46 1454.85 1097.2 9514.92 6264.16 502.108 483.825 3250.77 623.039 498.749 124.29 2627.73 253.532 2374.2 16670.7 119.99 94.0918 50.9514 2498.52 2434.63 722.856 1711.77 419.67 674.638 1292.1 1061.04 932.577 128.46 2102.08 31285.5 5762.05 983.632 4778.42 63.8904 48.2183 35.3654 3911.07 3239.19 1452.49 35.4116 2662.65 396.822 325.338 71.4842
internal_count=250103 26317 223786 187605 36181 66860 662 66198 8998 437 8561 57200 470 120745 117476 13729 103747 1839 11890 4765 3269 28541 18386 1404 1365 10155 1868 1542 326 8287 754 7533 56730 491 370 171 7640 7427 2123 5304 1350 2004 3954 3177 2801 376 10740 98982 16982 3031 13951 213 119 109 15577 12906 6978 126 10600 1595 1295 300
is_linear=0
shrinkage=0.05


Tree=48
num_leaves=63
num_cat=0
split_feature=22 19 6 1 0 9 15 17 16 17 17 17 15 13 15 27 10 28 9 12 15 17 17 13 25 6 17 14 8 18 9 16 2 18 3 17 17 9 4 9 25 17 21 17 19 15 3 14 15 18 0 10 16 17 18 15 14 6 17 27 9 17
split_gain=1073.56 62.8737 33.1306 29.5614 30.528 39.9847 43.4781 41.2394 38.6119 69.5785 61.9941 61.62 44.3012 48.274 36.9348 31.219 49.0013 33.331 29.2962 29.8703 28.3649 21.8314 48.3164 44.4604 21.338 22.3888 22.2241 25.5286 21.2618 20.1729 56.1962 30.4601 21.7032 24.3985 21.9925 18.0836 29.266 28.8224 26.5101 21.3159 17.0213 16.385 27.6824 19.3321 16.3599 15.1962 14.7296 11.9094 11.535 10.7101 8.20653 7.12362 6.93248 6.12133 5.76198 6.81337 5.66654 10.2555 5.62216 6.67158 6.95783 6.57276
threshold=1.0000000180025095e-35 45.000000000000007 8.5000000000000018 3.5000000000000004 4.5000000000000009 118650.00000000001 3.6415000000000002 10.657500000000002 14.732500000000002 23.089000000000006 22.049000000000003 29.273500000000002 7.3185000000000011 251236.86666666667 5.6995000000000013 145881.92000000001 0.93082031504033069 184849.65000000002 59850.000000000007 -0.0014799569388504498 2.5245000000000002 10.882000000000003 7.2425000000000006 81295.953333333353 9.5000000000000018 21.500000000000004 16.759500000000006 178.60004547739416 198764.68000000002 13.500000000000002 169550.00000000003 33.63750000000001 1.5000000000000002 9.5000000000000018 2.5000000000000004 14.000500000000001 14.684000000000003 100750.00000000001 1.0000000180025095e-35 71150.000000000015 11.500000000000002 12.467000000000001 8.7500000000000018 10.817000000000002 75.000000000000014 5.2855000000000008 2.5000000000000004 130.3383115759876 5.6995000000000013 13.500000000000002 1.5000000000000002 0.97652349968410757 13.735000000000001 22.303000000000001 7.0000000000000009 7.2645000000000008 231.56832019054676 5.5000000000000009 8.9570000000000025 88173.005000000019 128850.00000000001 5.5730000000000013
decision_type=2 2 2 2 2 2 2 2 2 2 2 2 2 2 2 2 2 2 2 2 2 2 2 2 2 2 2 2 2 2 2 2 2 2 2 2 2 2 2 2 2 2 2 2 2 2 2 2 2 2 2 2 2 2 2 2 2 2 2 2 2 2
left_child=2 50 3 4 8 6 7 -6 12 10 -10 -11 40 -14 -8 16 -7 -17 19 47 28 22 -22 -23 35 29 27 -27 -20 32 31 -31 34 -34 -26 39 -37 48 -39 -4 -1 43 -43 -41 53 -29 -32 -5 -38 -21 -2 58 56 -3 55 -54 57 -53 59 61 -61 -52
right_child=1 44 24 18 5 15 14 -9 9 11 -12 -13 13 -15 -16 17 -18 -19 20 49 21 23 -24 -25 25 26 -28 45 -30 30 46 -33 33 -35 -36 36 37 38 -40 41 -42 42 -44 -45 -46 -47 -48 -49 -50 -51 51 52 54 -55 -56 -57 -58 -59 -60 60 -62 -63
leaf_value=0.0045001146545816861 0.025457744281586026 0.029526985343735004 -0.051841603507907952 -0.022744979877411579 0.015672926597967554 0.046091102869466931 -0.010440371034160022 0.070410045551524331 -0.0044681407268457266 0.01793093986872615 -0.03522766921653063 -0.0052166172455032807 0.020278237564468952 -0.0063358741155092992 0.010820346430121659 0.0045156729418429171 -0.012862592220144908 -0.0049080693725629641 0.062349062613825945 0.025583843309590005 0.0027996619021056868 0.020403690174700669 0.011523985528317454 0.00061272683899529421 0.002638881902163184 0.045048935248202741 -0.054952991101862581 -0.0021109304794178266 -0.0025361693300456089 0.030914250462230553 0.0012702355353411531 -0.024537089898848275 0.0085768503561838468 -0.0017990558895517252 -0.014744322351265021 0.036243483972162448 0.014614751925607659 -0.0061566379979059518 0.013681016680169753 -0.0028489361081100494 0.0012304147469728876 -0.0016867527814084624 -0.046715714892544835 0.01509811080740303 0.037967330429828951 -0.043959283600115862 0.024542003951716698 -0.065344532654519685 0.05857811325914819 -0.017934974604748188 -0.031060763083560611 0.014428302093977352 0.036580717868217594 0.019773713281478256 0.01956527145186162 0.0020322924138574216 0.018188894491307932 -0.0045990523244664868 0.026182803064495486 0.033642111294556652 0.017729604664269719 0.016544778899676076
leaf_weight=4673.5252066254616 659.48936742544174 1240.0709818527102 22.011308744549751 32.973782926797867 231.28359515964985 36.338871374726295 388.59322439134121 40.424712374806404 3811.3523627072573 673.84555311501026 171.16291418671608 501.47045765817165 636.75932258367538 232.63159747421741 430.67753931879997 1351.5933277308941 1173.3331285119057 3068.5318500548601 35.651254341006279 30.720660984516144 5567.3503165096045 296.23661960661411 2219.7073715776205 6747.7695596367121 2118.6449784636497 21.486715331673622 26.493381515145302 70.939942330121994 19.548287868499756 375.92809283733368 623.08005201816559 26.512048557400703 3930.2463056743145 661.99777543544769 199.04579463601112 73.459060609340668 29.67214423418045 493.22040523588657 255.73042723536491 1152.1600436866283 26834.755319848657 93.726757079362869 53.6802077293396 172.51591585576534 624.45986093580723 31.248651951551437 76.323299154639244 32.654516696929932 30.01096174120903 26.190991148352623 12.818775996565821 465.10553175956011 99.351247318089008 184.85493369400501 682.38760261237621 16.664361521601677 765.56256674975157 83.536949932575226 548.88417959213257 82.098280869424343 420.84253368526697 16.691864915192127
leaf_count=14702 2671 6080 84 122 741 106 1419 97 12627 1961 614 1599 1916 796 1433 4646 4416 11286 83 88 17934 849 6695 21194 6592 58 97 223 63 1009 1946 89 11368 2026 669 194 81 1500 722 3585 86548 286 195 489 3737 116 218 136 67 101 59 1888 382 923 2743 69 3079 356 2220 321 1720 69
internal_value=0.00366798 0.0241431 0.00193653 0.00147719 0.000826886 -0.00227655 0.00648429 0.0238167 0.00138256 -0.00263534 -0.00579014 0.0080546 0.00202262 0.0131568 0.000736048 -0.00397429 -0.0110916 -0.00202646 0.00339475 -0.0209529 0.00359517 0.00346202 0.00528654 0.00144504 0.00451977 0.00573374 -0.013394 -0.00449131 0.0393707 0.00609226 0.0123753 0.0272612 0.00509038 0.00708111 0.00114599 0.00034991 0.00602671 0.00328172 0.00061696 -0.0030016 0.0017154 -0.00227132 -0.0180846 -0.000511647 0.0312191 -0.0149079 0.0038098 -0.0439411 0.0367212 0.00555629 0.0203798 0.0193313 0.017642 0.0282617 0.0213167 0.0316182 0.0154095 0.0115312 0.0226319 0.0189714 0.0203271 -0.00413403
internal_weight=75706 5902.82 69803.2 59265.1 44256.3 6720.78 1090.98 271.708 37535.5 5157.83 3982.52 1175.32 32377.7 869.391 819.271 5629.8 1209.67 4420.13 15008.8 122.54 14886.3 14831.1 7787.06 7044.01 10538.1 8161.95 150.169 123.675 55.1995 8011.78 1101.84 402.44 6909.93 4592.24 2317.69 2376.19 882.093 808.634 748.951 1494.09 31508.3 1472.08 147.407 1324.68 2049.39 102.189 699.403 65.6283 59.6831 56.9117 3853.43 3193.94 2112.61 1424.93 798.403 116.016 1314.21 548.642 1081.34 532.451 502.941 29.5106
internal_count=250103 26317 223786 192172 144907 24144 3690 838 120763 16801 13241 3560 103962 2712 2852 20454 4522 15932 47265 447 46818 46672 24629 22043 31614 24411 494 397 146 23917 3262 1098 20655 13394 7261 7203 2564 2370 2222 4639 101250 4555 481 4074 10740 339 2164 258 148 189 15577 12906 8517 7003 3194 451 5323 2244 4389 2169 2041 128
is_linear=0
shrinkage=0.05


Tree=49
num_leaves=63
num_cat=0
split_feature=23 19 1 7 18 14 27 3 29 29 3 17 18 17 17 3 16 16 16 15 15 15 17 15 16 29 17 17 17 3 17 20 13 14 17 17 17 13 5 5 12 15 25 15 16 25 3 18 17 20 27 15 14 17 7 7 16 17 14 15 15 28
split_gain=992.219 60.8413 21.165 34.8727 37.7492 36.719 39.0979 66.5919 35.2604 87.1747 36.5734 40.1382 31.5764 27.7021 56.4056 49.5584 49.541 90.2403 40.5198 26.7806 25.1972 51.6654 31.7313 24.7942 35.2368 28.1618 24.434 26.5314 23.4453 22.7409 21.85 21.3311 21.7073 20.5567 23.6782 57.489 45.6087 37.5438 36.8304 34.1051 24.9644 20.0558 50.1453 34.3903 19.735 32.6595 23.2076 17.5875 16.916 16.2385 15.3031 12.6428 9.48351 5.88056 5.47162 6.04297 8.11729 10.2722 14.1818 6.51338 8.77483 13.0225
threshold=1.0000000180025095e-35 45.000000000000007 3.5000000000000004 352.50000000000006 9.5000000000000018 729.74502923099601 122517.46500000001 1.0000000180025095e-35 229385.58000000005 242812.20000000004 1.0000000180025095e-35 3.7115000000000005 9.5000000000000018 3.5645000000000002 5.8550000000000013 1.0000000180025095e-35 12.429500000000001 11.590500000000002 12.973000000000001 2.5245000000000002 3.0125000000000006 2.7245000000000004 17.900500000000005 7.4535000000000009 14.948000000000002 160867.73000000001 8.4795000000000016 29.526000000000003 7.0115000000000007 2.5000000000000004 4.1125000000000007 75.000000000000014 83527.158333333355 126.23725076368187 10.817000000000002 14.821000000000002 7.2425000000000006 115503.94500000002 2.5000000000000004 2.5000000000000004 -0.0021367886410816996 5.5915000000000008 18.500000000000004 5.1815000000000007 29.644500000000004 8.5000000000000018 1.5000000000000002 2.5000000000000004 5.5215000000000005 75.000000000000014 198905.31500000003 3.8905000000000007 304.28430740232335 35.487500000000011 232.50000000000003 342.50000000000006 6.1225000000000014 8.7770000000000028 328.5496173903415 7.2810000000000015 7.4195000000000002 229422.285
decision_type=2 2 2 2 2 2 2 2 2 2 2 2 2 2 2 2 2 2 2 2 2 2 2 2 2 2 2 2 2 2 2 2 2 2 2 2 2 2 2 2 2 2 2 2 2 2 2 2 2 2 2 2 2 2 2 2 2 2 2 2 2 2
left_child=2 54 3 4 23 6 7 -6 13 10 12 -12 -10 16 15 -15 17 -5 -18 50 21 -7 -22 31 25 -25 28 -28 -11 -16 -8 32 -1 41 36 39 40 -37 -38 -36 -35 42 48 -44 46 -46 -43 -26 -21 53 52 -33 -4 -3 -2 56 57 58 -56 -57 61 -61
right_child=1 49 19 8 5 20 30 -9 9 26 11 -13 -14 14 29 -17 18 -19 -20 33 22 -23 -24 24 47 -27 27 -29 -30 -31 -32 51 -34 34 35 37 38 -39 -40 -41 -42 44 43 -45 45 -47 -48 -49 -50 -51 -52 -53 -54 -55 55 59 -58 -59 -60 60 -62 -63
leaf_value=0.012256959197328601 0.02375878989455282 0.027741091435788408 0.027944792199116626 -0.0019494186137781603 -0.03203374174196786 -0.055365481749322147 0.016507324822649192 0.0053101897715252732 -0.030908752468841356 -0.0019765801129246019 0.02058850247419089 -0.014203180792368129 0.025021661207682962 0.016313867974091092 0.00164278011893099 0.0023948854842986683 -0.070578641524221442 0.046809302573794509 -0.013472257289439349 -0.0050529745843407806 -0.021097944051395548 0.032838632818301676 0.0071996436056436242 0.0074504956704471966 -0.053476502827193295 0.051048317806906808 0.0027529566848772166 -0.011325608123321861 -0.012860063227802527 -0.0048482281611156378 0.0016955095313351623 0.0050921776871577333 0.0034381074952577508 -0.0012674457090170424 -0.0056077275048828888 -0.010554327301402912 0.013674045484964183 0.006941704548339471 -0.010421850728191275 0.012518786170982314 0.0057310093053924531 0.0024577556694864496 0.0014632503554150753 -0.024775433704202647 -0.038546252574199379 -2.80374336093308e-05 0.020685578254802117 0.0070101003452815117 -0.049562127656193104 0.037229868925851124 0.0031329966182298921 -0.0080228698153305324 0.075101911582660344 -0.007916626913896602 -0.057896351247278592 0.020247490771146646 0.01808933955025549 0.014606518635239749 0.00083769025707123147 0.009135459191318052 0.024223581272691509 -0.045421352289508221
leaf_weight=726.68053121864796 667.95084699988365 1377.5590234398842 20.17169001698494 2659.9248630702496 213.85608173906803 21.688680842518806 332.61491316556931 270.21462935209274 399.73122745752335 3045.7905933409929 100.96007511019707 463.38355304300785 26.935614824295044 1220.3403001278639 13588.609867960215 1343.5969880819321 33.243055194616318 98.403955712914467 473.57947920262814 28.881924465298653 524.32374849915504 70.789127036929131 122.14564870297909 63.115629032254219 18.623478189110756 89.654365286231041 4432.6188470423222 361.97216732800007 590.82233314216137 1498.1092379540205 990.27953679859638 260.43674017488956 17549.15248131752 1899.9644654542208 2515.4425814151764 333.47048857808113 2070.9701680988073 3807.9482137709856 171.73501831293106 289.34528043866158 3869.259938955307 576.941411703825 836.18374614417553 146.80412691831589 61.072540000081062 556.42303328216076 250.41531032323837 33.882035925984383 81.826697066426277 609.69900473207235 24.221866995096207 624.11612191796303 22.613283157348633 11.660361334681509 12.870267383754252 2509.4262736439705 360.68444876372814 101.328907802701 51.018501378595829 38.324535608291626 41.318681351840496 15.306423380970953
leaf_count=2181 2769 6917 56 9118 794 87 1064 887 1473 10537 331 1613 84 3807 43755 4413 139 280 1687 95 1996 211 402 198 69 237 14366 1215 2113 4961 3256 807 54771 6150 8114 1074 6123 11442 556 874 12171 1808 2655 513 218 1818 729 101 297 3762 76 2016 48 61 63 10228 1491 420 217 159 159 71
internal_value=0.00348976 0.0233665 0.00183924 0.00133449 0.00285444 -0.00286932 0.000970628 -0.0111879 0.000236716 -0.00230298 -0.0163309 -0.00797901 -0.0273778 0.0013808 0.00216344 0.00901981 -0.00284995 -0.000209941 -0.0172179 0.00334081 -0.0122592 0.0121523 -0.0157513 0.00360692 0.0208917 0.0330362 -0.000654119 0.00169008 -0.00374477 0.000998224 0.00541964 0.00342173 0.00378876 0.00321998 0.00392601 0.00178953 0.00577831 0.00553291 0.0118289 -0.00373777 0.00342623 -0.000940217 -0.00604833 -0.00245536 0.00292642 -0.00383763 0.00797475 -0.0144442 -0.0379505 0.0304273 0.0348902 -0.00416144 0.0528689 0.0274418 0.0196505 0.0187739 0.0138851 0.00470687 -0.0109942 0.0197611 0.0069064 -0.00643521
internal_weight=75610.4 5797.15 69813.3 52249.6 21911.6 2545.91 1806.97 484.071 30338 9422.21 991.01 564.344 426.667 20915.8 17650.7 2563.94 3265.15 2758.33 506.823 17563.7 738.947 92.4778 646.469 19365.7 205.276 152.77 8431.2 4794.59 3636.61 15086.7 1322.89 19160.4 18275.8 17496.7 14958.1 6946.21 8011.93 4141.42 2242.71 2804.79 5769.22 2538.55 1093.7 982.988 1444.85 617.496 827.357 52.5055 110.709 1998.92 67.0068 884.553 42.785 1389.22 3798.23 3130.28 525.902 165.218 63.8888 2604.38 94.9496 53.631
internal_count=250103 26317 223786 168969 69077 8697 6001 1681 99892 31732 3501 1944 1557 68160 56936 8220 11224 9398 1826 54817 2696 298 2398 60380 605 435 28231 15581 12650 48716 4320 59775 56952 54637 46504 21504 25000 12516 6679 8988 18321 8133 3560 3168 4573 2036 2537 170 392 10740 180 2823 104 6978 15577 12808 2191 700 280 10617 389 230
is_linear=0
shrinkage=0.05


Tree=50
num_leaves=63
num_cat=0
split_feature=22 33 6 15 1 9 7 0 9 5 18 18 13 15 9 15 10 8 15 9 11 9 3 28 28 4 9 2 14 14 15 15 15 8 3 9 9 28 14 7 9 4 13 15 2 9 0 5 4 10 9 9 8 19 0 19 28 12 10 2 6 21
split_gain=923.678 51.6516 26.5402 33.4966 27.6665 24.555 32.983 22.6635 23.5284 56.0288 47.7873 28.0824 26.4812 39.9869 24.4888 22.5605 38.6758 26.4752 22.5097 21.9585 39.0773 23.6183 20.7331 26.6262 34.6068 27.8902 22.0504 39.9509 25.8095 20.6131 21.8794 18.5777 26.3215 18.5081 26.4099 20.844 34.1449 18.1091 17.161 16.1537 15.7353 47.4061 16.0932 15.1583 13.7855 19.1982 16.4492 33.1452 14.7356 13.0403 21.6835 14.2625 12.8743 10.2498 5.79987 4.75849 5.88478 5.09927 6.65856 6.50046 10.3925 6.01048
threshold=1.0000000180025095e-35 1.5000000000000002 11.500000000000002 4.2815000000000003 3.5000000000000004 549200.00000000012 228.50000000000003 2.5000000000000004 348550.00000000006 1.5000000000000002 4.5000000000000009 9.5000000000000018 298532.1783333334 4.5695000000000006 310150.00000000006 7.4535000000000009 0.98287283074698173 166354.75500000003 2.7055000000000002 59850.000000000007 -98.39000000000668 82350.000000000015 2.5000000000000004 407702.93500000006 372273.53500000009 1.5000000000000002 116650.00000000001 2.5000000000000004 454.45472594199242 154.34900528731859 7.3375000000000012 2.7245000000000004 3.1915000000000004 78646.62000000001 1.0000000180025095e-35 108450.00000000001 131950.00000000003 622748.51500000001 1616962.8835123056 219.50000000000003 71150.000000000015 1.0000000180025095e-35 81295.953333333353 6.4225000000000003 3.5000000000000004 416900.00000000006 3.5000000000000004 1.0000000180025095e-35 1.0000000180025095e-35 0.97314122904648814 128850.00000000001 89950.000000000015 128567.99000000001 75.000000000000014 3.5000000000000004 45.000000000000007 970372.62773595203 -0.00064102993125909988 0.97672954513627419 2.5000000000000004 17.500000000000004 27.500000000000004
decision_type=2 2 2 2 2 2 2 2 2 2 2 2 2 2 2 2 2 2 2 2 2 2 2 2 2 2 2 2 2 2 2 2 2 2 2 2 2 2 2 2 2 2 2 2 2 2 2 2 2 2 2 2 2 2 2 2 2 2 2 2 2 2
left_child=2 55 4 18 7 15 37 22 12 11 -11 -10 14 -14 -9 19 -17 -18 44 20 -6 -21 26 24 -24 -25 27 -1 -28 30 49 -8 -33 34 -31 43 -37 -7 40 -36 41 -20 -42 -35 45 48 47 -46 -4 51 -51 -5 -32 -3 -40 57 -57 58 59 61 -61 -2
right_child=1 53 3 29 5 6 31 8 9 10 -12 -13 13 -15 -16 16 17 -19 38 21 -22 -23 23 25 -26 -27 28 -29 -30 33 52 32 -34 35 39 36 -38 -39 54 -41 42 -43 -44 -45 46 -47 -48 -49 -50 50 -52 -53 -54 -55 -56 56 -58 -59 -60 60 -62 -63
leaf_value=-0.0084428859780223096 0.016953045238648254 0.027378071223167419 -0.027441740468542197 0.048404210970029019 -0.049277460583912053 -0.068848934884758406 -0.026344293063504744 3.1126756655586365e-05 0.001994083401735396 -0.027643322557697525 -0.0042149728978192252 -0.010144054536334022 0.010876000866049907 9.7341452660116627e-05 -0.061647146296391425 0.04445112471380791 -0.066669373201617727 -0.011555550285875569 -0.074134929091409341 0.01302771925564229 0.0073893600173756055 0.0029156352993279814 -0.0026903155207146645 -0.012305871185136152 0.043721717991859518 -0.071466027961904502 0.0054478129794886757 0.0051660007902223143 0.00067087624668307137 -0.070397142047749398 0.013798215924869585 0.055941303025058779 0.017792564521397543 0.0094089226945207709 0.021443309741158774 -0.019637739175701642 0.0014887977319649175 0.0011604484112823011 0.023141260847198867 -0.040216431604003601 0.03995454953044153 0.040695912581500196 0.01036510920397913 0.04611094355724063 -0.012709605190436693 0.029300483081782604 -0.018526043808302004 0.070233570645060972 0.0045114867784174766 -0.0037116557656433772 0.015244887873702241 0.0056364868268742483 0.057948204987978272 0.036183790636127255 0.058305100439348889 0.024840877441371156 -0.0093074800584462287 0.024674857084896182 0.017045088086682893 0.027554549359795635 0.00016230724505596173 0.033443907695538858
leaf_weight=1089.0154338479042 624.15769403427839 744.62555988878012 115.0742104947567 37.507605761289597 54.922335311770439 15.338097229599951 18.23259425163269 23644.165536224842 2473.2705621570349 392.50774022936821 488.5904519110918 590.22213362157345 1485.1537577062845 2045.6431774049997 16.104179188609123 19.502583041787148 35.775630295276642 55.739948183298111 19.866129741072655 601.00638100504875 68.203654125332832 14727.288485333323 1402.7120070159435 77.441397026181221 41.348197862505913 26.822020813822746 8063.9943090677261 1068.3367002010345 4354.5115739554167 22.058725342154503 31.402751117944717 57.199099779129028 215.82765382528305 95.984721004962921 26.362512096762657 203.94400343298912 3073.4769775718451 23.220930725336075 23.045575737953186 17.790068656206131 47.008851796388626 16.413907662034035 2044.6695014685392 39.796925500035286 22.738352075219154 25.303897023200989 25.309840336441994 25.611573919653893 52.561565726995468 348.84226390719414 265.78803554177284 40.590406149625778 34.82206167280674 594.14410418272018 23.874776244163513 604.85822529345751 12.885015182197092 407.40167124569416 2112.5311141014099 513.83541928976774 37.128152631223202 60.620279081165791
leaf_count=3585 2631 3852 401 95 222 59 69 78753 8340 1464 1697 2218 4802 6819 65 55 153 195 79 1799 223 46191 4441 255 107 106 24687 3205 13522 86 89 152 635 283 75 674 9313 71 61 62 117 43 5891 102 70 68 85 55 162 1066 750 121 82 3788 57 3086 66 1656 8765 2139 165 245
internal_value=0.00336151 0.0226926 0.00178025 0.00477738 0.00146323 0.00326794 0.0167684 0.000856355 6.8407e-05 -0.00354028 -0.0146517 -0.000344488 0.000591917 0.00463115 -1.08541e-05 0.00298182 -0.0194773 -0.0331009 0.00944247 0.00314319 -0.0178878 0.00331212 0.00237788 -0.00312323 -0.00136139 -0.027525 0.00296223 -0.00170366 0.00377279 0.00209009 0.00955608 0.0225215 0.0257847 0.000461557 -0.0257211 0.000969463 0.000174157 -0.026688 0.0111234 -0.00340079 0.0104639 -0.0221829 0.0110301 0.0201661 -0.00427002 -0.0112952 0.0141313 0.0312265 -0.0174229 0.0069312 0.00448583 0.0261763 0.037013 0.031286 0.0410339 0.020062 0.0241286 0.0193931 0.0187504 0.0216658 0.0257086 0.0184129
internal_weight=75544.1 5712.19 69831.9 6679.85 63152.1 15892.3 329.818 47259.8 31135.7 3944.59 881.098 3063.49 27191.1 3530.8 23660.3 15562.4 111.018 91.5156 2441.48 15451.4 123.126 15328.3 16124.2 1548.32 1444.06 104.263 14575.9 2157.35 12418.5 4238.37 758.953 291.259 273.027 3479.41 66.2113 3413.2 3277.42 38.559 2174.88 44.1526 2127.96 36.28 2091.68 135.782 266.599 192.94 73.6598 48.3499 167.636 692.728 614.63 78.098 66.2248 1338.77 46.9204 4373.42 617.743 3755.67 3348.27 1235.74 550.964 684.778
internal_count=250170 26393 223777 19887 203890 49824 986 154066 104158 13719 3161 10558 90439 11621 78818 48838 403 348 7089 48435 445 47990 49908 4909 4548 361 44999 6790 38209 12798 2203 856 787 10595 223 10372 9987 130 6248 137 6130 122 6008 385 841 631 210 125 563 2032 1816 216 171 7640 118 18753 3152 15601 13945 5180 2304 2876
is_linear=0
shrinkage=0.05


Tree=51
num_leaves=63
num_cat=0
split_feature=22 33 16 17 10 17 7 17 9 9 17 9 17 8 17 17 29 10 16 7 16 14 16 13 9 7 9 27 2 9 5 7 29 18 16 11 2 1 16 13 25 10 17 8 7 17 16 0 16 29 0 6 6 5 0 10 17 7 4 17 5 6
split_gain=852.597 49.9486 24.6918 45.7423 35.3193 47.3786 65.7898 34.6557 34.1271 94.1162 72.8128 48.793 46.1291 35.1308 33.9892 41.8798 30.9839 30.2009 29.485 42.1909 41.886 29.3303 28.7425 29.984 39.7287 47.1216 41.5131 49.2218 39.5414 76.1346 60.9643 50.1926 50.276 39.122 37.903 32.2437 29.4591 34.7848 41.4871 41.283 35.7576 31.8373 28.1941 34.2865 28.1126 27.046 35.3358 49.6206 26.4294 26.4274 29.2735 25.9748 25.2271 24.9803 24.8797 22.6705 22.1951 21.2608 21.1824 13.7579 12.6902 11.1771
threshold=1.0000000180025095e-35 1.5000000000000002 5.8520000000000012 3.0140000000000007 0.96397125472448331 2.8805000000000001 347.50000000000006 2.8085000000000004 276250.00000000006 312550.00000000006 20.935000000000006 271450.00000000006 6.5970000000000004 314992.64500000008 9.1590000000000007 9.9890000000000025 123714.08000000002 0.97211831488607936 2.9745000000000004 236.50000000000003 2.7955000000000001 1208.944418757106 7.6070000000000002 245457.92333333331 211750.00000000003 167.50000000000003 191750.00000000003 171497.01500000004 3.5000000000000004 345850.00000000006 2.5000000000000004 344.50000000000006 325825.72000000003 2.5000000000000004 6.025500000000001 -261.90999999998888 2.5000000000000004 3.5000000000000004 20.257500000000004 59220.836666666677 16.500000000000004 0.91251040765244229 7.3295000000000003 266919.15000000008 341.50000000000006 8.6900000000000013 8.2235000000000031 4.5000000000000009 28.947500000000002 364278.25500000006 2.5000000000000004 15.500000000000002 13.500000000000002 2.5000000000000004 1.0000000180025095e-35 0.98422389594194215 8.7770000000000028 235.50000000000003 1.0000000180025095e-35 2.8805000000000001 1.5000000000000002 10.500000000000002
decision_type=2 2 2 2 2 2 2 2 2 2 2 2 2 2 2 2 2 2 2 2 2 2 2 2 2 2 2 2 2 2 2 2 2 2 2 2 2 2 2 2 2 2 2 2 2 2 2 2 2 2 2 2 2 2 2 2 2 2 2 2 2 2
left_child=2 -2 3 4 7 18 -7 49 11 17 12 14 -11 -12 51 -16 -8 53 20 -20 -6 -19 23 24 26 -26 27 -4 29 30 -25 32 -30 -31 -33 -27 37 38 39 -24 -40 60 44 -44 -13 46 57 -48 -43 50 -1 -5 56 -10 -28 -54 -47 -38 59 -9 -39 -51
right_child=1 -3 22 8 5 6 16 58 9 10 13 42 -14 -15 15 -17 -18 21 19 -21 -22 -23 36 28 25 35 54 -29 31 33 -32 34 -34 -35 -36 -37 45 41 40 -41 -42 48 43 -45 -46 52 47 -49 -50 61 -52 -53 55 -55 -56 -57 -58 -59 -60 -61 -62 -63
leaf_value=0.022982958569125848 0.019347687770382892 0.03051300823749839 0.0051363370411457209 0.002562692016621077 -0.0041153979588414106 0.031877335917913134 -0.01764262705310362 0.037966489854383452 0.0067635078591716177 -0.0060390219396027648 -0.069385550834571083 0.057940158754240079 0.0068893050809246143 -0.015489314165186372 -0.01484533985139906 -0.00072880236968450487 -0.067778032630774893 0.017106854426399632 -0.049101856082347801 -0.0099625372165353838 0.02785237630913559 0.046527871904238266 0.036756275982314165 -0.016638289935276909 -0.059335072633857504 0.027171337483484131 0.034971973184245671 0.023369503063670118 0.044980559873476544 0.029681600808827348 0.019153092105191616 0.050494453713798175 -0.0086928580370167052 0.002351975304781366 -0.0027515818648931496 0.007299786168271343 0.024086460077858404 -0.045050448619845529 0.0093874306105364916 -0.00039232943261097451 -0.013843411376815823 0.0042800759614146418 -0.083274041208054914 -0.023522811303526535 -0.018486861563253285 -0.036767696505510226 0.032771730847843787 -0.043343035542318116 -0.0022499326050852519 -0.053214892468971792 -0.0032248066501876223 0.018743397533231801 0.0084006791968204934 -0.04038409951967814 -0.010450426913055401 0.035370020651655849 0.0027030018821320705 -0.028033402195448434 0.060797402758374613 -0.020527823382729977 0.00077701730419483888 0.0022149422689925597
leaf_weight=147.04679320752621 4309.8962509930134 1304.9427364915609 2824.9292326420546 5658.3573155850172 1490.1971402466297 30.902042001485825 49.009804487228394 20.945970118045807 300.17970441281796 994.67485402524471 33.111299887299538 16.663962304592133 2252.3372724503279 348.0742345303297 562.66635510325432 7932.1307120621204 83.01680900156498 1018.2557157725096 75.284734115004539 806.14926643669605 110.03298631310463 92.398188844323158 75.272840842604637 891.99168814718723 19.603381350636482 501.24570600688457 32.121632099151611 425.95881599187851 161.26839244365692 181.74250787496567 137.2875898629427 36.292698159813881 59.811010375618935 468.50953242182732 422.61583861708641 344.39523941278458 29.499002903699875 48.263602912425995 198.92608076334 11586.611218333244 990.0897095054388 8348.0297091007233 32.347709909081459 93.132762059569359 43.289636045694351 35.69972737133503 244.23426923155785 23.470005959272385 1902.702649012208 30.351674094796181 386.89328269660473 259.39617483317852 1000.5030469596386 30.995219856500626 490.40805435180664 84.503308787941933 15225.046698659658 58.111329913139343 41.49319152534008 19.328199923038483 21.988540187478065 12.985472008585928
leaf_count=430 18753 7640 8916 18325 5187 90 176 62 948 3383 136 46 7112 1199 1922 25389 347 3113 295 2861 332 253 220 3114 75 1489 84 1254 416 499 431 95 194 1569 1363 1097 82 177 632 38202 3523 26177 136 330 158 123 663 92 6214 125 1342 733 2851 113 1646 214 47327 205 109 69 69 43
internal_value=0.00319775 0.0219426 0.0016908 0.000347903 -0.00509608 -0.00767691 -0.0337958 0.00526015 0.00126233 0.00479644 0.000501984 3.48965e-05 0.0029289 -0.020171 0.000362785 -0.00166383 -0.0491672 0.015603 -0.00596212 -0.0133055 -0.00191727 0.0195545 0.00234896 0.00530442 0.00763862 0.0173019 0.00542283 0.0075254 0.000715539 -0.00340297 -0.0118644 0.010888 0.0304597 0.00999048 0.00145937 0.0190785 0.00183024 0.000676432 -0.00105968 -0.00015255 -0.00995682 0.0028381 -0.0254497 -0.0389261 0.00275585 0.00343108 0.0170783 0.0260986 0.003068 0.00094498 0.0039928 0.00327195 0.00313442 0.00235088 -0.00765816 0.0105011 0.00261067 -0.0104843 0.0357252 0.00989416 -0.0307067 -0.036606
internal_weight=75457.6 5614.84 69842.8 22971.6 3303.64 2644.59 162.929 659.045 19668 5070.03 3628.2 14598 3247.01 381.186 14412.6 8494.8 132.027 1441.83 2481.66 881.434 1600.23 1110.65 46871.1 6998.18 4638.66 865.244 3773.42 3250.89 2359.52 1679.53 1029.28 679.988 221.079 650.252 458.909 845.641 39873 23171.9 12850.9 11661.9 1189.02 10321 185.434 125.48 59.9536 16701.1 355.315 267.704 10250.7 577.277 533.94 5917.75 16345.8 331.175 522.53 1085.01 15260.7 87.6103 81.7674 40.2742 70.2521 43.3371
internal_count=250170 26393 223777 74764 11468 9288 613 2180 63296 16257 11830 47039 10495 1335 46369 27311 523 4427 8675 3156 5519 3366 149013 22242 14561 2661 11900 10170 7681 5613 3545 2068 610 2068 1458 2586 126771 75214 42577 38422 4155 32637 670 466 204 51557 1042 755 32391 1940 1772 19058 50515 1061 1730 3065 47450 287 240 131 246 168
is_linear=0
shrinkage=0.05


Tree=52
num_leaves=63
num_cat=0
split_feature=23 33 6 16 16 10 28 27 16 18 28 8 18 3 12 17 17 3 16 13 18 17 1 9 10 10 14 13 13 8 1 16 16 25 0 21 8 5 12 17 17 17 17 17 9 9 17 17 17 17 13 0 6 27 17 9 10 0 0 10 8 19
split_gain=786.365 48.1965 23.3416 24.1243 41.848 33.4382 32.4957 38.8325 30.9139 44.5533 40.5601 31.9073 56.5824 24.3823 25.5132 23.8067 31.0833 21.0726 20.9451 39.4958 39.2979 32.1829 22.7426 30.8631 23.7821 20.8579 15.6591 13.3753 12.8619 12.4789 11.835 30.7721 52.3828 31.3451 33.0637 31.3304 31.9825 25.7033 36.3458 30.2361 32.2846 29.7376 42.0744 27.1176 23.1475 22.7245 47.5089 39.1741 21.2731 35.2774 30.8812 19.2894 19.264 17.7817 23.9823 17.1588 16.3466 14.7809 13.3546 11.7841 11.7196 10.4916
threshold=1.0000000180025095e-35 1.5000000000000002 2.5000000000000004 5.8520000000000012 5.7935000000000008 0.97479074919140063 128876.895 113901.47500000002 5.9145000000000012 3.5000000000000004 279750.98500000004 178923.53500000003 4.5000000000000009 2.5000000000000004 -0.0030867301311160496 3.0140000000000007 2.8805000000000001 1.5000000000000002 7.448500000000001 237133.85666666669 9.5000000000000018 9.8070000000000004 3.5000000000000004 52850.000000000007 0.97037911580525715 0.95890241147955613 323.59764862969581 217279.57166666671 336395.50000000006 203618.34500000003 1.0000000180025095e-35 4.6140000000000017 4.8795000000000011 9.5000000000000018 1.5000000000000002 1.0000000180025095e-35 305255.44500000007 1.5000000000000002 -0.0022956656487542995 5.0305000000000009 6.878000000000001 14.360500000000002 22.303000000000001 6.6330000000000009 247450.00000000003 115350.00000000001 25.929500000000001 25.072500000000002 2.8085000000000004 2.9640000000000009 149031.69500000004 2.5000000000000004 13.500000000000002 80493.460000000006 31.512500000000006 376200.00000000006 0.96973640976924702 3.5000000000000004 4.5000000000000009 0.97858745248665802 379741.65500000009 75.000000000000014
decision_type=2 2 2 2 2 2 2 2 2 2 2 2 2 2 2 2 2 2 2 2 2 2 2 2 2 2 2 2 2 2 2 2 2 2 2 2 2 2 2 2 2 2 2 2 2 2 2 2 2 2 2 2 2 2 2 2 2 2 2 2 2 2
left_child=2 -2 3 4 13 26 7 -7 9 10 27 12 -11 15 28 16 -1 -17 19 21 -21 -10 23 -20 -24 -16 -6 -5 -15 -28 37 35 33 59 -35 48 44 43 41 56 -41 51 -43 52 -37 46 -45 -47 50 -50 -32 -39 58 54 -34 -38 -40 -54 -4 -33 -55 -3
right_child=1 61 30 8 5 6 -8 -9 18 11 -12 -13 -14 14 25 17 -18 -19 22 20 -22 -23 24 -25 -26 -27 29 -29 -30 -31 31 32 53 34 -36 36 55 38 39 40 -42 42 -44 45 -46 47 -48 -49 49 -51 -52 -53 57 60 -56 -57 -58 -59 -60 -61 -62 -63
leaf_value=-0.003074358419968528 0.018649196406079167 0.025706617116325083 -0.010674070901951896 -0.017790296308540121 0.046495493727551809 -0.053437910444680749 -0.063265831944907244 0.037446417677067488 0.013894737189701349 0.065668198192083777 0.042461507919755982 0.068528696192942135 -0.061022433630653822 0.015439105985436258 -0.044793915112631658 0.0022272143461825535 -0.028758158771944153 -0.0027731793533224353 0.035944697532859955 0.00055233852112344115 -0.031998485860280007 0.0032881560532863245 -0.0023509339127383887 -0.00022333978922733401 0.0037124718206739925 -0.0082647040768571989 -0.046008927624795332 -0.07871023359946816 -0.0097949532914562414 0.015269920998340659 0.028564996423137309 -0.014334860146277545 0.012353836052184009 0.02534290142970352 -0.041452611320295707 -0.0037012701697155103 -0.068581702344247444 0.048408731967122365 -0.0071469302195838321 0.024442619910555827 -0.011550231079506973 -0.037218496073033659 0.043105551291411109 -0.013062876608631422 0.035279765349145571 0.011035464142395843 0.047567361073890153 -0.011319493352134538 0.077713463674952049 0.015234884688551276 -0.014825670852854012 0.010926770643591193 -0.0023376449453912916 0.0033462175249911619 -0.034449805460538573 -0.011588048115235991 -0.04197476673416109 0.023015314501503681 0.005850316973224432 0.035512203747782523 -0.0012409687511476509 0.0348493264225865
leaf_weight=2002.9536518901587 4249.3272218704224 711.09492589533329 649.46009585261345 24.189425438642502 17.380761757493019 24.017757907509804 66.505538821220398 23.016453579068184 1371.9312821626663 19.510214611887932 23.864485859870911 58.264587432146072 16.074251636862755 175.3290921151638 40.43341863155365 9689.5627467036247 125.16192457079887 2692.3695466071367 59.206474259495735 1473.1594511270523 98.950759276747704 1493.9838946312666 1912.110608741641 15656.600310757756 10484.481299042702 1165.6050415188074 14.946990206837652 14.357972562313078 70.925354987382889 18.70431612432003 59.234556123614311 21.268227800726891 744.52583715319633 21.368305340409279 139.31553368270397 211.02919588983059 25.761502683162689 49.64639113843441 48.181987404823303 71.842689752578735 469.15424656867981 58.120893180370331 22.658774644136429 285.71675309538841 46.469704940915108 1558.0103765279055 36.42957392334938 224.16706062853336 23.098740041255951 1031.9713603407145 133.24464362859726 111.22778686881065 131.36362844705582 12836.000744909048 28.414331153035164 27.096653953194618 112.0227886736393 102.22664955258369 150.6277067810297 26.792834222316742 1561.8053299933672 561.60822856426239
leaf_count=6991 18753 3852 2156 82 47 92 270 68 4340 48 65 152 65 550 159 31474 476 8966 168 4824 401 4751 6172 51561 32932 4007 57 58 246 63 176 71 2197 57 499 664 100 123 162 213 1528 210 59 928 127 4653 90 715 53 3014 470 349 403 39278 94 88 425 305 503 72 4910 3788
internal_value=0.00304162 0.0212056 0.00160569 0.00100606 -0.000576571 -0.0256609 -0.0407708 -0.00896316 0.00178642 0.0239725 -0.00876651 0.0457448 0.00843938 -0.000317952 -0.00649479 0.000300281 -0.00458491 0.00113991 0.00167992 0.0048721 -0.00149645 0.00836559 0.00117598 -8.70832e-05 0.00277722 -0.00948938 0.00795667 -0.0404815 0.00817128 -0.0119485 0.00299887 0.00358126 0.00290295 -0.0219735 -0.0325699 0.0102774 -0.00393869 0.000581727 -0.00665751 -0.0124205 -0.00677049 0.0100649 -0.0146875 0.00275686 0.00333347 0.00601451 -0.00620657 0.0082236 0.013814 0.0166027 -0.0014724 0.0224938 -0.00387496 0.00324524 0.0106333 -0.0393651 -0.0315002 0.00875763 -0.00756312 0.0134536 0.00284862 0.029741
internal_weight=75373.9 5522.03 69851.9 48833.6 16126.9 164.572 113.54 47.0342 32706.7 156.261 62.4119 93.8491 35.5845 15962.3 1452.29 14510 2128.12 12381.9 32550.4 4438.03 1572.11 2865.92 28112.4 15715.8 12396.6 1206.04 51.0321 38.5474 246.254 33.6513 21018.3 16937.4 15379.5 208.745 160.684 1557.91 310.357 4080.86 942.856 701.202 540.997 241.654 80.7797 3138 257.499 2104.32 322.146 1782.18 1247.55 1055.07 192.479 160.874 1033.68 15170.7 772.94 52.8582 160.205 233.59 800.088 48.0611 14397.8 1272.7
internal_count=250170 26393 223777 159085 53466 597 430 160 105619 470 205 265 113 52869 4962 47907 7467 40440 105149 14316 5225 9091 90833 51729 39104 4166 167 140 796 120 64692 51870 47178 699 556 4692 979 12822 3069 2328 1741 741 269 9753 791 6386 1018 5368 3713 3067 646 472 3367 46479 2291 188 587 708 2659 143 44188 7640
is_linear=0
shrinkage=0.05


Tree=53
num_leaves=63
num_cat=0
split_feature=22 33 0 16 16 13 3 15 15 16 21 15 10 13 4 15 3 25 13 13 4 15 3 7 15 15 25 3 13 13 15 13 28 0 15 3 15 7 16 16 10 15 13 13 8 21 15 14 13 16 15 0 8 19 10 16 16 20 28 16 28 27
split_gain=724.822 46.4445 21.9198 29.3802 45.1801 29.1553 26.0611 38.4867 51.8473 41.9964 22.2294 60.6636 21.5056 36.4721 25.5667 21.4723 37.1554 38.9493 38.6007 20.7616 20.4226 18.5161 43.549 71.0926 36.9803 31.3016 32.3541 20.6893 18.0945 33.9375 37.852 33.1919 36.2997 54.8575 26.4257 42.1472 27.849 23.1829 22.0692 30.8767 20.0977 17.608 21.9438 21.0828 31.5809 20.8505 21.4351 14.3876 14.4709 14.5901 14.0992 13.0667 11.6435 10.3225 8.92605 8.40051 18.8809 4.9874 5.06276 5.0608 6.06083 9.34188
threshold=1.0000000180025095e-35 1.5000000000000002 2.5000000000000004 5.8520000000000012 5.7935000000000008 318280.16666666669 2.5000000000000004 4.5485000000000015 4.7695000000000007 4.0460000000000003 19.000000000000004 3.7415000000000007 0.97456033417344012 128609.35416666667 1.0000000180025095e-35 7.4730000000000016 1.5000000000000002 13.500000000000002 235813.40000000002 505235.39333333337 1.0000000180025095e-35 2.6795000000000004 1.0000000180025095e-35 238.50000000000003 2.6365000000000003 2.9925000000000002 5.5000000000000009 2.5000000000000004 126764.78570405096 97708.873333333337 7.3725000000000014 108840.67166666668 123673.00500000002 1.0000000180025095e-35 2.8365000000000005 1.0000000180025095e-35 4.4895000000000005 226.50000000000003 28.291500000000003 25.548000000000005 0.99030932416471174 2.5695000000000001 254115.74833333335 193894.0916666667 156039.90000000005 1.0000000180025095e-35 2.5485000000000002 3057575.2057118495 712498.67166666675 8.0235000000000003 2.6795000000000004 1.0000000180025095e-35 204585.15500000003 75.000000000000014 0.99399769236040492 15.354500000000002 8.0235000000000003 45.000000000000007 970372.62773595203 9.9800000000000022 72418.335000000006 94049.305000000008
decision_type=2 2 2 2 2 2 2 2 2 2 2 2 2 2 2 2 2 2 2 2 2 2 2 2 2 2 2 2 2 2 2 2 2 2 2 2 2 2 2 2 2 2 2 2 2 2 2 2 2 2 2 2 2 2 2 2 2 2 2 2 2 2
left_child=2 57 28 4 6 12 10 9 -9 -8 20 -12 14 -14 -6 21 17 -17 -19 -7 -4 22 24 -24 -5 26 -23 -27 29 30 34 38 37 -34 35 -1 -36 -33 39 -31 -40 42 43 44 -30 46 -44 48 49 -43 -50 -32 -45 -3 -53 56 -49 59 -59 60 -2 -62
right_child=1 53 3 15 5 19 7 8 -10 -11 11 -13 13 -15 -16 16 -18 18 -20 -21 -22 25 23 -25 -26 27 -28 -29 41 31 51 32 33 -35 36 -37 -38 -39 40 -41 -42 47 45 52 -46 -47 -48 55 50 -51 -52 54 -54 -55 -56 -57 -58 58 -60 -61 61 -63
leaf_value=0.0050290416453915004 0.0060233903050683447 0.024944373867555786 -0.0016244636652392253 0.019358481528913101 -0.041696039826887306 0.054028503610322867 -0.004789338572011196 -0.05094267947338002 -0.010133811598655243 0.025790666604860343 0.038846204994096939 -0.0013165491075182317 0.018207987504474974 -0.068795650388915289 0.042630811368354581 -0.078862992736024262 -0.058579415979734498 0.034478612441719118 -0.026999601462930414 -0.025358967362781138 0.0025484501816539972 -0.014456491562141256 -0.072292105738942888 -0.0086703941402751904 -0.025479711108329924 0.0012748899608375137 0.012799179140724513 0.0058876156207185136 0.035447084841596088 -0.011977833914154872 -0.066143192435656681 -0.010855241316975146 0.032626284803685075 -0.023586361693801197 0.015072505235466608 -0.065376126951676647 0.0026430062849031716 0.0057883278209440872 0.049883969000907774 -0.082148326902117638 -0.021254786490200052 0.0051436515822225123 -0.0084248080500186825 0.080650232505309838 -0.043782276898907874 -0.048592678301625482 0.044233423608333142 0.031587919626118857 -0.048351325001345202 0.0022962854291837635 -0.0021037559217019666 -0.03576307538042163 0.03548565112655365 0.034130374996210931 0.0060862587622140538 0.042478058455908185 -0.021053767338241394 0.022617248009313161 -0.0077991764430344257 0.019090040963070567 0.033053483683723614 0.015364896588270711
leaf_weight=60.015079975128174 159.7307318970561 696.55861107259989 9371.1204691082239 186.1951662749052 22.366416275501251 16.247449994087219 564.57702285051346 88.608142092823982 639.96544627845287 140.14272847771645 136.07394807040691 304.22280098497868 14.620292931795118 68.398285090923309 15.027570456266401 14.677690759301184 39.489691138267517 59.577595889568329 44.680817648768425 16.701330631971359 4267.1693508327007 121.25147424638271 53.525921568274498 244.38921423256397 61.066486179828644 24640.640684247017 1067.2966433912516 2696.9912538677454 40.06324315071106 835.46618032455444 19.243620827794075 247.32983852922916 51.313183814287186 281.50525046885014 729.71145112812519 32.915256828069687 1178.4174192398787 1358.0482845902443 26.851865455508232 15.976740479469298 15.752721726894377 7458.6160245537758 52.77496138215065 23.048394277691841 18.332872658967972 17.922857388854027 30.491118416190147 46.04509074985981 16.779258400201797 11337.719977244735 923.87940618395805 29.901147440075874 37.467757612466812 545.18733781576157 22.202564045786858 33.094282433390617 27.034242019057274 642.64962424337864 13.978368781507013 1792.3097013235092 78.540203563868999 1504.2006777599454
leaf_count=181 704 3852 31408 563 86 46 1930 350 2244 422 387 1003 48 285 44 64 179 174 179 65 14006 409 220 839 220 80305 3306 8698 105 2738 78 797 135 941 2122 131 3603 4112 69 64 55 22649 170 49 65 65 78 126 62 34559 2884 108 102 3788 72 86 91 3382 72 7753 326 6516
internal_value=0.00289296 0.0204842 0.00152491 0.000864437 -0.000882763 -0.0278881 -0.00061577 -0.0070389 -0.0150969 0.00129189 3.8147e-05 0.0110958 -0.039292 -0.0534736 -0.0078075 0.00180082 -0.0165568 -0.00260424 0.00813161 0.013788 -0.000318836 0.00190086 -0.00722693 -0.0201012 0.00828474 0.00207531 0.0100187 0.00172996 0.00271252 -9.8628e-06 0.00485234 -0.00356763 0.000108594 -0.0149196 0.0061283 -0.019908 0.00739633 0.00322416 -0.0115373 -0.0132945 0.023581 0.00337803 0.0174424 0.0320059 0.0105738 0.00032798 0.0108581 0.00322203 0.00312328 0.00342616 -0.00292871 -0.030934 0.0526872 0.0289775 -0.0179301 0.0215786 0.0121142 0.017968 0.0219697 0.0172246 0.0153059 0.0162427
internal_weight=75296.1 5433.16 69862.9 44895 15665.2 153.361 15511.9 1433.29 728.574 704.72 14078.6 440.297 120.413 83.0186 37.394 29229.8 158.426 118.936 104.258 32.9488 13638.3 29071.4 545.177 297.915 247.262 28526.2 1188.55 27337.6 24967.9 4904.65 2072.41 2832.24 1938.2 332.818 2001.06 92.9303 1908.13 1605.38 894.048 851.443 42.6046 20063.3 220.101 118.912 58.3961 101.189 83.2661 19843.2 19737 18796.3 940.659 71.3473 60.5162 1241.75 52.1037 106.174 73.0793 4191.41 656.628 3534.78 1742.47 1582.74
internal_count=250170 26393 223777 147480 52324 574 51750 4946 2594 2352 46804 1390 463 333 130 95156 596 417 353 111 45414 94560 1842 1059 783 92718 3715 89003 76297 15206 6295 8911 5985 1076 6037 312 5725 4909 2926 2802 124 61091 634 321 170 313 248 60457 60154 57208 2946 258 151 7640 180 303 217 18753 3454 15299 7546 6842
is_linear=0
shrinkage=0.05


Tree=54
num_leaves=63
num_cat=0
split_feature=23 33 6 15 16 16 16 3 10 9 3 15 9 15 29 27 7 17 9 12 17 10 15 15 0 4 16 16 17 9 9 16 3 3 9 9 16 15 6 15 4 13 21 0 7 3 11 17 16 16 9 17 13 15 4 17 15 11 10 1 17 19
split_gain=667.698 44.6629 21.3169 28.4609 22.0227 60.2871 33.2356 60.3552 44.2179 30.6193 46.9437 43.8411 35.6814 31.1916 28.7822 34.3266 28.1068 27.496 26.0474 23.5494 23.362 32.9827 26.5763 23.061 20.8832 27.2922 41.869 33.3963 26.0716 32.8479 28.9892 19.5796 32.1025 30.8232 30.1358 38.5776 34.7758 27.1517 25.3 22.9224 23.4866 21.2995 19.5044 18.6222 16.1727 32.8786 22.9476 26.3648 22.0217 42.1452 28.6662 37.0967 26.0594 24.8596 20.8761 20.5894 24.1832 19.9117 15.7886 15.3022 15.1641 10.1363
threshold=1.0000000180025095e-35 1.5000000000000002 11.500000000000002 4.2815000000000003 23.015000000000004 24.260000000000002 21.139000000000006 2.5000000000000004 0.99166667342144998 312550.00000000006 1.5000000000000002 4.9275000000000011 302950.00000000006 7.3005000000000004 188657.58000000005 367309.83000000007 357.50000000000006 28.598000000000003 254150.00000000003 -0.0018207428178898999 11.511500000000002 0.95479515985978514 4.6465000000000005 4.5105000000000013 2.5000000000000004 1.5000000000000002 20.257500000000004 20.364500000000003 22.303000000000001 65650.000000000015 137150.00000000003 8.0235000000000003 1.5000000000000002 1.5000000000000002 185250.00000000003 113050.00000000001 5.5025000000000004 4.222500000000001 13.500000000000002 2.7495000000000007 1.5000000000000002 131729.6466666667 27.500000000000004 2.5000000000000004 339.50000000000006 2.5000000000000004 -488.66000000001799 20.774500000000003 16.538000000000004 13.267000000000001 251550.00000000003 15.190500000000002 107859.62500000001 7.3725000000000014 1.5000000000000002 4.3360000000000012 4.3435000000000015 -1001.4100000000034 0.9383154630633993 1.5000000000000002 6.9175000000000013 75.000000000000014
decision_type=2 2 2 2 2 2 2 2 2 2 2 2 2 2 2 2 2 2 2 2 2 2 2 2 2 2 2 2 2 2 2 2 2 2 2 2 2 2 2 2 2 2 2 2 2 2 2 2 2 2 2 2 2 2 2 2 2 2 2 2 2 2
left_child=2 -2 4 31 6 17 24 8 16 10 12 -12 -7 42 23 -16 -8 20 -10 -15 22 -22 -6 -9 28 27 -27 -26 30 -30 -1 32 39 37 35 -34 -36 41 60 43 -41 -33 -11 -4 45 55 57 -48 49 54 53 -52 -51 -50 -46 59 -57 -47 -40 -5 -35 -3
right_child=1 61 3 44 5 9 7 14 18 13 11 -13 -14 19 15 -17 -18 -19 -20 -21 21 -23 -24 -25 25 26 -28 -29 29 -31 -32 33 34 38 36 -37 -38 -39 58 40 -42 -43 -44 -45 48 46 47 -49 50 52 51 -53 -54 -55 -56 56 -58 -59 -60 -61 -62 -63
leaf_value=-0.002124163001964381 0.017305196259858175 0.024192281511726595 0.014682656731254821 0.0069027807132329526 -0.032701899724869442 -0.0021288484935888126 -0.0090355144416781417 0.060133661007055063 -0.024680970917407331 0.010717550597770725 -0.045555541042639702 0.00910690711653756 -0.037938647192257889 0.025334713878820109 0.047453457657762849 -0.015689456487089977 0.0057700331266432418 0.060308782989922538 -0.0044192176230312642 -0.031087350454234754 -0.050004300034477894 0.0092101266363186825 0.024640455154825845 -0.0041239278019253216 -0.00050454863770446428 0.0042924659201141954 -0.023879200934452383 0.011039542553946367 0.057755015162649248 0.0066674983230634623 0.0028585970792054795 -0.011778493333993729 -0.040016151834726343 0.02625233536093969 -0.0093373350636046532 0.020368548976801501 -0.057606020715440909 0.043945911661286585 0.011281160570359855 0.015882721032485513 -0.0091329942010768741 0.0097319081983093681 0.051692122890750515 -0.018847347901615644 0.0064160435477078979 -0.0033285559598010177 0.00943980323706229 -0.055134489119278041 0.012960513094541899 0.026487029062744933 -0.018287653259910965 0.015468784606596987 -0.021708851424366113 0.053934892232227596 -0.010560850334126071 -0.056383123650097323 0.0030046918876396457 -0.067151678186273212 0.04180409884544832 -0.02811622934864505 -0.011607493443942025 0.033410736925973482
leaf_weight=3781.6840862333775 4135.8768195062876 682.66177503764629 63.979367271065712 44.475170075893402 21.203762605786324 3519.3814927339554 736.89965921640396 15.475324600934981 483.54462821781635 1009.3328886479139 37.632731899619102 1450.6555793881416 70.965602993965149 24.467206329107285 101.10376492142677 27.345545828342438 567.36044780910015 32.530164957046509 236.04818253219128 75.748269557952881 24.669714167714119 503.01370461285114 429.47732126712799 142.84604568779469 28631.258244767785 5334.1289637386799 135.23246185481548 640.5122981518507 31.900195077061653 2302.6903612017632 12796.092006579041 147.05159868299961 33.348700851202011 48.316454648971558 153.18450112640858 127.85431614518166 49.332517489790916 48.069577693939209 54.995777413249016 717.61745178699493 107.94199931621552 529.3749170601368 29.903569996356964 117.38769902288914 1247.3000191301107 17.068724796175957 58.13167904317379 21.710163444280624 680.09747672080994 31.330980286002159 175.77773647010326 151.56659540534019 267.5744948387146 39.148580729961395 211.83469976484776 17.406425073742867 1127.8862077593803 43.024730712175369 184.50504167377949 104.47186736762524 58.436752945184708 529.48622238636017
leaf_count=11922 18753 3852 178 144 74 11248 2429 38 1724 3034 136 4452 249 68 271 92 1806 76 796 281 91 1502 1236 477 95705 17303 487 2011 75 6833 39399 455 121 131 482 353 180 119 160 2026 337 1509 75 403 3685 53 175 80 1912 86 571 417 874 92 670 64 3423 172 455 380 180 3788
internal_value=0.00275146 0.0197789 0.0014482 0.00413427 0.00116425 0.00376134 0.000828782 -0.00504275 -0.00808462 0.00192028 0.000258344 0.00772472 -0.00283665 0.00932765 0.0164249 0.034011 -0.00259502 0.0150858 -0.0180345 -0.0173121 0.0135822 0.00644179 0.0219426 0.00215701 0.00108164 0.000353829 0.00359591 -0.000251946 0.0024186 0.00736557 0.00172194 0.0084346 0.00447698 0.0135007 -0.00825488 0.00787653 -0.0210954 0.00763599 0.0257718 0.00907596 0.0126119 0.00505566 0.0118966 -0.00701924 0.00165743 -0.0026615 -0.0256849 -0.00811889 0.00386596 0.000447491 0.00960822 -0.00265779 -0.016657 0.0151907 0.00395137 -0.000172171 0.0021021 -0.0490236 0.0347952 -0.0176597 0.00552785 0.0282191
internal_weight=75221.3 5348.02 69873.3 6680.2 63193.1 7228.98 55964.1 2310.62 2023.85 6218.09 5078.64 1488.29 3590.35 1139.45 286.771 128.449 1304.26 1010.89 719.593 100.215 978.365 527.683 450.681 158.321 53653.5 34741.1 5469.36 29271.8 18912.4 2334.59 16577.8 2441.4 1370.65 1070.75 363.72 161.203 202.517 724.496 346.254 1006.93 825.559 676.427 1039.24 181.367 4238.81 1434.17 139.935 79.8418 2804.63 1758.04 1046.59 327.344 298.905 719.246 1459.13 1294.24 1145.29 60.0935 239.501 148.947 106.753 1212.15
internal_count=250170 26393 223777 19887 203890 22522 181368 7633 6755 19543 16085 4588 11497 3458 878 363 4235 2979 2520 349 2903 1593 1310 515 173735 115506 17790 97716 58229 6908 51321 7089 4080 3009 1136 474 662 2083 926 2944 2363 1964 3109 581 12798 4491 480 255 8307 5315 2992 988 960 2004 4355 4011 3487 225 615 524 311 7640
is_linear=0
shrinkage=0.05


Tree=55
num_leaves=63
num_cat=0
split_feature=22 19 2 5 16 15 16 8 8 15 10 13 9 9 13 10 11 28 6 11 18 15 9 8 13 13 15 7 3 8 2 13 16 15 15 27 16 13 3 7 0 15 4 9 14 7 10 11 7 18 18 10 15 3 16 20 15 16 2 1 27 10
split_gain=598.552 45.8205 20.2122 33.8013 32.3356 76.3564 55.0896 43.5284 45.596 37.9188 37.1942 35.7474 32.5748 32.1811 50.5039 49.8342 28.487 27.11 29.9555 27.0311 53.6667 48.1754 35.3236 26.9889 22.67 49.2602 34.416 36.0186 35.1648 30.7492 29.5208 27.1647 68.7451 40.43 58.8494 42.317 28.3511 31.7671 61.6729 27.0189 24.974 26.4715 23.115 21.5988 43.3658 26.2203 20.7896 31.1315 29.6889 19.3898 18.7397 18.7303 16.0577 15.3816 16.9165 15.3456 15.2912 11.8509 11.0347 6.52274 8.07881 5.98226
threshold=1.0000000180025095e-35 45.000000000000007 2.5000000000000004 1.0000000180025095e-35 23.485000000000003 4.7255000000000011 12.817500000000003 461325.4150000001 100352.44500000002 7.3185000000000011 0.98464176583853191 554586.85753832955 82350.000000000015 93350.000000000015 186875.53333333335 0.96397125472448331 -221.24500000000987 99407.175000000003 1.5000000000000002 -843.40500000002783 1.5000000000000002 3.0125000000000006 422750.00000000006 102813.95000000003 83527.158333333355 73122.538333333345 5.0775000000000015 353.50000000000006 1.0000000180025095e-35 72256.020000000004 4.5000000000000009 106769.32666666668 18.696000000000005 2.9155000000000002 4.1305000000000005 84730.240000000005 16.426000000000005 110947.72333333337 1.0000000180025095e-35 358.50000000000006 1.0000000180025095e-35 6.9765000000000006 1.0000000180025095e-35 124450.00000000001 145.33917887640948 356.50000000000006 0.99289611346030637 -637.07999999998708 357.50000000000006 11.000000000000002 22.500000000000004 0.95479515985978514 6.3545000000000007 1.5000000000000002 30.585000000000004 75.000000000000014 2.6155000000000004 28.673000000000005 4.5000000000000009 1.0000000180025095e-35 657011.78000000014 0.98477667737741814
decision_type=2 2 2 2 2 2 2 2 2 2 2 2 2 2 2 2 2 2 2 2 2 2 2 2 2 2 2 2 2 2 2 2 2 2 2 2 2 2 2 2 2 2 2 2 2 2 2 2 2 2 2 2 2 2 2 2 2 2 2 2 2 2
left_child=2 59 3 4 6 -6 13 8 -8 12 -11 -9 -7 15 -15 -1 19 53 23 20 21 -5 -22 -19 25 29 28 58 49 42 -30 32 33 35 -35 -26 43 38 -38 -39 -34 -42 52 44 -33 -45 48 -48 -21 -27 -20 -44 -4 54 -18 -3 -55 -29 -28 60 61 -2
right_child=1 55 24 16 5 9 7 11 -10 10 -12 -13 -14 14 -16 -17 17 18 50 46 22 -23 -24 -25 31 26 27 57 30 -31 -32 36 40 34 -36 -37 37 39 -40 -41 41 -43 51 45 -46 -47 47 -49 -50 -51 -52 -53 -54 56 -56 -57 -58 -59 -60 -61 -62 -63
leaf_value=0.020143743638568228 0.0051367647542573617 0.022504753275730534 0.0016600958014329845 -0.026727524205041195 0.08805688426208165 0.035923893771334064 0.0085805142288890579 0.027950098026022455 -0.005162747686854886 0.017003249988163719 -0.027651051002972545 -0.0018712182517406127 0.0070191507401296998 0.0076310991285611467 0.0012354503829107959 -0.011431327721142338 0.0043438071617129728 -0.02763692892384095 0.0003063437278886525 0.0029584396263787793 -0.0050254576516056276 0.019030470921167161 -0.023501710483911548 -0.0074911946871453437 0.044497543519477517 0.057345741828645484 0.035860116121383442 -0.016752773147316834 0.025205099638411374 -0.053399118068147802 -0.028700387681756246 0.019368848220614136 -0.083946228854182306 0.018367524396823771 -0.0039017789406458601 -0.036068709298723071 0.014072049897799827 0.0027740151034366008 -0.067441381753049173 0.0091334793348574021 -0.027975919328718121 0.0031096347153962683 0.02253689464756873 0.0030929809167431666 0.00092055984875449306 -0.00074918531741671528 -0.021548786782702119 0.0090256922645558547 -0.0033528742898543129 0.014532202068289177 -0.049062969661411306 -0.022415036288311128 0.021877301889773569 -0.050396858803277628 -0.026612173716464918 0.032715501822710394 -0.0041705381835059766 0.01878259700927519 -0.00079612150900583629 0.016652879508421203 0.042515732650467937 0.015047657274445722
leaf_weight=150.51408806443214 309.73459035903215 1246.7737881019711 342.33942948281765 69.641487956047058 28.971683621406555 101.98575714230537 682.1841494590044 206.25336773693562 5233.314139470458 68.043782383203506 148.19570654630661 195.9771291911602 2202.7269785255194 5122.2557230144739 7767.4130273014307 736.09268659353256 1639.8962884098291 177.16023375093937 1627.9494005143642 5298.2383823394775 1006.8353709280491 330.52531509101391 348.135901927948 2699.3204209059477 18.956796124577522 120.58128190040588 88.99170546233654 119.70847055315971 127.57765713334084 26.089319884777069 31.711209356784821 501.36425493657589 15.968296095728872 458.55975784361362 840.30274550616741 116.22889117896557 50.214225098490715 3541.8818867355585 43.140619516372681 3160.5779179781675 268.48715759813786 91.937600910663605 28.126657724380493 8748.398992151022 873.6034791469574 9017.4294743090868 88.5782101303339 1386.0065216720104 2874.1743249893188 33.87470754981041 19.451269686222076 131.58549997210503 137.72972358763218 18.39309948682785 45.353405758738518 522.03884960711002 653.63020353019238 29.181779026985168 26.687608674168587 2858.348716892302 19.73227559030056 299.46943006664515
leaf_count=438 1411 7042 1051 251 62 277 2157 622 17302 202 543 647 6829 16157 25723 2516 5357 644 5120 16827 3360 991 1269 9205 50 287 232 402 355 97 106 1464 67 1326 2693 415 145 10710 168 9519 930 290 79 26946 2716 29169 318 4458 9757 98 75 449 389 74 163 3838 2209 82 79 12696 81 1311
internal_value=0.002691 0.0189633 0.00146774 0.000752241 0.00204341 0.00734742 0.00137033 -0.00249563 -0.00357785 0.00641987 -0.0135997 0.0134204 0.00829821 0.00314324 0.00377703 -0.00607101 -0.000846873 -0.00338743 -0.00565287 0.000686345 -0.00502119 0.0110672 -0.0097726 -0.00873195 0.00247781 0.00908062 0.0197561 0.00647341 0.0309569 -0.000191151 0.0144736 0.00218174 -0.00373971 0.00125187 0.00396034 -0.0247711 0.00259507 0.0053694 -0.0235965 0.00577285 -0.0227575 -0.0200466 0.00197859 0.00161007 0.00764749 0.00114281 0.00172475 0.00718909 0.000738799 0.047956 -0.000276572 -0.0144986 0.00746032 0.000960218 0.00351072 0.0255183 -0.00543574 -0.00978801 0.0274034 0.0156385 0.0110286 0.0100087
internal_weight=75174.6 5256.1 69918.5 40927.2 22643.9 2549.92 20094 6317.73 5915.5 2520.95 216.239 402.23 2304.71 13776.3 12889.7 886.607 18283.3 6881.15 4523.88 11402.1 1755.14 400.167 1354.97 2876.48 28991.2 1244.19 578.314 264.57 313.745 665.871 159.289 27747.1 1810.44 1434.05 1298.86 135.186 25936.6 6795.81 93.3548 6702.46 376.393 360.425 639.781 19140.8 1374.97 17765.8 9647 1474.58 8172.41 154.456 1647.4 159.712 480.069 2357.27 1685.25 1768.81 672.023 148.89 115.679 3487.29 628.936 609.204
internal_count=250246 26379 223867 133553 73475 7913 65562 20728 19459 7851 745 1269 7106 44834 41880 2954 60078 22847 15044 37231 5871 1242 4629 9849 90314 3706 1641 795 846 2065 461 86608 5771 4484 4019 465 80837 20542 313 20229 1287 1220 1968 60295 4180 56115 31360 4776 26584 385 5195 528 1440 7803 5520 10880 2283 484 311 15499 2803 2722
is_linear=0
shrinkage=0.05


Tree=56
num_leaves=63
num_cat=0
split_feature=22 33 0 8 13 15 15 16 2 2 0 15 13 16 15 10 28 10 0 16 15 18 16 7 15 16 13 7 2 15 11 27 13 10 15 16 16 15 15 5 16 15 8 13 21 16 29 15 15 15 29 29 5 10 0 19 28 29 1 27 0 10
split_gain=550.703 45.8646 18.5808 19.5895 35.6977 31.4816 28.9048 37.5006 31.1164 28.6659 24.7103 31.924 36.6496 30.748 34.8289 32.8745 22.9164 21.8184 19.6827 49.0116 32.379 26.6297 83.6885 22.9938 22.693 19.6313 18.316 17.9123 14.7432 24.0036 41.5487 24.7898 28.31 20.6171 18.5398 19.8676 17.6216 73.8783 31.2257 26.8883 24.2011 36.6332 42.8495 28.3118 22.298 24.446 20.3376 17.5194 46.4564 24.5811 17.2556 24.3131 12.3307 12.7046 10.3197 8.8491 8.20983 7.71648 7.17061 6.45824 6.18198 5.5242
threshold=1.0000000180025095e-35 1.5000000000000002 2.5000000000000004 272079.50500000006 261581.33333333334 7.3725000000000014 5.3045000000000009 5.6275000000000004 1.0000000180025095e-35 1.5000000000000002 1.5000000000000002 7.3185000000000011 248346.755 2.7055000000000002 2.6155000000000004 0.95057883052630177 267530.60500000004 0.97769078225438222 1.5000000000000002 28.947500000000002 5.831500000000001 1.5000000000000002 11.204500000000001 345.50000000000006 6.8955000000000011 12.085000000000003 205947.71000000005 358.50000000000006 2.5000000000000004 7.4535000000000009 -363.77999999998423 238448.535 152623.09000000005 0.93285431344452385 6.7805000000000009 8.2235000000000031 23.485000000000003 4.7255000000000011 7.4535000000000009 1.5000000000000002 20.611500000000003 4.5305000000000009 355616.05500000005 224923.05333333337 1.0000000180025095e-35 20.364500000000003 184945.41500000004 6.7975000000000003 6.7615000000000007 6.8520000000000012 186803.90000000002 264242.58500000002 1.5000000000000002 0.98450128580931773 1.5000000000000002 75.000000000000014 191480.78000000003 186803.90000000002 1.0000000180025095e-35 657011.78000000014 1.5000000000000002 0.99178954546625919
decision_type=2 2 2 2 2 2 2 2 2 2 2 2 2 2 2 2 2 2 2 2 2 2 2 2 2 2 2 2 2 2 2 2 2 2 2 2 2 2 2 2 2 2 2 2 2 2 2 2 2 2 2 2 2 2 2 2 2 2 2 2 2 2
left_child=2 58 3 4 10 18 8 16 25 54 13 26 -13 15 -15 -1 -8 -9 21 20 -20 23 -23 -5 -21 -6 -12 -10 36 33 50 32 -32 34 35 -30 40 -38 39 -39 44 42 -42 -43 46 -46 -4 48 -35 -49 -31 -52 53 -11 -7 56 57 -3 59 -2 -60 -62
right_child=1 55 28 5 6 9 7 17 27 52 11 12 -14 14 -16 -17 -18 -19 19 24 -22 22 -24 -25 -26 -27 -28 -29 29 30 31 -33 -34 47 -36 -37 37 38 -40 -41 41 43 -44 -45 45 -47 -48 49 -50 -51 51 -53 -54 -55 -56 -57 -58 -59 60 -61 61 -63
leaf_value=-0.017896368847825566 0.010386937487767298 0.019139548297135659 0.0021473657451420249 0.015769987497799853 -0.051551813411164486 -0.020325729968493467 -0.066228615991391279 0.01597286683745763 0.010484910272726028 0.029999244334255593 -0.0012906842556488923 0.017795530185861545 -0.040567953643728588 0.03590654997113462 0.0026677271955319044 0.014789943913292823 -0.019121470597454594 -0.013773594804029766 0.0057013428107733433 -0.031286759983603328 0.015837633168300034 -0.028090792759915797 0.0037649452349857873 0.0022306892861709174 0.012381398291649109 0.013996072521666828 0.0040228895848509316 -0.0058803466828385815 -0.014607789521130097 -0.024881627644647405 -0.053934092461977792 -0.071037103826794859 0.001380680833364131 0.0020897500579369235 -0.054073499667282254 0.0045054118666992575 0.082933299403701644 0.0060919511906809987 -0.056520627011854091 -0.0059670286242350865 0.022742184050927941 -0.015555512547509621 -0.050557157461206495 -0.0007210022168179773 -0.0040831252325376523 0.031792111704076927 -0.0010849114193546047 0.024755139179763685 -0.027481892829236111 0.0050727446718104993 0.062450397233044054 -0.0091153869243415162 -0.035775407732038383 -0.0095592742362354977 -0.075028931134244095 0.032013230340963476 0.028443302365297157 -0.016428047555351079 0.021344192752446249 0.038374591787368711 0.016903895375217089 0.011397246814829336
leaf_weight=83.418472453951836 694.60376094281673 294.9224366992712 10874.895911082625 452.48990066349506 44.138205230236053 13.420564487576483 50.729071438312531 74.030111387372017 371.25436320900917 29.907988205552101 7016.9496067911386 401.01381832361221 28.832406729459763 79.818229451775551 6247.9556693732738 988.21884344518185 52.573508262634277 368.44340428709984 2700.0583898425102 115.12106788158417 1112.4567462652922 270.28035785257816 869.22552755475044 1021.5501496493816 40.119044348597527 15.411122024059294 2109.3237799406052 304.21262884140015 285.78486633300781 18.298244848847389 37.412529513239861 30.992838680744171 60.596435308456421 14361.318446472287 20.391870379447937 259.34668737649918 29.216489121317863 2134.4649291038513 21.85773554444313 590.03796698153019 167.7810475230217 777.80134803056717 22.627078831195831 548.40799993276596 3513.6316293329 48.135803729295731 8808.3365019261837 172.40693919360638 134.05100600421429 1985.091122880578 27.972196444869041 20.613401263952255 26.031229615211487 63.156641826033592 24.109988570213318 503.45717830955982 352.85140207409859 16.080793306231499 596.67246376723051 21.242393083870411 2118.9961055293679 580.1339535266161
leaf_count=266 3232 1721 35888 1261 173 45 200 217 1098 81 22039 1183 106 210 18758 2831 177 1206 8142 394 3202 916 2603 3068 120 47 6522 988 977 65 149 146 202 45782 79 814 62 6762 98 1975 494 2740 86 1865 11815 140 30094 502 471 6256 67 77 95 203 110 3813 2067 100 2819 93 9848 2686
internal_value=0.00255914 0.0182915 0.00139395 0.00248743 0.00163623 0.00479121 -0.0064127 -0.0151295 5.98403e-05 -0.0173631 0.00224423 0.000564611 0.0138807 0.00441341 0.003087 0.0122456 -0.0422545 -0.00879672 0.00531845 0.00753766 0.00865902 0.00194935 -0.00379094 0.00638688 -0.0200015 -0.0345883 -6.25764e-05 0.00311443 0.000786435 0.00192511 -0.0154789 -0.0320599 -0.0197344 0.00212311 -0.00726563 -0.00551467 6.63462e-05 0.00384421 0.00300284 0.00348037 -0.000357121 -0.00647675 0.0140317 -0.00942121 4.21534e-05 -0.00359829 0.000700907 0.00244195 0.00181628 0.00664558 0.0165015 0.0320872 -0.00535529 0.00315357 -0.0554676 0.0270143 0.0232231 0.0173005 0.0157533 0.0112175 0.0167385 0.0157203
internal_weight=75104.7 5178.96 69925.7 24974.3 18236.3 6737.93 1280.79 545.776 735.016 156.626 16955.5 9556.12 429.846 7399.41 6327.77 1071.64 103.303 442.474 6581.3 3967.76 3812.52 2613.55 1139.51 1474.04 155.24 59.5493 9126.27 675.467 44951.5 17414.3 195.886 129.002 98.009 17218.4 565.523 545.132 27537.2 2775.58 2746.36 2724.5 24761.6 1516.62 190.408 1326.21 23245 3561.77 19683.2 16652.9 14495.4 2157.5 66.8838 48.5856 119.096 93.0646 37.5306 1167.31 663.855 311.003 4011.65 715.846 3295.8 2699.13
internal_count=250246 26379 223867 76261 56021 20240 4106 1800 2306 534 51915 29850 1289 22065 18968 3097 377 1423 19706 11858 11344 7848 3519 4329 514 220 28561 2086 147606 55587 706 497 351 54881 1870 1791 92019 8897 8835 8737 83122 5185 580 4605 77937 11955 65982 53011 46253 6758 209 144 379 284 155 7701 3888 1821 18678 3325 15353 12534
is_linear=0
shrinkage=0.05


Tree=57
num_leaves=63
num_cat=0
split_feature=22 33 0 9 1 13 9 16 14 15 2 12 15 0 11 16 13 21 9 15 15 16 16 8 10 0 2 15 18 15 3 4 5 7 15 15 1 9 6 9 16 14 7 13 15 16 15 5 11 4 9 14 18 10 6 25 0 16 27 6 20 9
split_gain=506.347 43.851 16.7647 19.7538 39.8934 50.4503 42.5549 40.2343 37.4295 37.2293 36.7688 35.7859 34.2865 30.849 30.2926 28.3048 18.4219 36.6466 35.8601 24.4685 26.2416 25.1649 23.4939 16.8136 22.0533 19.913 16.5493 15.4596 16.1572 14.1915 13.8306 34.5994 50.8409 48.2273 58.474 55.9325 36.5793 33.2648 64.1236 61.769 33.1882 30.1355 24.6325 32.3856 22.0964 20.5254 18.2654 26.6071 30.88 16.1268 33.0323 28.2033 26.3076 18.4109 41.9979 17.0013 13.816 13.789 10.3894 24.3231 8.64782 7.33316
threshold=1.0000000180025095e-35 1.5000000000000002 2.5000000000000004 372850.00000000006 1.5000000000000002 403014.7466666667 533550.00000000012 11.590500000000002 1094.3702225430384 7.3185000000000011 4.5000000000000009 -0.0039148880877387998 5.6545000000000014 1.5000000000000002 -738.37000000000978 2.7955000000000001 323501.48666666669 16.500000000000004 329050.00000000006 5.4215000000000009 5.831500000000001 16.853000000000005 16.710500000000003 294069.84000000003 0.99130121148004779 1.5000000000000002 2.5000000000000004 5.8455000000000004 4.5000000000000009 4.5695000000000006 1.0000000180025095e-35 1.0000000180025095e-35 1.5000000000000002 346.50000000000006 3.0735000000000006 4.831500000000001 2.5000000000000004 192650.00000000003 1.5000000000000002 177650.00000000003 8.0235000000000003 518.78016261239316 353.50000000000006 85571.098333333342 2.5245000000000002 28.673000000000005 2.5485000000000002 1.0000000180025095e-35 -644.32999999998708 1.0000000180025095e-35 606600.00000000012 1060.1476068367635 11.000000000000002 0.91706048225231107 4.5000000000000009 20.500000000000004 1.5000000000000002 6.1225000000000014 241044.30500000002 4.5000000000000009 75.000000000000014 191750.00000000003
decision_type=2 2 2 2 2 2 2 2 2 2 2 2 2 2 2 2 2 2 2 2 2 2 2 2 2 2 2 2 2 2 2 2 2 2 2 2 2 2 2 2 2 2 2 2 2 2 2 2 2 2 2 2 2 2 2 2 2 2 2 2 2 2
left_child=2 -2 3 16 5 12 15 11 9 -9 -8 26 14 -13 -5 -7 18 19 23 21 -21 -18 56 25 -25 -1 -6 28 -19 -10 46 36 33 35 -35 -33 37 39 -39 -32 41 -38 43 -34 -42 -44 47 58 -49 53 51 -51 -52 54 -48 -55 -20 -14 59 -4 61 -3
right_child=1 60 30 4 7 6 10 8 29 -11 -12 13 57 -15 -16 -17 17 27 22 20 -22 -23 -24 24 -26 -27 -28 -29 -30 -31 31 32 42 34 -36 -37 40 38 -40 -41 44 -43 45 -45 -46 -47 49 48 -50 50 52 -53 -54 55 -56 -57 -58 -59 -60 -61 -62 -63
leaf_value=0.0037205999769325741 0.015148972693437891 0.016800631149760614 -0.039629732199083258 0.044053220152386496 -0.081021438572320165 -0.012459367213389333 0.036158649430514535 0.0033928656027680166 0.0056794134280341814 -0.044061366421743228 -0.03759192041001444 -0.025770485229248692 0.074509101596758581 0.0031793376819721875 0.0069726248018190653 0.011728732650989957 0.0002592420720587919 -0.032349028250740881 0.00045075380410091403 -0.026643910140131455 -0.0037064540488049393 0.019140897170757301 0.072224031961016094 0.0030028834509454481 0.017731237663916554 0.0004213217392517032 -0.018174054435398677 -0.0041791822539287557 -0.09143591899041438 0.027243026437977508 -0.0024442772445133934 -0.012105104033445106 -0.064284663256430327 0.026253169284237807 0.0062673785127599886 0.0056907349784393445 0.0047241608933963576 -0.0098375013569231857 0.0017068939367919679 0.013805065401058201 0.045673390746419976 -0.058941539267712895 -0.0081298190399566993 0.0037540738473975121 0.0017013857844294441 -0.046314039978184576 0.047814644104919785 0.0040546412250382106 -0.069217685258837897 0.0002806869334048772 0.036970679781428213 -0.01169479058759733 -0.028785619565631644 -0.0011238379888417027 -0.0019726798878437197 0.0034093691172902272 0.038161566625446675 0.030968081466554578 0.038601029728618057 0.037438819404298364 0.031293058225200981 0.027438334478567528
leaf_weight=8030.1906110346317 3964.406451806426 302.46761730313301 24.45929042994976 89.943825647234917 24.658744260668755 253.53981444239616 153.12858648598194 902.1641630679369 112.19206580519676 43.315373629331589 18.996648535132408 137.17162783443928 52.067874193191528 279.57363709807396 142.08941712975502 231.27247242629528 1120.1308771967888 36.532865479588509 51.724011391401291 147.69061137735844 800.74305553734303 209.46234866976738 25.308595731854439 726.41610684990883 390.94113013148308 10624.064053088427 18.210321828722954 26.20155656337738 16.932020947337151 238.50337167084217 4247.3249410092831 734.84646432101727 17.892237365245819 411.75684000551701 3292.1412817835808 1106.2132743000984 32.759289339184761 3527.2969733029604 1825.3224822431803 678.23314964771271 28.689445540308952 42.963614121079445 1002.5832086205482 777.11655901372433 6854.4290297031403 36.474019393324852 73.050375699996948 23.384183242917061 37.340703457593918 5648.7051255106926 95.276802122592926 538.51862671971321 18.1002406924963 2536.3615942597389 100.81235587596893 11207.649809315801 45.789055585861206 27.941342860460281 17.361400604248047 17.607722476124763 489.64605557918549 348.86886409670115
leaf_count=24009 18678 1798 94 221 101 812 404 2707 333 164 65 455 113 856 423 677 3476 127 153 500 2500 586 53 2183 1120 33184 58 81 69 641 14102 2486 73 1241 10637 3531 107 12564 5915 2120 74 176 3458 2479 22152 141 200 79 155 18418 276 1844 71 8220 319 36574 116 74 51 49 3813 2090
internal_value=0.0024337 0.0176349 0.00132393 0.00236253 0.00638088 0.0145248 0.00666181 0.00188642 0.00639352 0.00121884 0.0280191 -0.0108242 0.0310787 -0.00634949 0.0213463 -0.000920795 0.00187049 -0.00230852 0.00236574 -0.00114278 -0.00727829 0.00323383 0.0292993 0.00219843 0.00815604 0.00184158 -0.0543245 -0.0356423 -0.0510615 0.0203445 0.000746881 -5.02958e-05 0.00281472 0.00520162 0.00848917 -0.00141235 -0.00127678 -0.00317204 -0.00590069 -0.000206796 0.00152249 -0.0313984 -0.00440165 0.00222281 0.00188466 -0.0094702 0.00171171 -0.0177253 -0.0410017 0.00182722 -0.000271549 -0.000761625 0.0264729 0.00277733 0.018946 0.0025728 0.0181586 0.0593034 0.0060588 -0.00737164 0.0262726 0.0224984
internal_weight=75037 5105.39 69931.6 24976.9 2724.77 968.98 656.938 1755.79 1296.17 945.48 172.125 459.614 312.042 416.745 232.033 484.812 22252.1 2357.69 19894.4 2278.03 948.434 1329.59 122.822 19771.6 1117.36 18654.3 42.8691 79.6664 53.4649 350.695 44954.7 24616 7379.02 5544.96 3703.9 1841.06 17237 10278.2 5352.62 4925.56 6958.84 75.7229 1834.07 795.009 6883.12 1039.06 20338.6 120.153 60.7249 20218.5 6300.6 6187.22 113.377 13917.9 173.863 13744 97.5131 80.0092 59.4284 42.067 1140.98 651.336
internal_count=250246 26379 223867 76261 8104 2789 1958 5315 3845 2871 469 1470 831 1311 644 1489 68157 7339 60818 7062 3000 4062 322 60496 3303 57193 159 277 196 974 147606 81256 24046 17895 11878 6017 57210 34701 18479 16222 22509 283 6151 2552 22226 3599 66350 428 234 65922 20609 20262 347 45313 519 44794 269 187 194 143 7701 3888
is_linear=0
shrinkage=0.05


Tree=58
num_leaves=63
num_cat=0
split_feature=23 33 2 5 15 15 3 13 11 16 16 16 8 8 13 29 9 10 13 15 7 8 29 18 8 11 11 28 13 13 15 7 3 8 2 13 16 28 15 16 13 3 7 0 18 18 16 15 4 28 21 18 10 15 10 3 2 19 28 29 1 0
split_gain=465.248 41.8541 16.4729 29.3225 26.909 45.1452 35.9965 47.783 35.8396 26.3985 62.4157 50.2194 38.7991 41.1553 31.9071 30.5794 29.4042 45.3085 43.5743 28.7324 34.9757 32.8658 26.4658 24.7866 25.9622 22.717 28.3361 22.9172 20.5795 44.2549 30.9636 32.6778 31.4646 27.9993 26.4885 24.5882 62.469 38.3937 33.0932 24.4953 28.6436 56.2403 24.7003 23.2381 25.6136 21.0754 29.9883 28.2685 20.8603 19.135 17.8433 17.4673 17.0278 15.2488 12.4965 11.1845 9.99464 8.43512 7.54946 7.29117 6.77672 5.89817
threshold=1.0000000180025095e-35 1.5000000000000002 2.5000000000000004 1.0000000180025095e-35 2.5695000000000001 2.5885000000000002 1.5000000000000002 99068.695000000022 -621.37000000000978 23.485000000000003 24.045000000000005 12.817500000000003 461325.4150000001 100352.44500000002 554586.85753832955 335326.58500000002 93350.000000000015 0.96397125472448331 186875.53333333335 7.3185000000000011 347.50000000000006 80355.35000000002 187706.93000000002 4.5000000000000009 216569.02000000005 -221.24500000000987 -827.54500000001269 99407.175000000003 83527.158333333355 73122.538333333345 5.0775000000000015 353.50000000000006 1.0000000180025095e-35 72256.020000000004 4.5000000000000009 106769.32666666668 18.696000000000005 105685.09000000001 7.3725000000000014 16.426000000000005 110947.72333333337 1.0000000180025095e-35 358.50000000000006 1.0000000180025095e-35 9.5000000000000018 13.500000000000002 11.746500000000001 4.7885000000000009 1.0000000180025095e-35 111947.04500000001 1.0000000180025095e-35 11.000000000000002 0.95479515985978514 4.7015000000000002 0.99230113341243387 1.5000000000000002 4.5000000000000009 75.000000000000014 191480.78000000003 186803.90000000002 1.0000000180025095e-35 1.5000000000000002
decision_type=2 2 2 2 2 2 2 2 2 2 2 2 2 2 2 2 2 2 2 2 2 2 2 2 2 2 2 2 2 2 2 2 2 2 2 2 2 2 2 2 2 2 2 2 2 2 2 2 2 2 2 2 2 2 2 2 2 2 2 2 2 2
left_child=2 60 3 9 6 23 7 -5 -9 11 15 16 13 -13 -14 22 17 -1 -18 21 -21 -12 -11 -6 -25 26 -7 -27 29 33 32 56 51 48 -34 36 37 38 -30 45 41 -41 -42 -38 -45 47 -47 -37 53 -8 -51 -31 -50 -4 -39 -33 -32 58 59 -3 -2 -62
right_child=1 57 28 4 5 25 49 8 -10 10 19 12 14 -15 -16 -17 18 -19 -20 20 -22 -23 -24 24 -26 27 -28 -29 35 30 31 55 34 -35 -36 39 43 54 -40 40 42 -43 -44 44 -46 46 -48 -49 52 50 -52 -53 -54 -55 -56 -57 -58 -59 -60 -61 61 -63
leaf_value=0.019041294582401138 0.010109861777241323 0.017884069108838 -0.0050185498565488368 0.075745555665589548 -0.079713747937934953 -0.0053964460114472486 -0.0095308068615119496 0.024644340329346072 -0.027444969041294877 0.028785339010301628 0.032730019663098714 0.0080279857822204165 0.026180795459779527 -0.0050187800342986469 -0.0019533228133920425 -0.024354112508338091 0.007077256257766576 -0.011040657962675827 0.0011398546323966904 0.016462448327202939 -0.026816644130574243 0.0046602174923890492 0.072771220431222444 -0.056381875198776535 0.034861781973425036 0.00080042950363438654 0.0015170853489257267 -0.0053205845686779456 0.0039210489552923174 0.054145938292424527 0.033930527908293776 -0.019140763500867842 0.023734569462133759 -0.051270403002774668 -0.027362794680380366 0.003552349370137427 -0.081446405742818279 -0.044819338608692992 -0.055588356394213147 0.013126518732244056 0.0023720463555561544 -0.064906206400010033 0.0084495379182358762 -0.0025386061569448014 -0.029928888854114183 -0.024177523842672081 -0.0011059926437924689 -0.0003745181075353527 0.021330891112827429 0.066905660368334424 0.015568804022056421 0.01353746126581945 -0.021515648981219635 0.013572455998633125 0.0079759577360925017 0.010045877096166306 -0.00095556553301570993 0.030573212154730828 0.026930665549327076 -0.016793051465570193 0.020096047609359378 0.014528163183245854
leaf_weight=150.87345859408379 701.86823814362288 286.35235238820314 171.57934567332268 18.899671375751495 27.311649933457375 1759.8815893828869 16.166001543402672 51.399108365178108 92.361315354704857 128.72928783297539 109.9177580177784 683.44945450127125 207.47720618546009 5229.212977424264 195.95886108279228 20.298970475792885 5131.5354900509119 734.79071964323521 7767.7757840007544 68.432228714227676 146.87542553246021 2033.5358294546604 46.569151863455772 17.018180236220363 14.386616215109823 2317.3542876988649 9390.2099883109331 4495.9176262319088 1338.6704604178667 120.82499198615551 89.056101769208908 99.796388298273087 127.86861410737038 25.926389202475548 31.638572305440903 9719.898206397891 15.704239904880522 57.978628069162369 23.776804462075233 50.287959724664688 3543.3966569602489 42.694303795695305 3165.2533048987389 139.39330217242241 220.16053055226803 187.16570228338242 569.09615431725979 8671.8165912479162 28.166257053613663 52.279765799641609 25.029705077409744 33.91375607252121 131.20166710019112 308.8244903087616 13.894287168979643 48.910837292671204 26.681726947426796 476.45483860000968 337.01678666472435 16.005583360791206 580.30065204948187 2637.1809240281582
leaf_count=438 3325 1721 536 45 118 5911 56 156 339 357 300 2157 622 17302 647 69 16157 2516 25723 201 544 6338 104 69 40 7665 30515 14965 4134 287 232 332 355 97 106 30274 67 214 93 145 10710 168 9519 442 778 696 1877 27448 79 126 73 98 449 904 43 152 79 3813 2067 100 2819 12534
internal_value=0.00231426 0.0169937 0.0012574 0.000611472 -0.000878403 -0.00110711 0.0152139 0.00100461 -0.00882132 0.00181349 0.00660136 0.00120507 -0.00248704 -0.00351069 0.0125154 0.033743 0.00289675 -0.00591618 0.00350184 0.00435067 -0.013061 0.00609966 0.0404705 -0.0448782 -0.0145829 -0.000964039 0.000425884 -0.00323868 0.00216903 0.00845955 0.0185727 0.00596494 0.0291825 -0.000331842 0.0135993 0.00188704 -0.00374813 0.00100364 0.00288252 0.00228 0.00485751 -0.0227035 0.00523951 -0.0219105 -0.0193101 0.00136443 -0.00681592 0.00170081 0.00173241 0.0399401 0.0502848 0.0452459 -0.0139431 0.00693256 -0.0346131 -0.00954108 0.025888 0.0255372 0.0217845 0.0160484 0.0145613 0.0155324
internal_weight=74972.4 5035.18 69937.2 40933.6 18278.2 18022.1 256.136 162.66 143.76 22655.4 2554.36 20101.1 6316.1 5912.66 403.436 195.597 13785 885.664 12899.3 2358.76 215.308 2143.45 175.298 58.7164 31.4048 17963.4 11150.1 6813.27 29003.6 1244.39 578.691 264.445 314.246 665.698 159.507 27759.2 1809.58 1434.32 1362.45 25949.6 6801.63 92.9823 6708.65 375.258 359.554 19148 756.262 18391.7 639.772 93.4755 77.3095 154.739 159.368 480.404 71.8729 148.707 115.738 1115.83 639.375 302.358 3919.35 3217.48
internal_count=250246 26379 223867 133553 60078 59283 795 540 495 73475 7913 65562 20728 19459 1269 530 44834 2954 41880 7383 745 6638 461 227 109 59056 36426 22630 90314 3706 1641 795 846 2065 461 86608 5771 4484 4227 80837 20542 313 20229 1287 1220 60295 2573 57722 1968 255 199 385 528 1440 257 484 311 7701 3888 1821 18678 15353
is_linear=0
shrinkage=0.05


Tree=59
num_leaves=63
num_cat=0
split_feature=22 33 6 10 10 20 17 6 5 3 17 15 11 17 17 17 15 13 17 5 18 15 15 15 15 3 9 14 15 15 17 17 5 11 13 15 9 7 9 14 17 17 17 15 13 29 19 9 29 1 29 6 6 18 29 29 17 13 17 12 12 9
split_gain=427.236 39.8793 16.3259 20.6857 30.6306 20.578 22.944 17.7531 17.6558 48.0356 29.2959 16.2374 16.2631 15.9196 51.1581 25.6243 21.8952 52.5657 42.3434 15.8174 27.2963 29.9017 26.6351 25.5496 29.6932 20.3816 15.6512 31.8044 18.9184 17.7414 15.807 24.7879 23.1143 14.9647 27.8557 13.6098 13.5752 27.4015 18.7857 12.6797 11.7077 37.6982 34.1068 11.6835 9.57613 8.90252 8.21008 6.76412 14.6839 6.31386 6.28094 6.25494 5.37774 9.01778 5.74711 5.54166 5.45481 5.31828 6.41484 7.29815 13.7579 7.77508
threshold=1.0000000180025095e-35 1.5000000000000002 2.5000000000000004 0.92377850063357558 0.95659445267214971 75.000000000000014 29.831000000000003 21.500000000000004 1.5000000000000002 1.5000000000000002 3.8795000000000006 6.5625000000000009 -182.25499999999735 14.821000000000002 14.684000000000003 12.611000000000002 7.0345000000000004 339573.1766666667 28.958000000000002 1.0000000180025095e-35 2.5000000000000004 7.0785000000000009 5.7945000000000002 2.8970000000000007 6.230500000000001 1.5000000000000002 73850.000000000015 100.59202883592128 4.8095000000000008 4.2415000000000012 7.2425000000000006 7.3830000000000009 1.0000000180025095e-35 -1028.7449999999951 481878.17517736251 7.3725000000000014 232550.00000000003 354.50000000000006 192650.00000000003 1830.8713382775222 6.8195000000000006 8.4795000000000016 5.5215000000000005 4.4185000000000008 315752.39500000008 205035.02000000005 75.000000000000014 191750.00000000003 185857.32500000004 1.0000000180025095e-35 118210.37500000001 7.5000000000000009 11.500000000000002 4.5000000000000009 92831.240000000005 281407.95500000002 36.185000000000009 635126.83154553885 8.8520000000000021 -0.0030517202097109495 -0.0033927477350122995 397050.00000000006
decision_type=2 2 2 2 2 2 2 2 2 2 2 2 2 2 2 2 2 2 2 2 2 2 2 2 2 2 2 2 2 2 2 2 2 2 2 2 2 2 2 2 2 2 2 2 2 2 2 2 2 2 2 2 2 2 2 2 2 2 2 2 2 2
left_child=2 49 3 8 19 7 33 13 39 10 -10 44 -13 14 15 -4 18 -18 -15 23 21 -21 -22 25 -25 -5 27 28 -6 -29 32 -32 -28 34 43 -16 38 -38 -35 40 42 -42 -1 -7 50 -12 47 48 -3 57 -9 -8 56 55 -55 -54 -51 58 59 60 -2 -61
right_child=1 46 5 4 26 6 51 11 9 -11 45 12 -14 16 35 -17 17 -19 -20 20 22 -23 -24 24 -26 -27 30 29 -30 -31 31 -33 -34 36 -36 -37 37 -39 -40 -41 41 -43 -44 -45 -46 -47 -48 -49 -50 52 -52 -53 53 54 -56 -57 -58 -59 -60 61 -62 -63
leaf_value=0.0016835045621001105 -2.1757919869105974e-05 0.017664965695821273 0.0030830253799655279 0.020036161151779246 0.012270922150592658 0.0099512967984365756 0.048359949548521859 0.010127386984714815 0.087508179947443421 -0.028706685880444661 0.014008347620629916 -0.079220647998425014 -0.004015981909655404 0.0052737871936774892 -0.016823109456568626 -0.0031452850225726415 0.016881159485416727 -0.019734843973591581 -0.010086544266942278 -0.015774915493906815 0.0094459225387881259 0.03599914227393549 -0.011036204476928982 -0.014124046166535651 0.0029156656098542604 -0.021580120171518336 0.0014808400802881563 -0.0044885746526055004 -0.0050745098592942326 -0.02462427809191664 0.013182165173897113 0.0015836735989397798 -0.0022626595072689206 -0.0095404211968537472 -0.026398761906368952 -0.050611173238196472 -0.027366120027810921 0.010092647018278656 0.011867007427943074 0.038059404037918389 0.059852672801480822 0.00075804384274189137 -0.071491925361775385 0.056391848850940229 0.017749696042985218 0.053188702702384953 0.029854094882688104 0.025954208782705535 -0.04358670252805065 0.014306577509232615 -0.017264589950380365 0.011413324921637371 0.024346899007964565 -0.014896372970560149 0.01666491126436449 0.046399569752433166 -0.018752992147357737 0.02727613147022492 0.012622978492009614 0.0085395613889757208 -0.065965360173600038 -0.031384862208838168
leaf_weight=102.3437274992466 31.59053698182106 284.01472210884094 11896.03155426681 129.93194301426411 265.8072172999382 25.521171867847443 22.607680648565292 25.795440003275871 28.006825879216194 29.255421072244644 45.262584760785103 16.548142597079281 12.710301756858824 4506.0801636278629 77.733796790242195 1917.5940384417772 776.68542382121086 112.1729901432991 498.28100489079952 343.70578099787235 666.07833829522133 30.35019089281559 208.38168628513813 1062.8091671168804 336.64826661348343 38.032406538724899 9376.4166112989187 202.14150448143482 384.73621127009392 238.4219341725111 468.54015378654003 27378.052726477385 7360.4109647721052 413.93422342836857 28.544845402240753 48.335385829210281 196.80291427671909 64.927748396992683 136.19930411875248 27.374616682529449 31.904416561126709 175.1201665699482 18.858137965202332 28.855947002768517 33.455484628677368 21.330849304795265 463.85875062644482 333.80398297309875 10.133800253272055 2769.0648640990257 110.89614596962929 23.222559526562691 102.2163238376379 15.341632410883902 241.09872889518738 39.495002143085003 12.533920004963873 40.446123957633972 394.33497180789709 206.67082957923412 10.551238618791102 12.959264293313025
leaf_count=331 155 1732 36922 400 844 76 56 78 64 105 137 68 40 13354 259 6044 2217 377 1564 1174 2134 85 711 3668 1098 136 31077 668 1298 858 1480 87364 24860 1323 98 186 668 202 399 77 80 559 77 72 97 54 3813 2090 66 13359 364 64 493 79 1175 183 64 187 1880 979 58 66
internal_value=0.00220058 0.0163685 0.00119422 0.000694298 0.000592113 0.00236149 -0.00486623 0.00270087 0.0110289 0.0272867 0.0446028 -0.0121436 -0.0465506 0.00285012 0.00192905 0.00221842 0.0050288 0.0122603 0.00374437 -0.00446899 -0.000270215 -0.0115741 0.00456508 -0.00781348 -0.010025 0.0106129 0.000904141 -0.00501229 0.0020127 -0.0153855 0.00104894 0.00177883 -0.000165451 -0.00663355 0.0135991 -0.0297776 -0.00870006 -0.0180737 -0.00424048 0.00536631 0.00263966 0.00986508 -0.00970207 0.0345956 -0.00622703 0.0265584 0.0248093 0.0210829 0.0155548 0.0139911 -0.0120954 0.0296388 0.0149356 0.0203705 0.0147767 0.030493 0.0141576 0.00967959 0.00859484 0.00252682 -0.0165324 0.00618382
internal_weight=74911 4968.11 69942.9 48969.9 48490.5 20972.9 940.616 20032.3 479.457 123.856 94.6003 199.406 29.2584 19832.9 13939.7 13813.6 5893.22 888.858 5004.36 2815.94 1248.52 374.056 874.46 1567.42 1399.46 167.964 45674.5 1091.11 650.543 440.563 44583.4 27846.6 16736.8 894.786 82.922 126.069 811.864 261.731 550.134 355.601 328.226 207.025 121.202 54.3771 170.147 66.5934 1091.81 627.953 294.149 3876.3 136.692 45.8302 3179.75 398.152 256.44 141.711 2781.6 696.553 656.107 261.772 42.1418 219.63
internal_count=250246 26379 223867 159339 157855 64528 2958 61570 1484 360 255 647 108 60923 43411 42966 17512 2594 14918 9406 4104 1259 2845 5302 4766 536 148449 3668 2142 1526 144781 88844 55937 2838 246 445 2592 870 1722 1124 1047 639 408 148 539 191 7701 3888 1798 18678 442 120 15353 1930 1254 676 13423 3325 3138 1258 213 1045
is_linear=0
shrinkage=0.05


Tree=60
num_leaves=63
num_cat=0
split_feature=22 33 6 16 0 15 15 10 16 5 16 16 16 25 17 13 15 8 3 17 17 24 0 17 25 15 16 7 17 8 3 16 18 8 16 17 5 16 1 15 27 11 18 7 19 11 9 17 17 11 6 15 0 16 27 5 6 10 7 17 6 11
split_gain=398.72 35.9561 21.3259 24.0036 22.482 23.7196 30.5303 38.5195 29.2412 44.4317 39.3153 37.4327 33.8274 27.6345 20.3326 32.9586 34.5442 27.4215 18.3403 16.0113 15.7141 64.9394 34.2917 20.0672 22.0183 15.5907 27.0467 24.5541 25.3923 25.6062 21.485 25.5694 17.4817 19.0465 16.601 43.229 15.2368 14.0809 13.1116 26.4491 12.5935 12.4176 11.963 8.55918 6.42395 6.89102 8.17404 7.22158 8.93235 5.92327 5.39581 7.03407 7.73728 6.62446 5.85896 5.7757 5.3502 6.20469 5.41449 5.20751 9.36201 16.8551
threshold=1.0000000180025095e-35 1.5000000000000002 14.500000000000002 36.342500000000008 1.0000000180025095e-35 7.3005000000000004 7.3855000000000013 0.99485722108899821 21.493500000000004 2.5000000000000004 14.582500000000001 12.2385 22.724000000000004 10.500000000000002 36.185000000000009 248346.755 7.3855000000000013 262180.70000000001 1.0000000180025095e-35 14.941500000000001 35.487500000000011 1.0000000180025095e-35 1.5000000000000002 34.595000000000006 10.500000000000002 4.2815000000000003 7.8120000000000003 339.50000000000006 33.877500000000005 471666.61000000004 1.5000000000000002 9.7635000000000023 8.5000000000000018 344427.06000000006 25.771000000000004 6.4715000000000016 1.0000000180025095e-35 12.085000000000003 3.5000000000000004 7.4730000000000016 296179.69000000006 -103.89500000000406 9.5000000000000018 237.50000000000003 75.000000000000014 -977.61500000001968 213850.00000000003 10.729500000000002 4.2520000000000016 -414.44499999999238 7.5000000000000009 2.9925000000000002 2.5000000000000004 30.585000000000004 214389.67000000001 1.0000000180025095e-35 15.500000000000002 0.97751546195233419 347.50000000000006 7.0550000000000006 6.5000000000000009 -301.51000000000198
decision_type=2 2 2 2 2 2 2 2 2 2 2 2 2 2 2 2 2 2 2 2 2 2 2 2 2 2 2 2 2 2 2 2 2 2 2 2 2 2 2 2 2 2 2 2 2 2 2 2 2 2 2 2 2 2 2 2 2 2 2 2 2 2
left_child=2 50 4 25 5 8 18 19 9 11 -11 -1 -10 -14 20 38 17 -17 -7 -8 23 22 -22 40 -25 26 32 28 29 -27 31 -28 33 -4 42 -36 -18 -32 39 -16 -6 -9 -29 -40 45 47 -47 48 -3 -34 59 52 -52 56 55 -54 58 -58 -53 60 -2 -62
right_child=1 44 3 -5 14 6 7 41 12 10 -12 -13 13 -15 15 16 36 -19 -20 -21 21 -23 -24 24 -26 27 30 34 -30 -31 37 -33 49 -35 35 -37 -38 -39 43 -41 -42 -43 -44 -45 -46 46 -48 -49 -50 -51 51 53 54 -55 -56 -57 57 -59 -60 -61 61 -63
leaf_value=0.010337139797969068 0.010657838440920234 0.021848578052455613 0.0071847831911836723 0.058543114399928813 0.00023853934264263032 -0.086335924349480689 -0.050895693533624102 0.063853632210452538 0.058039482082194394 -0.03063010911280813 0.026432790613889326 -0.0024864795280193273 -0.0088785019081583216 0.019927247699219296 0.023794863893533962 -0.038991773357397994 -0.020051906249259621 0.026513992194281862 -0.018551370898782268 -0.0048451893949114973 0.016055439555440917 0.057868406355858208 -0.038156142717560126 0.04758605940508475 0.0078827381635007739 -0.0052989999423266355 0.03020719980064801 0.0063932434615727165 -0.060054203106591146 0.03286691827226023 0.015940857402486231 0.0024549104447689958 -0.052533738122582718 -0.017116101972490486 -0.032881993302596745 0.031807398811629459 -0.075045610422233469 0.043018965870552255 0.017499991909704946 -0.023349080926515338 0.0020039763205297054 0.0098598263870945044 -0.0056925133158939982 0.058916692901638971 0.02859657841211188 0.017285396685792896 0.029534110567758794 0.019911296253844735 -0.046898666328179031 -0.0082719144812332286 0.021482799545047102 0.026959958544648957 -0.024226652035257534 -0.010759471972539144 -0.03359071888545824 0.026320370680746354 0.0067417617599152407 0.027186132201669395 0.016784816947698417 0.014156934299966407 0.014287222906767073 -0.0583192523385926
leaf_weight=1544.0944821089506 1032.0583190619946 7.6608694940805462 606.97467868030071 20.648740395903587 49380.634104803205 19.489899575710297 29.522920399904251 21.548637568950653 45.656618252396584 153.61838158965111 37.566920548677444 901.21948154270649 110.26757320761681 339.92942951619625 189.46096700429916 20.628868654370308 39.490454018115997 70.833770886063576 20.448889061808586 52.337365955114365 37.974544107913971 27.176869571208954 125.82226470112801 43.474471211433411 177.457853063941 818.79105800390244 114.99368692934513 1047.9356061071157 20.131552070379257 46.440078929066658 89.997292011976242 298.2862144112587 18.343885317444805 92.985113874077797 31.386497184634209 145.76071268320084 18.493840947747231 102.90693755447865 19.606560677289963 35.292869329452515 12699.208850592375 21.051454782485962 254.47625075280666 34.29287052154541 443.94088964164257 340.62228090316057 226.96196345984936 24.592414021492004 12.328956365585325 12.855951026082037 29.992795422673225 272.57426866143942 9.8967314362525958 18.58310192078352 17.721963331103325 13.174397692084311 137.61727973818779 50.815443620085716 251.26254592090845 1985.5749732851982 18.847373396158218 13.879575423896311
leaf_count=4440 4996 49 1780 48 159436 81 106 50 106 527 101 2728 336 926 534 75 145 199 66 164 108 64 458 107 539 2598 303 3057 75 126 251 872 72 297 107 378 76 251 55 121 41093 64 797 81 3749 2112 1446 158 88 40 148 1324 53 98 96 63 698 243 1212 9647 92 77
internal_value=0.00206836 0.0158442 0.00110162 0.00478379 0.000894599 0.0049195 -0.013593 -0.0013872 0.00589111 0.00379606 -0.0194175 0.005611 0.0170307 0.0128718 0.00068371 0.0115433 -0.00740069 0.0117395 -0.0516298 -0.0214533 0.000609317 -0.0137114 -0.0255878 0.000653215 0.0156955 0.00448396 0.00879872 0.002044 -0.00454211 -0.0032505 0.016608 0.0101769 0.00232428 0.00395657 0.00598511 0.0203459 -0.0375919 0.030386 0.0217032 0.0163919 0.000599682 0.0371718 0.00403183 0.0438509 0.0240174 0.0206966 0.0221833 0.00176829 -0.0205521 -0.0342956 0.0136034 0.0172538 0.0022042 0.0187114 -0.0119702 0.00463741 0.0194803 0.0122551 0.0220794 0.0126441 0.00982296 -0.0165054
internal_weight=74847.6 4908.11 69939.5 3722.91 66216.6 3296.75 164.399 124.46 3132.35 2636.5 191.185 2445.31 495.854 450.197 62919.8 428.1 149.447 91.4626 39.9388 81.8603 62491.7 190.974 163.797 62300.8 220.932 3702.27 1337.34 2364.92 885.363 865.231 606.184 413.28 731.16 699.96 1479.56 177.147 57.9843 192.904 278.653 224.754 62079.8 42.6001 1302.41 53.8994 1056.11 612.166 567.584 44.5822 19.9898 31.1998 3852 801.639 70.7859 730.853 40.7931 23.0711 712.27 188.433 523.837 3050.36 1064.79 32.7269
internal_count=250187 26349 223838 11052 212786 9695 531 384 9164 7796 628 7168 1368 1262 203091 1286 495 274 147 270 201805 630 566 201175 646 11004 3866 7138 2799 2724 1677 1175 2189 2077 4339 485 221 502 791 655 200529 114 3854 136 7602 3853 3558 295 137 112 18747 3935 360 3575 212 116 3477 941 2536 14812 5165 169
is_linear=0
shrinkage=0.05


Tree=61
num_leaves=63
num_cat=0
split_feature=22 22 0 15 25 16 15 15 9 16 14 15 15 16 17 14 3 5 16 25 7 15 25 16 16 29 15 5 29 17 4 17 16 29 16 17 15 16 17 17 17 8 29 15 15 20 13 29 8 8 15 16 28 13 17 13 9 14 8 12 13 15
split_gain=365.734 34.4817 17.3107 24.364 52.3882 65.8162 37.8882 32.6683 40.5205 27.286 33.0113 24.4822 23.905 22.822 18.902 25.1905 18.8143 18.0003 60.6154 18.9908 16.3123 30.4801 21.474 24.0517 19.8228 15.7401 14.9153 21.9337 53.5929 41.82 37.4609 49.0865 33.2998 27.9531 19.8751 46.6125 35.3924 32.7761 31.6453 30.8497 27.1494 12.5849 11.7335 11.0148 10.9938 10.2661 11.3572 9.37505 8.82548 7.91025 6.18639 6.59616 6.28499 7.07614 6.10326 6.29092 10.1208 7.99652 5.91403 5.74801 5.42778 5.07846
threshold=1.0000000180025095e-35 1.5000000000000002 1.0000000180025095e-35 2.9785000000000008 8.5000000000000018 2.7055000000000002 3.1545000000000001 2.7770000000000006 270150.00000000006 6.1750000000000016 248.34578245933719 7.2810000000000015 7.3855000000000013 14.582500000000001 36.185000000000009 134.30897617850164 1.0000000180025095e-35 2.5000000000000004 21.493500000000004 10.500000000000002 347.50000000000006 7.3855000000000013 12.500000000000002 7.3995000000000006 7.3430000000000009 177494.45000000004 2.9925000000000002 2.5000000000000004 232024.69000000003 5.4690000000000003 1.0000000180025095e-35 14.756500000000001 11.821000000000002 58967.17500000001 6.3675000000000006 3.0140000000000007 5.8655000000000008 7.8120000000000003 25.072500000000002 16.449500000000004 3.1675000000000004 210935.81500000003 82898.010000000009 7.4730000000000016 7.355500000000001 75.000000000000014 1541008.4484885146 285182.37500000006 249219.15500000003 139953.55000000002 3.2725000000000004 29.146000000000004 96884.565000000017 462433.30166666675 7.0550000000000006 184020.85833333337 128850.00000000001 229.91978702278792 658358.28500000003 -0.90918383366681732 342984.94500000007 7.3005000000000004
decision_type=2 2 2 2 2 2 2 2 2 2 2 2 2 2 2 2 2 2 2 2 2 2 2 2 2 2 2 2 2 2 2 2 2 2 2 2 2 2 2 2 2 2 2 2 2 2 2 2 2 2 2 2 2 2 2 2 2 2 2 2 2 2
left_child=2 50 3 4 47 16 9 25 -9 10 -5 17 13 -13 26 42 -6 19 -19 -8 22 24 -17 -24 -22 -7 27 30 29 -29 33 -32 -30 -4 35 36 -28 40 -37 -39 -36 -14 44 -23 -16 46 59 -1 -11 -44 58 54 -53 60 55 56 -52 -57 -2 -3 -54 -56
right_child=1 45 14 6 5 7 11 8 -10 48 -12 12 41 -15 15 20 -18 18 -20 -21 21 43 23 -25 -26 -27 34 28 32 -31 31 -33 -34 -35 37 38 -38 39 -40 -41 -42 -43 49 -45 -46 -47 -48 -49 -50 -51 51 52 53 -55 61 57 -58 -59 -60 -61 -62 -63
leaf_value=-0.088188550749778855 0.0061683802585459722 -0.021594970232509416 -0.0084859921456431307 0.049602891756675344 0.070316166821962608 0.01734546593470954 -0.0010677559624123372 -0.052861671731573814 0.0069568351431912581 0.038939596678701005 -0.044661153615187882 0.0038425979698804404 -0.014964278321367062 -0.070527803328213137 0.032678662624528051 -0.036368749165147228 0.016032054780814108 -0.022137378329356677 0.045800460736844448 0.0093437813492934212 0.036919092418902164 -0.061521000394130512 -0.017777446082746808 0.032248258837031578 -0.0075253707240419444 -0.017017636076307154 -0.011038991588402764 0.01996945871644891 -0.033944494750163846 -0.010821896036208591 0.0093791676503522606 0.093822826595383782 0.042029810525912793 0.0032033073278753795 0.01556175248239651 0.00072604224062977802 0.0033656913941557884 -0.00027031514465585113 -0.0071927544466591931 0.0030245798790246876 0.0037521307933396767 0.016594393965204759 0.059892574539996114 -0.016970728976803056 -0.014761327601987352 0.027869397384271771 -0.031837866331932495 -0.034358158286159471 0.078417236167149379 0.025412371232736621 0.015261178461219146 -0.027122008431316558 0.006031221388198115 -0.032584592588755179 0.015940604123683835 -0.0016081657359575824 -0.0019136792590119462 0.016443549628374351 0.041020907433560093 0.019649700680660836 0.041088616143624218 0.0024626107265142785
leaf_weight=20.544086888432503 465.44224521517754 8.5122638046741468 605.04231286048889 19.165144711732864 32.725278660655022 84.670536980032921 554.17182850837708 79.262283831834793 44.040110811591148 27.798648849129677 18.021001815795898 15.889220580458639 78.885299161076546 29.407454088330269 28.947792708873749 17.903734266757965 31.160227179527283 161.27778160572052 41.224428549408913 2088.8909058570862 39.008813440799713 25.219274744391441 30.455868080258369 113.82410445809364 70.302848294377327 54.95274119079113 1710.8265903443098 211.10847622156143 176.5481524169445 230.86430464684963 1715.370327398181 17.3838941603899 15.705795750021933 3305.8471408039331 552.2111179381609 16908.763624668121 567.99863597750664 24543.422698259354 1363.3532330393791 9997.9950716048479 4099.8442773967981 52.690549477934837 37.547919049859047 30.842618510127068 21.12386167049408 436.49091689288616 10.9487082734704 13.340593084692953 28.849450007081032 29.863162845373154 146.07665027678013 16.055134139955044 88.349245965480804 10.570733807981012 1747.3040805831552 71.515846975147724 207.79194908589125 431.51938690245152 12.49866262078285 1108.2875094264746 12.61767979711294 72.803072638809681
leaf_count=82 2234 56 2029 46 71 237 1649 288 132 69 62 46 260 118 78 61 86 534 99 6002 106 103 103 304 224 179 6136 654 652 757 5358 34 41 10565 1737 54629 1904 79571 4445 30752 13027 147 87 111 71 3773 72 46 61 85 684 83 425 54 8271 345 1010 2019 55 6871 56 341
internal_value=0.00196681 0.0152492 0.0010464 0.00448558 -0.00781685 -0.00168108 0.00590954 -0.0127415 -0.0314962 0.0371993 0.00392103 0.00493812 -0.0131116 -0.0444401 0.000866496 0.0111364 0.043839 0.00606004 -0.00830692 0.00716079 0.00401226 -0.00703753 0.0152794 0.0216884 0.00833502 0.00382088 0.000797269 0.00311565 -0.00570048 0.00388561 0.00410639 0.0102264 -0.0277379 0.00139489 0.000553657 -0.000705753 -0.00744862 0.00121402 0.00013519 0.00068339 0.00515396 -0.00232637 0.0309994 -0.0370115 0.012665 0.0213585 0.0188385 -0.0669952 0.0590446 0.0446178 0.0123379 0.013234 0.00212713 0.00633736 0.0137634 0.0102839 0.00517609 0.0138772 0.00707981 0.0193353 0.0104123 0.0154015
internal_weight=74791.1 4846.78 69944.3 3476.97 360.696 326.811 3116.27 262.926 123.302 93.8342 37.1861 3022.44 176.873 45.2967 66467.3 445.04 63.8855 2845.56 202.502 2643.06 327.557 165.374 162.184 144.28 109.312 139.623 66022.3 6277.87 634.227 441.973 5643.64 1732.75 192.254 3910.89 59744.4 20550.9 2278.83 39193.5 18272.1 34541.4 4652.06 131.576 117.483 56.0619 50.0717 1564.24 1127.75 33.8847 56.6481 67.4111 3282.54 2804.6 127.593 111.538 2677.01 856.904 353.869 503.035 477.941 1116.8 100.967 1820.11
internal_count=250187 26349 223838 10214 1121 993 9093 836 420 238 108 8855 571 164 213624 1333 157 8284 633 7651 1012 544 468 407 330 416 212291 20090 2104 1411 17986 5392 693 12594 192201 67114 8040 125087 59074 110323 14764 407 321 214 149 10772 6999 128 130 172 15577 13288 618 535 12670 4058 1694 2364 2289 6927 481 8612
is_linear=0
shrinkage=0.05


Tree=62
num_leaves=63
num_cat=0
split_feature=22 19 6 16 0 15 15 10 16 5 29 16 2 10 15 17 13 15 8 14 10 3 15 15 15 14 10 10 15 4 15 17 5 17 9 28 17 24 0 17 0 5 17 29 10 14 20 13 15 16 17 27 9 8 28 13 8 10 21 9 13 10
split_gain=335.289 32.5957 19.3567 21.4077 18.4351 19.2522 25.4824 34.734 25.2998 36.4779 35.4721 33.9696 29.6986 31.9335 29.1845 16.5786 28.2512 29.6826 24.8707 16.7019 26.7315 16.5562 14.9477 26.0934 52.0761 30.0965 23.3494 22.7151 22.0006 20.4626 29.7953 22.9787 31.3942 25.7818 19.9457 17.2008 14.3458 58.5502 31.0888 18.0115 19.3458 13.8018 13.2534 11.6515 11.0462 10.5619 9.90298 10.3038 5.7286 6.0831 5.67951 7.2579 9.75844 8.68066 5.59074 6.30818 5.57107 6.99289 11.7379 10.8399 6.54706 5.56733
threshold=1.0000000180025095e-35 45.000000000000007 14.500000000000002 36.342500000000008 1.0000000180025095e-35 7.3005000000000004 7.3855000000000013 0.99558092701381251 21.493500000000004 2.5000000000000004 210303.06500000003 12.2385 2.5000000000000004 0.98968387448791695 6.7455000000000007 36.185000000000009 248346.755 7.3855000000000013 262180.70000000001 134.30897617850164 0.99301946081819115 1.0000000180025095e-35 5.7425000000000006 6.0395000000000012 5.964500000000001 367.1098277989376 0.96248172137494759 0.94700504083275838 6.0955000000000004 1.0000000180025095e-35 5.6125000000000016 2.8085000000000004 2.5000000000000004 18.058500000000002 151450.00000000003 164226.24000000002 35.487500000000011 1.0000000180025095e-35 1.5000000000000002 34.595000000000006 4.5000000000000009 1.0000000180025095e-35 14.941500000000001 296699.06500000006 0.98981272866211301 94.541950020274783 75.000000000000014 1541008.4484885146 3.2725000000000004 29.146000000000004 7.0550000000000006 183732.36000000002 128850.00000000001 190100.88500000004 96884.565000000017 462433.30166666675 658358.28500000003 0.99277980090779483 19.000000000000004 170350.00000000003 188808.13833333339 0.94142737454634162
decision_type=2 2 2 2 2 2 2 2 2 2 2 2 2 2 2 2 2 2 2 2 2 2 2 2 2 2 2 2 2 2 2 2 2 2 2 2 2 2 2 2 2 2 2 2 2 2 2 2 2 2 2 2 2 2 2 2 2 2 2 2 2 2
left_child=2 48 4 22 5 8 21 42 9 11 -11 -1 13 -10 -14 36 19 18 -18 44 -21 -7 29 24 25 -24 27 -25 -28 31 35 32 -4 -33 -26 -31 39 38 -38 43 -41 -19 -8 -6 -17 -9 47 -3 56 50 51 52 -50 -53 -51 -56 57 -2 59 -59 -60 -52
right_child=1 46 3 -5 15 6 7 45 12 10 -12 -13 14 -15 -16 16 17 41 -20 20 -22 -23 23 26 34 -27 28 -29 -30 30 -32 33 -34 -35 -36 -37 37 -39 -40 40 -42 -43 -44 -45 -46 -47 -48 -49 49 54 61 53 -54 -55 55 -57 -58 58 60 -61 -62 -63
leaf_value=0.0095074355288776516 0.0079871079777338767 0.018673624395280971 -0.012356309851807058 0.055306771936326438 0.00020665900852569771 -0.081141868701627665 -0.045948008002581829 0.007883384515087466 0.00994986428077148 -0.035164540341620955 0.0090121207033257728 -0.0027071289999828691 0.012950045474127142 0.046054469864525591 -0.027474607968550963 0.058124359800549044 -0.037957864007888267 -0.018766489482970675 0.024472522763063359 0.019666911002757283 -0.030705065232878487 -0.016111156016232243 -0.019221360990204661 0.0030659600147067132 -0.012264032457213546 0.024487199302193233 0.045745408472669169 -0.024926560767214199 0.0057931939161298528 0.0070852354339885877 0.049539056472810844 0.014597292772358425 0.037894989850989103 -0.0046237313765802365 -0.075528707093808128 -0.0091621635834379673 0.015078820980156544 0.054688971682544142 -0.03655405614039766 0.0092397584680712821 0.053985118804130421 -0.071622412067207569 -0.0046132981759226029 0.0019815782660869597 0.023952756518477093 0.060183656735109836 0.027155144981973491 -0.029447988755010632 0.014636260951573336 -0.025231604757601014 0.027350162987582478 0.035240001946589321 -0.0016108048094206973 0.011858380566818257 0.0099743069968917311 -0.030196270434300638 0.040233304521055384 -0.082264897055791458 0.039552608661104806 -0.011504398318419861 -0.011607922212095778 0.014191309122961524
leaf_weight=1544.7313549667597 414.84135802835226 1099.0322384312749 205.00490406155586 20.620325684547424 50787.735861212015 18.881379425525665 29.955718249082565 16.971738040447235 122.09663341939449 115.11399790644646 75.075886607170105 901.34606172144413 192.68606732785702 122.88076473772526 58.113360747694969 35.602039873600006 20.567329466342926 39.169453307986259 71.102562010288239 140.43360589444637 32.418210089206696 20.320749536156654 95.371139660477638 170.4054518789053 17.961783856153488 67.089356914162636 36.12822550535202 126.10224686563015 745.44741503894329 270.96192535758018 28.458258718252182 1249.808873206377 36.635358855128288 202.76639620959759 40.662869468331337 408.46341691911221 38.023331761360168 27.235654756426811 124.97708864510059 193.60227419435978 27.600017890334129 18.038328379392624 54.995799347758293 11304.222199529409 70.442989110946655 22.385971203446388 425.84726357460022 11.237614333629606 152.57559169083834 16.386237442493439 84.334134489297867 43.845143005251884 234.41578280925751 419.44595488160849 100.176658667624 10.829503312706946 12.115954943001269 8.6083390489220637 11.403312042355539 14.577879987657068 13.846759602427481 1714.6124702915549
leaf_count=4440 1994 6927 695 48 163976 81 107 52 343 405 223 2728 535 296 194 83 75 145 199 398 113 66 305 527 56 188 90 431 2202 796 69 3510 97 607 157 1274 108 64 458 576 70 76 173 36553 197 52 3773 72 723 83 409 198 1138 1999 481 54 55 49 50 72 69 8203
internal_value=0.0018701 0.0146704 0.000993895 0.00450247 0.000796716 0.00444211 -0.0122836 -0.00119905 0.0053153 0.00336652 -0.0177262 0.00500654 0.0156778 0.0280599 0.00358315 0.000605815 0.0104155 -0.00717135 0.0104655 0.0198035 0.0102197 -0.0474327 0.00421943 -0.000101178 -0.0157488 -0.00117156 0.00310772 -0.00883903 0.00763998 0.00655622 -0.000583125 0.00953921 -0.00473765 0.0119142 -0.0561453 -0.00268253 0.000538678 -0.0131709 -0.0245096 0.000580532 0.0148228 -0.0354326 -0.0191888 0.000529794 0.035425 0.0376309 0.0206729 0.0181866 0.011835 0.0127034 0.0132166 0.00984919 0.00479478 0.0140712 0.00203098 0.00605536 0.00676339 0.00588806 -0.0120896 -0.0377756 0.0114969 0.0148082
internal_weight=74736.7 4788.13 69948.6 3721.89 66226.7 3295.56 163.511 124.309 3132.04 2636.27 190.19 2446.08 495.777 244.977 250.799 62931.2 427.775 148.878 91.6699 278.897 172.852 39.2021 3701.27 1299.17 221.085 162.46 1078.08 296.508 781.576 2402.1 707.884 1694.22 241.64 1452.58 58.6247 679.425 62503.4 190.236 163 62313.2 221.202 57.2078 84.9515 62092 106.045 39.3577 1536.12 1110.27 3252.02 2776.62 2649.23 850.282 386.991 463.291 127.392 111.006 475.394 463.278 48.4363 23.1862 25.2501 1798.95
internal_count=250187 26349 223838 11052 212786 9695 531 384 9164 7796 628 7168 1368 639 729 203091 1286 495 274 791 511 147 11004 3956 706 493 3250 958 2292 7048 2139 4909 792 4117 213 2070 201805 630 566 201175 646 221 280 200529 280 104 10772 6999 15577 13288 12670 4058 1861 2197 618 535 2289 2234 240 121 119 8612
is_linear=0
shrinkage=0.05


Tree=63
num_leaves=63
num_cat=0
split_feature=22 33 16 16 17 14 10 15 3 15 10 12 16 29 13 17 10 15 28 4 27 12 15 7 8 10 8 7 16 12 17 17 14 15 17 9 12 15 10 9 12 27 9 13 17 7 10 14 19 21 16 7 10 10 12 13 16 20 14 27 14 9
split_gain=307.215 31.0072 10.9205 43.2653 33.9135 28.3879 30.4859 25.7586 33.8507 33.0703 25.0281 33.4797 24.5099 26.7534 67.1529 40.1165 24.4644 47.2755 32.9713 27.2078 36.863 23.6697 22.6343 21.8872 21.6859 21.591 20.703 20.0262 28.1492 17.7236 32.1121 55.829 38.9335 31.5637 20.5797 18.5101 17.3888 16.6629 39.8096 25.4789 16.1354 15.4803 14.4161 14.0228 13.3454 8.13617 7.85787 7.5237 5.71621 6.15644 5.27119 9.83593 5.38617 5.03921 5.00282 5.77036 4.67132 4.29625 5.76781 5.62581 9.97204 6.11659
threshold=1.0000000180025095e-35 1.5000000000000002 5.8520000000000012 5.7935000000000008 2.8085000000000004 911.57715078858689 0.94431916053725606 2.9375000000000004 2.5000000000000004 4.0685000000000011 0.99166667342144998 -0.0012839625678212998 5.9145000000000012 279677.50000000006 255567.18833333338 11.793000000000001 0.97479074919140063 5.831500000000001 128876.895 1.0000000180025095e-35 247904.58500000005 -0.0020526930606750496 6.0065000000000008 354.50000000000006 184486.08500000002 0.99764006976621911 363530.40500000009 356.50000000000006 2.5880000000000005 -0.0022372409647441493 14.821000000000002 15.493500000000003 542.54397696385774 3.3485000000000005 14.756500000000001 310150.00000000006 -0.00080892650243784986 7.4730000000000016 0.98272871976394216 127250.00000000001 -0.0022107534353959495 213231.92500000002 228150.00000000003 300791.4833333334 5.956500000000001 236.50000000000003 0.96489097515236766 341.75705454797139 75.000000000000014 57.500000000000007 6.8570000000000002 351.50000000000006 0.97672954513627419 0.92079361096708012 -0.0046832497768552498 211409.83833333335 18.343000000000004 45.000000000000007 907460.99727082055 82681.710000000006 105.81506242979742 104550.00000000001
decision_type=2 2 2 2 2 2 2 2 2 2 2 2 2 2 2 2 2 2 2 2 2 2 2 2 2 2 2 2 2 2 2 2 2 2 2 2 2 2 2 2 2 2 2 2 2 2 2 2 2 2 2 2 2 2 2 2 2 2 2 2 2 2
left_child=2 53 3 4 10 6 22 8 -7 -9 11 26 13 14 15 24 19 25 -19 20 46 -8 -6 -15 -4 -18 -1 42 -29 30 34 32 -32 -33 35 -14 -13 40 41 -40 45 -39 -12 -36 -42 -31 -5 -20 49 54 51 -51 -52 -2 -3 -56 -57 -55 59 60 -59 -61
right_child=1 48 12 16 5 7 21 9 -10 -11 27 36 29 23 -16 -17 17 18 47 -21 -22 -23 -24 -25 -26 -27 -28 28 -30 37 31 33 -34 -35 43 -37 -38 38 39 -41 44 -43 -44 -45 -46 -47 -48 -49 -50 50 52 -53 -54 57 55 56 -58 58 -60 61 -62 -63
leaf_value=-0.0026780204145187524 0.025881155580585853 -0.0088461789217417555 -0.016011696662087946 -0.081322674816403789 -0.012437654985488754 0.021478551503409094 0.0044964090014436957 -0.005008697137752597 -0.032724614279090285 0.0082506644880411643 -0.001975063304743245 -0.025609882731989827 -0.0029282310989079035 0.0090312123784888829 -0.067995399694040795 0.060766563603362758 -0.066774148871148603 0.065496013161689251 -0.049664546200454573 0.040144762515192667 0.045659082046119792 -0.00021401123495049358 0.01160196766716045 0.073642815056134764 0.027521990426873519 -0.00036035023162283891 -0.022860847941521188 0.01618011513936924 -0.0063287988442394666 -0.0049498644453203483 -0.0014586378708883359 0.031032228714589456 0.046218445493060728 0.0012917596020609839 -0.057266324667150106 0.003232467993132618 -0.0035444108803791754 0.063573019866162206 0.03152556734033081 -0.027199013402609093 0.0035177810652005769 0.0030548107806471192 -0.036558274030871744 -0.0070725835497548115 0.0012878102743950686 0.022145915192438127 -0.027476189190829271 0.0037746166465717594 0.026455690786051995 0.01007901320169022 -0.010959338123658478 -0.064914081656782238 0.02849303742199609 0.011044859572676785 0.016564547151836983 0.022893941560318289 0.03918529444087715 0.028167811348338817 -0.0090188161752284886 0.039266117696580484 -0.030374984066530959 0.016623445261445886
leaf_weight=1576.7197410613298 64.426235765218735 14.201197057962416 60.311762243509293 15.198665365576746 709.59058840572834 381.40147499740124 3342.7674750238657 714.89338777959347 31.157468602061272 1374.2009811401367 84.329139158129692 328.51060546934605 6830.3887188732624 21.712968125939369 24.971208095550537 44.057231366634369 75.63311330974102 15.696517005562781 14.776811555027964 27.11385515332222 12.721999719738958 13191.240762665868 113.58986781537533 33.070200607180595 54.41749981045723 14.599903136491774 138.19636362791061 351.78500233590603 229.52290184795856 34.2918900847435 64.794870883226395 91.984343662858009 126.25622902810574 2962.0748394727707 28.011893063783646 1484.1623875051737 122.60982447862625 20.638452798128128 20.671566292643547 173.47316806018353 9084.3388360142708 21.65344026684761 46.889214426279068 27.649531289935112 25661.471345260739 144.23242656886578 12.225068882107733 11.883128598332403 412.23763451725245 11.302779048681261 13.788065642118452 7.1307793110609046 23.22070088237524 3105.5541088804603 288.95086638629436 164.65891233831644 60.047629177570343 13.060523003339769 22.5169792547822 31.789540618658066 16.418161414563656 482.86313205212355
leaf_count=5415 326 95 206 65 2350 1138 10530 2365 116 4276 287 1236 22242 65 99 104 313 42 59 77 36 42657 352 81 164 49 528 1157 821 108 201 253 333 9150 109 4747 428 49 60 670 29363 70 178 88 80692 423 45 41 3749 76 96 54 151 15002 1873 1113 395 77 134 183 108 2917
internal_value=0.00177816 0.0141077 0.000944083 4.96709e-05 0.000253258 0.000988442 0.000270758 0.00596794 0.017385 0.00371328 -0.00481869 -0.0074927 0.00138044 0.017367 0.00822422 0.0202107 -0.023113 -0.0355727 0.00800421 0.00144901 -0.0246856 0.000738319 -0.00912045 0.0480344 0.00463687 -0.0560282 -0.00430445 0.00331016 0.00729272 0.00129892 -0.000394437 0.0038278 0.0300488 0.0021875 -0.00203139 -0.00182854 -0.0196127 0.00185832 -0.0113706 -0.0209463 0.00194788 0.0325877 -0.0143329 -0.0323328 0.00187084 0.0169412 -0.0573188 -0.0258451 0.0219489 0.0187638 0.00291389 -0.0189311 0.0137946 0.0120186 0.0204286 0.0212379 0.0272474 0.0117754 0.0157791 0.0168053 -0.00443761 0.0180221
internal_weight=74684.1 4732.17 69951.9 22937.3 22737.4 19858.8 17357.2 2501.65 412.559 2089.09 2878.56 2166.04 47014.6 238.541 183.758 158.786 199.849 132.589 42.3565 67.2596 40.1457 16534 823.18 54.7832 114.729 90.233 1714.92 712.526 581.308 46776.1 11615.3 3245.11 191.051 3054.06 8370.21 8314.55 451.12 35160.8 236.437 194.145 34924.3 42.2919 131.218 55.6614 34745.8 178.524 27.4237 26.6599 995.539 583.301 55.4423 18.4336 37.0088 3736.63 527.859 513.657 224.707 3672.2 566.648 544.131 29.4787 514.653
internal_count=250187 26349 223838 74561 73834 63784 55889 7895 1254 6641 10050 7607 149277 719 573 474 727 504 142 223 146 53187 2702 146 370 362 5943 2443 1978 148558 37123 9937 534 9403 27186 26989 1664 111435 849 730 110586 119 465 197 110055 531 110 100 7602 3853 377 130 247 18747 3476 3381 1508 18421 3419 3285 185 3100
is_linear=0
shrinkage=0.05


Tree=64
num_leaves=63
num_cat=0
split_feature=22 33 6 16 0 13 8 25 9 15 5 15 8 17 13 15 8 14 9 15 15 15 7 7 11 17 4 15 17 15 7 11 4 17 24 0 17 25 5 11 18 19 11 9 17 17 6 13 15 8 34 6 21 8 21 13 33 0 16 15 7 28
split_gain=281.33 29.3099 17.6756 19.3363 16.5219 17.8309 19.7927 32.4702 34.5237 34.4089 31.6057 37.0498 25.8785 15.0939 25.5156 26.8693 22.4935 15.2201 23.0726 13.7335 23.6107 47.1869 29.2756 28.4854 22.2587 20.7734 18.3831 27.0248 20.4283 30.531 23.3859 18.3367 16.4217 13.0512 52.975 28.3102 16.1417 19.8287 12.8804 10.9279 8.47453 5.50913 6.42645 7.94217 6.7559 8.12776 5.00463 6.50864 7.77348 7.76819 6.65964 5.33256 4.76799 10.1933 4.65364 4.43384 4.32661 6.49184 7.39553 8.48372 6.66549 5.321
threshold=1.0000000180025095e-35 1.5000000000000002 14.500000000000002 36.342500000000008 1.0000000180025095e-35 64388.834999999999 153407.07500000004 7.5000000000000009 205450.00000000003 5.3045000000000009 2.5000000000000004 6.682500000000001 131569.63500000004 36.185000000000009 248346.755 7.3855000000000013 262180.70000000001 134.30897617850164 223250.00000000003 5.7425000000000006 6.0395000000000012 5.964500000000001 339.50000000000006 288.00000000000006 -158.70000000000434 33.877500000000005 1.0000000180025095e-35 5.6125000000000016 2.8085000000000004 4.4625000000000012 221.50000000000003 -254.2750000000087 1.0000000180025095e-35 35.487500000000011 1.0000000180025095e-35 1.5000000000000002 34.595000000000006 10.500000000000002 1.0000000180025095e-35 -151.2299999999959 8.5000000000000018 75.000000000000014 -977.61500000001968 213850.00000000003 10.729500000000002 4.2520000000000016 7.5000000000000009 415144.11469889345 2.9925000000000002 389690.71000000002 1.0000000180025095e-35 15.500000000000002 57.500000000000007 124252.47500000002 13.500000000000002 421848.375 1.0000000180025095e-35 1.5000000000000002 28.673000000000005 6.1735000000000015 178.50000000000003 158118.97000000003
decision_type=2 2 2 2 2 2 2 2 2 2 2 2 2 2 2 2 2 2 2 2 2 2 2 2 2 2 2 2 2 2 2 2 2 2 2 2 2 2 2 2 2 2 2 2 2 2 2 2 2 2 2 2 2 2 2 2 2 2 2 2 2 2
left_child=2 46 4 19 5 -1 10 8 -8 -9 11 -7 -12 33 17 16 -16 40 -19 26 21 23 25 -21 -23 -22 28 31 29 -4 -30 -28 -24 36 35 -35 39 -38 -17 -6 -15 42 44 52 45 -3 56 48 50 51 54 -50 -44 -54 -48 -46 61 58 59 -58 -59 -2
right_child=1 41 3 -5 13 6 7 9 -10 -11 12 -13 -14 14 15 38 -18 18 -20 20 22 24 32 -25 -26 -27 27 -29 30 -31 -32 -33 -34 34 -36 -37 37 -39 -40 -41 -42 -43 43 -45 55 -47 47 -49 49 -51 -52 -53 53 -55 -56 -57 57 60 -60 -61 -62 -63
leaf_value=0.041912010679883267 0.0043886989473027535 0.019817540500884953 0.0077498045810699941 0.052587744432350515 0.00082138828316250976 0.0048876389340298896 0.012814602181632767 0.0033736739411753718 -0.019349630418643765 0.017093170691028389 -0.0097773592174733095 -0.020853470224634574 -0.074246738443902935 0.024004513205592572 -0.036377234680124819 -0.017833723271095298 0.023132620918178894 -0.0030536219777172816 0.035916501885673968 0.028623314533215483 -0.0050237449004180389 -0.071548156531340071 0.0043163235331915442 -0.015895585877630299 -0.00041458045873879191 -0.057259110013451853 -0.0078051924964015126 0.047208336005507556 -0.0022161530214951405 -0.030416116359189407 0.014266835252961503 0.010286229066408657 0.021566626996004635 0.014246455678279358 0.051870778367348505 -0.035046709465545285 0.044214289944142789 0.0065763195372607209 -0.069234061189425392 -0.00074631860462090016 0.054284083945169884 0.025748788810671688 0.016547774909088677 0.02717676009638334 -0.0029942784970602107 -0.046841003147527371 -0.0053571716154068661 0.027566880351655589 0.018623165130044708 -0.028620891220300367 -0.033409629224202174 0.0080444188187457407 0.034730423899796067 -0.028230218097591277 0.029956253276171321 0.04069746312255506 0.021920477303545488 -0.0085281183569855153 0.05254350051776624 0.0017944034896495418 0.011390843370972402 0.011113363329970639
leaf_weight=30.983089730143547 506.72572376579046 7.2673936858773258 164.23659950494766 20.574511274695396 47601.984744682908 787.94617488980293 132.80868764221668 1104.2032479345798 224.37701179087162 779.75039392709732 38.571821361780167 169.93681041896343 26.09762142598629 72.076020449399948 20.432230427861214 38.941101878881454 71.252072095870972 116.48050466179848 56.358772113919258 53.62491649389267 393.81447842717171 43.645674481987953 468.6591554582119 108.89952723681927 14.701852947473524 20.000114783644676 481.78822748363018 28.435086309909821 262.69497773051262 76.950919270515442 1189.9765829890966 197.46605153381824 195.52163311839104 38.059697553515434 27.245355874300003 124.11835658550262 43.554279610514641 178.02191843092442 17.740912452340126 14502.532340526581 34.011944755911827 402.62511525303125 293.32452151924372 210.27020049840212 12.254678457975389 12.334281012415884 29.757210113108158 92.430021017789841 443.86437967419624 10.011678062379358 14.520589999854563 162.82628782838583 10.147149384021761 17.542433738708496 13.590117156505583 11.035485520958899 216.10815035551786 43.314294807612896 15.466876953840254 69.104417935013771 1383.0484097748995 701.26627007871866
leaf_count=76 2489 49 511 48 153472 2291 374 3271 721 2162 127 569 104 200 75 145 199 362 149 147 1257 169 1379 346 44 75 1499 69 805 281 3312 571 539 108 64 458 107 539 76 47057 80 3749 1925 1446 87 88 149 461 2262 56 84 850 64 123 73 71 1138 237 78 373 7091 3406
internal_value=0.00169046 0.0135605 0.000896587 0.00424978 0.000708217 0.00415977 0.00380138 0.00643151 -0.00739033 0.00905204 -0.0019631 0.000320941 -0.0357942 0.000527549 0.00989301 -0.00685979 0.0098706 0.0188041 0.00965361 0.00398102 -0.000160869 -0.0150538 0.00289056 -0.00120658 -0.0536246 -0.00754834 0.00622115 -0.000546703 0.00904873 -0.00442704 0.0112861 -0.00254583 0.00939447 0.000463536 -0.0126409 -0.0234787 0.000503363 0.0139747 -0.0339215 0.0004553 0.0337122 0.0212646 0.0181202 0.0196232 -0.000496735 -0.0221271 0.0115277 0.0151239 0.013419 0.0150631 -0.00410302 0.015784 0.0146755 -0.0051576 0.00571418 0.017708 0.0105879 0.0121934 0.0188702 0.0170441 0.010786 0.00829252
internal_weight=74637.3 4678.84 69958.5 3720.99 66237.5 3294.67 3263.69 2241.14 357.186 1883.95 1022.55 957.883 64.6694 62942.8 427.294 148.366 91.6843 278.927 172.839 3700.42 1298.87 220.872 1078 162.524 58.3475 413.815 2401.55 707.689 1693.86 241.188 1452.67 679.254 664.181 62515.5 189.423 162.178 62326.1 221.576 56.682 62104.5 106.088 976.801 574.176 531.284 42.8918 19.6017 3702.03 767 674.57 616.702 57.8679 606.691 321.014 27.6896 43.3473 23.2902 2935.03 1727.04 300.679 285.213 1426.36 1207.99
internal_count=250187 26349 223838 11052 212786 9695 9619 6528 1095 5433 3091 2860 231 203091 1286 495 274 791 511 11004 3956 706 3250 493 213 1332 7048 2139 4909 792 4117 2070 1918 201805 630 566 201175 646 221 200529 280 7602 3853 3558 295 137 18747 3935 3474 3168 306 3112 2112 187 222 158 14812 8917 1589 1511 7328 5895
is_linear=0
shrinkage=0.05


Tree=65
num_leaves=63
num_cat=0
split_feature=23 19 21 15 13 17 13 4 16 16 5 15 16 15 0 16 15 15 7 28 8 13 1 14 0 15 3 18 7 13 29 7 0 17 10 5 17 17 16 13 15 15 13 15 16 18 7 8 6 17 14 0 14 8 7 14 12 1 15 0 12 16
split_gain=227.614 30.9041 13.3497 12.9929 35.67 34.8108 53.3965 33.6554 32.3063 33.6696 31.0387 30.7806 29.9141 30.9257 29.6544 28.4605 37.7036 28.0201 62.5347 31.5385 31.2983 45.1288 37.8081 27.8789 24.691 23.9154 40.257 51.7791 34.3116 46.5532 41.7448 26.3351 23.8802 31.29 23.7343 23.5354 22.9458 34.2878 53.6089 27.6372 21.9227 55.3632 45.7101 32.7554 31.3117 29.6293 24.5141 18.5178 17.6111 17.1183 15.3936 15.3547 39.0654 19.7098 14.6672 11.5763 8.60442 6.17882 6.38296 8.39376 14.9198 8.49532
threshold=1.0000000180025095e-35 45.000000000000007 62.500000000000007 4.6095000000000015 199761.84833333336 13.678500000000001 216068.36000000002 1.5000000000000002 17.137500000000003 20.257500000000004 1.0000000180025095e-35 3.3875000000000006 22.724000000000004 4.2055000000000016 3.5000000000000004 16.285500000000003 3.2915000000000005 4.6465000000000005 352.50000000000006 320718.81000000006 355616.05500000005 117492.69333333334 1.5000000000000002 373.39774423188328 2.5000000000000004 4.6815000000000007 1.5000000000000002 11.000000000000002 355.50000000000006 397948.92666666675 281407.95500000002 340.50000000000006 4.5000000000000009 13.760500000000002 0.95576425570825763 1.0000000180025095e-35 13.304500000000003 13.481000000000002 13.629500000000002 258566.16 5.884500000000001 5.900500000000001 122179.86666666668 4.7255000000000011 22.073000000000004 4.5000000000000009 178.50000000000003 121419.63000000002 6.5000000000000009 13.841000000000003 696.91692738966731 1.5000000000000002 441.81433708968967 288324.31500000006 168.50000000000003 1396.06586478132 -0.0013947168271173998 1.0000000180025095e-35 3.2915000000000005 4.5000000000000009 -0.0020159467295838497 5.9145000000000012
decision_type=2 2 2 2 2 2 2 2 2 2 2 2 2 2 2 2 2 2 2 2 2 2 2 2 2 2 2 2 2 2 2 2 2 2 2 2 2 2 2 2 2 2 2 2 2 2 2 2 2 2 2 2 2 2 2 2 2 2 2 2 2 2
left_child=3 57 -3 4 12 36 7 24 11 -10 -9 -8 13 15 -14 23 -17 18 19 34 21 35 -23 -1 -7 26 28 47 29 -19 -30 -29 54 -34 50 -20 51 39 -39 -38 42 45 43 -27 -44 -42 -43 -28 -36 -22 -5 52 -6 -53 -15 -21 -16 -2 59 -59 -61 -62
right_child=1 2 -4 17 5 6 8 10 9 -11 -12 -13 14 32 56 16 -18 25 20 55 49 22 -24 -25 -26 40 27 31 30 -31 -32 -33 33 -35 48 -37 37 38 -40 -41 41 46 44 -45 -46 -47 -48 -49 -50 -51 -52 53 -54 -55 -56 -57 -58 58 -60 60 61 -63
leaf_value=0.0030164806824180689 0.0047952664340915165 0.016615909947623467 0.032293150976631033 -0.074021957476894717 0.004332658986928588 -0.045854330654781339 0.016350041907829706 0.03722761459538803 0.035248545285855047 0.0020953531583659097 -0.037643229238207294 0.0018028734260326898 -0.072407130095112113 -0.023467751424766346 0.021762273273465652 0.080355753546290209 0.009505462440386879 -0.023863952232344981 -0.023148391594186465 0.060573365259975767 0.03169544158609832 -0.068250865123221621 -0.025146991836582522 -0.0029812871404161011 -0.011557162578496942 0.018520015661760276 0.081850384789594971 0.010769071546179319 0.02663814867633767 0.037836178984544881 -0.031994409070893341 -0.084001154424766578 -0.010732886744848923 0.023100277886932016 0.026584309553946885 0.039820306975247105 -0.00086139646844008138 0.015683389560477174 -0.057506299780325766 -0.059873912735170176 0.03866369295260999 0.0079255061535453194 -0.0010700879396826066 -0.0085164855299195395 0.0055718347435065327 0.0052414074159858482 0.00052805029015552717 0.034876540158432619 -0.009244863435515371 -0.02658638612108688 -0.0033226142328197194 -0.0023273370049734536 -0.01172750142583873 0.0021003557520837862 0.010387849391802872 0.013788333893612274 -0.030119576508930525 0.0072788441850892838 0.011556684722715212 0.012130693120362589 -0.013137537218443993 -0.07528739839315407
leaf_weight=8302.9840829074383 583.05228114873171 1306.4743400625885 151.54288994520903 16.522604078054432 613.63239713013172 84.969743400812149 472.36449804902077 48.024416536092758 194.7306541800499 126.22174924612045 19.448489531874657 1579.6827896982431 25.835564509034157 32.417123883962631 18.483487874269485 19.209930628538132 834.3365994989872 167.59923958778381 31.739288210868835 33.340727835893631 33.42424051463604 86.886125937104225 122.74063332378864 2527.1857205331326 137.22308275103569 117.32342730462551 25.61049884557724 17.55657842755318 170.88318303227425 37.392153605818748 36.91543373465538 12.585170194506643 309.65126453340054 87.690121874213219 63.984244480729103 27.869009539484978 29.267470970749855 107.12429223954678 32.643420904874802 61.594572708010674 148.67222014069557 1181.4141421020031 11791.429423555732 2481.4682060778141 2088.7580159157515 119.70099468529224 21520.358311787248 116.05408561229706 73.918697223067284 20.221121922135353 14.417619854211805 5516.8122185021639 988.77032524347305 4616.8595144450665 2432.3770979195833 21.911266177892685 14.078579008579252 348.22564013302326 2175.8549622893333 23.533830866217613 10.679856382310392 11.333308331668375
leaf_count=26176 2844 9344 1432 66 1857 300 1390 129 519 374 69 4931 101 109 55 45 2499 563 111 79 100 358 430 8122 460 349 60 56 504 99 137 53 1125 263 185 78 93 327 124 232 408 3609 38225 8218 6308 374 69026 327 235 70 47 18331 3173 15154 7347 67 50 1718 10742 114 53 64
internal_value=0.00146629 0.012226 0.0182454 0.000755695 0.00155935 -0.000185698 0.00498493 -0.0152811 0.00745874 0.0222103 0.0156467 0.00515151 0.0033074 0.00345078 -0.0324067 0.0023097 0.0111 0.000176757 -0.0110634 0.00922978 -0.025148 -0.0320968 -0.0430127 0.00161692 -0.0246729 0.000330331 0.0103692 0.0307072 0.00190441 -0.0126093 0.0162221 -0.0288006 0.00810885 -0.00326617 -0.00150039 0.00629173 -0.00133619 -0.0169547 -0.00141041 -0.0408655 0.000181564 0.00117991 -0.00121004 -0.00729591 -7.05792e-05 0.0237565 0.000913018 0.0433686 0.00737917 0.00972665 -0.0410773 -0.00102927 -0.00557734 -0.000310098 0.00994258 0.0420198 -0.000669433 0.00944218 0.0104966 0.00463872 -0.0155462 -0.0451349
internal_weight=74425 4610.7 1458.02 69814.3 29233.6 14629.4 2662.67 289.666 2373 320.952 67.4729 2052.05 14604.2 14545.9 58.3976 11683.7 853.547 40580.7 546.976 224.095 322.88 269.235 209.627 10830.2 222.193 40033.7 584.596 171.806 412.79 204.991 207.799 30.1417 2862.14 397.341 168.843 59.6083 11966.7 230.63 139.768 90.862 39449.1 22970.1 16479 2598.79 13880.2 268.373 22701.8 141.665 137.903 53.6454 30.9402 11736.1 1602.4 10133.7 2464.79 55.252 32.5621 3152.68 2569.63 393.773 45.547 22.0132
internal_count=249808 26311 10776 223497 93355 47463 8172 958 7214 893 198 6321 45892 45686 206 36842 2544 130142 1826 679 1147 977 788 34298 760 128316 1799 496 1303 662 641 109 8844 1388 533 189 39291 776 451 325 126517 73417 53100 8567 44533 782 72635 387 420 170 113 38515 5030 33485 7456 146 105 15535 12691 1949 231 117
is_linear=0
shrinkage=0.05


Tree=66
num_leaves=63
num_cat=0
split_feature=22 22 21 15 13 16 15 0 16 16 15 15 7 27 8 16 28 3 15 7 16 10 8 0 10 15 3 7 13 29 13 16 0 9 15 15 13 9 15 6 13 9 15 0 2 5 14 3 0 5 6 13 3 8 14 29 14 12 16 12 34 10
split_gain=208.027 28.9559 12.842 11.7224 32.1735 27.1145 27.8651 27.1777 25.6374 33.9845 26.5177 25.4008 56.8158 29.8149 39.6159 31.0126 28.3641 26.7793 24.9188 29.8 35.355 29.0858 26.4704 23.1984 21.5586 21.5287 36.0916 30.9353 42.0568 37.6249 28.3356 42.5705 21.5058 30.8335 19.7859 49.778 41.4708 48.675 37.1676 23.5894 19.5527 42.651 26.9659 26.6876 22.2089 22.7406 19.7893 19.2288 18.8947 17.1239 15.8316 15.4434 14.5673 14.529 14.1863 12.7767 10.3952 7.7808 5.68877 6.07862 9.3645 11.2749
threshold=1.0000000180025095e-35 1.5000000000000002 62.500000000000007 4.6095000000000015 199761.84833333336 22.724000000000004 4.2055000000000016 3.5000000000000004 16.285500000000003 16.426000000000005 3.9540000000000002 4.6465000000000005 352.50000000000006 116974.50500000002 355616.05500000005 9.2030000000000012 320718.81000000006 1.0000000180025095e-35 4.5485000000000015 358.50000000000006 9.1110000000000024 0.98113733726719532 300465.24000000005 1.5000000000000002 0.95576425570825763 4.6815000000000007 1.5000000000000002 355.50000000000006 397948.92666666675 281407.95500000002 125907.8016666667 4.6140000000000017 4.5000000000000009 76650.000000000015 5.884500000000001 5.900500000000001 126764.78570405096 130750.00000000001 4.831500000000001 20.500000000000004 216068.36000000002 223250.00000000003 3.0125000000000006 2.5000000000000004 2.5000000000000004 2.5000000000000004 1818314.125717131 1.0000000180025095e-35 4.5000000000000009 1.0000000180025095e-35 6.5000000000000009 249736.19833333336 1.5000000000000002 93873.630000000019 696.91692738966731 88397.72500000002 1396.06586478132 -0.0013947168271173998 1.0000000180025095e-35 -0.0012764046695060499 1.0000000180025095e-35 0.97501607511246158
decision_type=2 2 2 2 2 2 2 2 2 2 2 2 2 2 2 2 2 2 2 2 2 2 2 2 2 2 2 2 2 2 2 2 2 2 2 2 2 2 2 2 2 2 2 2 2 2 2 2 2 2 2 2 2 2 2 2 2 2 2 2 2 2
left_child=3 58 -3 4 5 6 8 -7 10 -10 -1 12 16 17 15 -15 24 55 40 21 23 22 -20 -21 54 26 27 28 -13 -29 -28 -32 53 -34 36 48 38 -38 -27 -37 41 42 -6 -43 45 -42 -46 -22 -36 -19 -26 -23 -16 -8 -5 -14 -18 -9 59 60 -2 -62
right_child=1 2 -4 11 18 7 32 57 9 -11 -12 25 13 14 52 -17 56 49 19 20 47 51 -24 -25 50 34 30 29 -30 -31 31 -33 33 -35 35 39 37 -39 -40 -41 44 43 -44 -45 46 -47 -48 -49 -50 -51 -52 -53 -54 -55 -56 -57 -58 -59 -60 -61 61 -63
leaf_value=0.0024497594973996954 -0.0050555037967012573 0.016015685615699084 0.031604332647939958 -0.07123950437628776 0.0083184837090776852 -0.06951946606779473 0.00013472271014869209 0.020594857155778169 0.052638108763330353 0.0081698409982062983 -0.0051592490965971204 -0.022735638970900109 0.0062622375706882774 -0.066593581776854344 -0.012790609083670537 -0.025983070382419766 0.057343524727171774 -0.07104115408730878 0.019852389770555093 0.027831169499657544 0.034363706063401341 -0.037058988421061076 0.060729628138772376 -0.037957861052408219 0.025150317324177635 0.0094642640314741445 0.07441412820516953 0.025185824207784004 0.035886729720940681 -0.030622011444402211 0.062986622311455701 0.0027850620438618461 0.038094105117982925 -0.0078236010278295767 0.028208868999232091 0.0009860663612296964 0.018049141586433486 -0.00048282807817486061 -0.0085368722509832542 -0.020992508581833286 -0.00079482929124046462 -0.0063371290528539672 -0.0074234426214040963 -0.060214083312272772 0.0019795742688665549 -0.010501314661134182 0.018459715682396627 -0.010409813027264654 -0.0082042246113899139 0.0019248289119462268 -0.0087905444261202666 0.012054919034419652 0.044263339005361849 0.011015842597805093 -0.0031582319730523861 0.060172513784022365 0.013068964556643593 -0.028781817440428022 0.010055325681474249 0.010642918892237146 0.030187094164231393 -0.0035802556477480558
leaf_weight=9531.4223084300756 240.86366225779057 1288.1419979706407 147.21452482044697 16.314768999814991 356.502561211586 25.56992195546627 359.00307442247868 18.552812442183495 45.374636068940163 809.25915758311749 1301.374142318964 167.13297452032566 28.544227048754692 80.504756763577461 31.39162090420723 112.99584850668907 33.454429864883423 15.134116783738135 113.33095912635326 16.364645913243294 61.883854568004608 23.149825647473335 60.877795428037643 73.953693211078644 64.243851616978645 322.2910578250885 28.682070940732956 171.67891852557659 37.450563743710518 36.64830282330513 41.11406846344471 102.76104076206684 40.7434973269701 356.03173278272152 226.97689208388329 22581.958062782884 364.10833927989006 13188.06926637888 2600.3449700474739 122.74734435975552 6562.895838573575 38.848143309354782 1148.3161837011576 56.289107725024223 5171.7917362302542 664.51670788228512 188.80820618569851 39.1509710252285 42.258567601442337 17.155859187245369 73.85375402867794 51.864624798297882 17.3831557482481 2108.94684445858 14.409839406609533 17.871686354279518 21.96018585562706 13.998368114233015 2548.9872813224792 241.18401554226875 49.194509282708168 49.690119110047817
leaf_count=30090 1206 9344 1432 66 1122 101 1124 55 114 2430 4208 563 93 338 109 400 79 61 330 47 179 82 149 281 185 987 69 504 99 137 100 327 128 1260 634 72217 1082 42395 8636 418 21780 120 3798 227 16217 2292 552 130 148 54 235 157 46 6332 47 46 67 50 12691 1158 232 248
internal_value=0.00139379 0.0117343 0.0176145 0.000717648 0.0014809 0.00314053 0.00327665 -0.0309425 0.00219343 0.0105308 0.00153567 0.000167702 -0.0105517 -0.0240424 -0.0327279 -0.0428788 0.00875933 0.00269372 -0.000176658 0.011534 -0.00330631 0.0229284 0.0341371 -0.0260376 -0.00142888 0.000313687 0.00983131 0.00180604 -0.0120044 0.0153683 0.0290349 0.0199884 0.00769597 -0.00310847 0.000172434 0.00112069 -0.00114989 1.50731e-05 -0.00655181 0.000867245 -0.000540308 -0.00574671 -0.00369407 -0.0382141 0.000121434 -0.00168728 0.00256003 0.017014 0.0224936 -0.0322739 0.00699895 -0.00310187 0.00754321 0.00943301 -0.0393094 0.0270195 0.039798 -0.000639177 0.00903769 0.00457256 0.00026328 0.0132188
internal_weight=74383.5 4565.28 1435.36 69818.3 29238.8 14610.3 14552.2 58.1211 11687.4 854.634 10832.8 40579.4 545.218 320.981 242.275 193.501 224.237 78.7059 14628.5 440.576 191.353 249.223 174.209 90.3183 168.822 40034.2 585.468 412.911 204.584 208.327 172.557 143.875 2864.73 396.775 39448.8 22973.9 16474.8 13552.2 2922.64 22704.7 14188 1599.96 1504.82 95.1373 12588 7227.41 5360.6 101.035 269.235 32.29 138.098 75.0145 48.7748 2467.95 30.7246 46.4159 55.4146 32.5512 3129.92 580.932 339.748 98.8846
internal_count=249808 26311 10776 223497 93355 45892 45686 206 36842 2544 34298 130142 1826 1147 893 738 679 254 47463 1355 637 718 479 328 533 128316 1799 1303 662 641 496 427 8844 1388 126517 73417 53100 43477 9623 72635 46108 5267 4920 347 40841 24072 16769 309 782 115 420 239 155 7456 113 139 146 105 15535 2844 1686 480
is_linear=0
shrinkage=0.05


Tree=67
num_leaves=63
num_cat=0
split_feature=22 33 24 15 10 13 9 2 6 29 17 16 17 15 9 6 17 29 17 16 6 14 15 13 15 16 16 16 15 10 9 29 3 16 28 16 15 10 16 3 17 10 15 0 10 10 21 21 10 11 12 17 11 13 29 16 16 15 12 13 5 35
split_gain=190.027 27.4534 11.7638 32.671 30.693 26.7947 32.2224 29.1269 22.0746 19.6933 22.0973 25.1601 23.6234 19.4414 18.0334 22.1843 16.0487 29.6328 23.757 15.7352 14.9734 16.5539 16.3847 14.854 14.4976 36.7891 21.0225 13.7499 38.5411 45.2439 62.393 31.9108 31.8815 55.6956 40.7628 43.7924 35.5744 35.0575 29.8913 26.8099 44.4194 19.1438 13.3693 12.4554 12.0829 13.0618 9.74934 6.71527 6.37586 8.88939 5.78765 5.60436 5.4981 6.08316 6.56687 5.09306 5.0464 6.33965 5.46753 12.156 13.54 13.5003
threshold=1.0000000180025095e-35 1.5000000000000002 1.0000000180025095e-35 7.4730000000000016 0.98128257540690755 67204.473333333342 94950.000000000015 1.5000000000000002 11.500000000000002 325825.72000000003 27.177500000000006 28.673000000000005 22.303000000000001 2.8775000000000004 355050.00000000006 10.500000000000002 3.8795000000000006 360529.31500000006 6.5970000000000004 36.342500000000008 20.500000000000004 239.0648889596915 4.3835000000000006 166161.60500000004 4.049500000000001 14.428500000000001 5.8520000000000012 8.7170000000000005 7.4025000000000007 0.99301946081819115 155850.00000000003 96964.210000000006 1.5000000000000002 9.9800000000000022 110886.14500000002 17.806500000000003 6.7245000000000008 0.98955028479435847 14.732500000000002 2.5000000000000004 13.375500000000001 0.96573413936525332 7.488500000000001 1.5000000000000002 0.98815809145401723 0.98436129071734835 62.500000000000007 57.500000000000007 0.96444330793092747 -286.12499999999994 -0.0029830478153450996 9.9890000000000025 -1934.1200000000533 195916.78166666671 104586.27000000002 5.5025000000000004 1.0000000180025095e-35 7.4730000000000016 -0.0022956656487542995 397948.92666666675 1.5000000000000002 1.0000000180025095e-35
decision_type=2 2 2 2 2 2 2 2 2 2 2 2 2 2 2 2 2 2 2 2 2 2 2 2 2 2 2 2 2 2 2 2 2 2 2 2 2 2 2 2 2 2 2 2 2 2 2 2 2 2 2 2 2 2 2 2 2 2 2 2 2 2
left_child=2 56 8 4 9 44 7 -7 27 10 12 -12 -4 -8 15 23 17 -11 -18 20 24 22 -22 42 25 -10 -26 28 39 31 -31 -30 33 37 38 -36 -35 -29 -34 41 -41 -1 -5 -23 45 -6 47 52 50 51 -49 -50 55 54 -54 -3 58 -58 59 60 61 -2
right_child=1 46 3 14 5 6 13 -9 19 16 11 -13 -14 -15 -16 -17 18 -19 -20 -21 21 43 -24 -25 26 -27 -28 32 29 30 -32 -33 34 36 35 -37 -38 -39 -40 40 -42 -43 -44 -45 -46 -47 -48 48 49 -51 -52 -53 53 -55 -56 -57 57 -59 -60 -61 -62 -63
leaf_value=0.0057622324696597459 -0.029485075550959191 -0.047461746809221425 -0.0012985177196177221 -0.06599884817961725 -0.048373248922206957 0.043325902301466622 -0.016788105649084204 0.0083093941672101167 0.0061558074858731847 -0.028143276461440676 -0.019519499556883022 0.02351813815692122 0.011439021592552329 0.0026653416932700966 0.022320785337804211 0.013219714938231715 -0.024878845793583695 0.014777949318340897 -0.0065915003176650463 0.040088766187239569 0.05274154226997723 0.018474920124276938 -0.0023042854355999 -0.083173033810386612 -0.0048015829974848885 0.031902500954782607 0.0055229258981210165 -0.017816970238520132 -0.033675395446613209 0.035830576917522047 -0.026991870820558834 0.034143965598078967 0.0035044519656043794 0.00065639879106373685 0.001060949004642251 0.0095592271061264392 -0.0049552681710476956 -0.00083817188721758236 -0.0088052296262262492 0.00084418183085180907 -0.01436317147298171 0.0012999258043223229 -0.0074327427669075245 -0.022294514746231876 -0.056108082777443384 0.009143486665191233 0.030913677627386629 -0.0031252334563376979 0.004768435333543387 -0.0041222104071140962 -0.060819563263146408 0.046217386562739944 0.027275931091173339 0.02394797734890472 0.01071186604087773 0.011639650721586377 0.01029520674230874 -0.030306697139223699 0.007818538543134702 0.026450451603768362 0.015661593920020717 0.022662975600551565
leaf_weight=2759.837418794632 72.08550825715065 5.9198217615485182 6698.158449113369 17.553950682282448 15.749435141682623 89.004094377160072 132.06262926757336 178.46418358385563 1079.1258291304111 52.642731681466103 274.03192673623562 38.762623026967049 384.92748209834099 4672.2781906276941 14.008263066411017 16.121278420090675 218.12483662366867 170.31385658681393 955.7790315002203 30.894480809569359 18.443624496459961 21.624126851558685 50.624362498521805 24.311780080199242 661.72048787772655 159.2151283621788 1934.2256424874067 782.91346979141235 18.666720524430275 62.70739620923996 106.89653052389622 244.93136718869209 853.26272805035114 14577.020145580173 3686.4783437997103 2574.6486595571041 3502.8346410542727 497.03368066251278 1168.5610263049603 1550.0400797128677 695.69993062317371 18617.163933843374 21.903159916400909 140.16122506558895 25.150743499398232 26.445141479372978 143.08432854712009 14.97705163806677 13.348510988056658 42.502158705145121 6.1243724115192881 20.962118532508612 77.307494424283504 333.1161275357008 264.76698292419314 9.4869372434914094 2922.5356215164065 9.6459130868315679 505.81517072021961 28.513023480772972 36.816808700561523 14.992178238928316
leaf_count=8813 394 49 21115 77 59 244 454 533 3159 190 890 106 1126 14612 44 45 768 527 3023 76 46 59 162 104 2073 406 5707 2709 67 180 397 708 2730 46366 11983 7869 11679 1626 3892 5162 2358 60624 72 480 97 80 1432 122 112 357 56 169 578 2643 2049 74 15267 48 2555 142 186 78
internal_value=0.00132485 0.011258 0.000681524 -0.000612926 -0.000414814 0.00265492 0.00307095 0.0199617 0.00100693 -0.002209 -0.00118063 -0.0141861 -0.000606301 0.0021306 -0.0300072 -0.0391826 -0.00765385 0.00464373 -0.0099895 0.0045402 0.00427004 -0.00809705 0.0123949 -0.0524304 0.00501463 0.00946609 0.00289115 0.000726988 0.00160109 0.0163799 -0.00376462 0.0293413 -3.36908e-05 -0.00114438 0.00256232 0.00455554 -0.000430819 -0.0112237 -0.00361022 0.00133007 -0.00386685 0.00187602 -0.033488 -0.0168453 -0.0286762 -0.0123251 0.0189062 0.0167273 0.00447304 0.0111604 -0.0198701 0.0300917 0.0184647 0.0191387 0.0144553 -0.0110692 0.0092735 0.0101616 0.00531712 -0.00298468 -0.00975886 -0.0205067
internal_weight=74342.5 4522 69820.5 14025.8 13931.9 5139.15 5071.81 267.468 55794.7 8792.74 7395.88 312.795 7083.09 4804.34 93.8984 79.8902 1396.86 222.957 1173.9 4096.03 4065.14 230.853 69.068 63.7689 3834.29 1238.34 2595.95 51698.7 24055.9 433.202 169.604 263.598 27642.8 19359.8 8282.95 6261.13 18079.9 1279.95 2021.82 23622.7 2245.74 21377 39.4571 161.785 67.3453 42.1946 931.596 788.512 97.9142 76.8128 21.1014 34.3106 690.597 675.191 342.074 15.4068 3590.4 2932.18 658.223 152.408 123.894 87.0777
internal_count=249808 26311 223497 44166 43824 16079 15843 777 179331 27745 23237 996 22241 15066 342 298 4508 717 3791 12168 12092 747 208 253 11345 3565 7780 167163 78309 1352 577 775 88854 62380 26474 19852 58045 4335 6622 76957 7520 69437 149 539 236 139 7641 6209 816 638 178 281 5393 5270 2627 123 18670 15315 3355 800 658 472
is_linear=0
shrinkage=0.05


Tree=68
num_leaves=63
num_cat=0
split_feature=22 19 24 15 10 16 2 16 15 9 18 6 16 18 12 1 27 8 29 13 16 16 14 16 8 10 0 0 0 15 15 18 15 0 16 9 9 9 9 16 10 5 9 15 2 5 15 5 10 2 20 9 15 21 15 0 12 15 10 16 8 13
split_gain=173.529 25.8181 10.6186 29.7774 27.6989 25.5925 34.1646 30.5455 38.2708 26.5766 20.059 19.9269 19.6885 18.5455 19.4248 45.4058 29.3922 18.7337 18.134 18.1212 18.0885 35.1125 32.5105 30.6637 20.2419 17.3104 22.8848 23.7734 17.2343 34.3204 29.4477 16.4276 13.7667 13.5914 29.3394 25.4133 44.754 22.7445 22.4011 27.9045 34.0089 27.6493 26.8412 25.4695 20.8971 46.2166 16.9212 16.6331 10.8382 15.0041 9.7988 8.91969 7.42866 6.25873 5.92332 7.40456 10.2531 13.5975 6.7494 5.84834 6.97343 6.75915
threshold=1.0000000180025095e-35 75.000000000000014 1.0000000180025095e-35 7.4730000000000016 0.98128257540690755 6.2635000000000014 3.5000000000000004 7.6070000000000002 7.3005000000000004 65650.000000000015 22.500000000000004 11.500000000000002 6.1750000000000016 13.500000000000002 -0.0022107534353959495 3.5000000000000004 97979.110000000015 72256.020000000004 325825.72000000003 141307.12333333335 11.931500000000002 16.140000000000004 729.74502923099601 19.012500000000003 177971.23500000002 0.99105471649688093 2.5000000000000004 4.5000000000000009 2.5000000000000004 5.6995000000000013 5.7215000000000016 9.5000000000000018 3.4615000000000005 3.5000000000000004 35.612500000000004 362700.00000000006 387550.00000000006 343050.00000000006 387550.00000000006 35.612500000000004 0.98968387448791695 1.5000000000000002 451850.00000000006 2.5485000000000002 2.5000000000000004 1.5000000000000002 5.4045000000000014 1.0000000180025095e-35 0.97501607511246158 1.5000000000000002 45.000000000000007 172950.00000000003 5.815500000000001 57.500000000000007 3.2915000000000005 4.5000000000000009 -0.0020724507419464496 2.9585000000000004 0.97524727504223085 3.6515000000000004 941755.70610688708 108840.67166666668
decision_type=2 2 2 2 2 2 2 2 2 2 2 2 2 2 2 2 2 2 2 2 2 2 2 2 2 2 2 2 2 2 2 2 2 2 2 2 2 2 2 2 2 2 2 2 2 2 2 2 2 2 2 2 2 2 2 2 2 2 2 2 2 2
left_child=2 50 11 4 10 6 9 19 -9 -6 18 33 -8 14 15 17 -17 -13 31 -7 22 24 51 -23 -22 26 -5 -28 29 -16 -30 -4 -20 34 35 37 -37 -1 39 46 -41 43 -43 -40 47 -46 -35 -36 49 -12 54 -15 -50 -52 55 58 -57 -58 -2 60 -56 -61
right_child=1 -3 3 25 5 7 12 8 -10 -11 48 13 -14 20 28 16 -18 -19 32 -21 21 23 -24 -25 -26 -27 27 -29 30 -31 -32 -33 -34 38 44 36 -38 -39 41 40 -42 42 -44 -45 45 -47 -48 -49 52 -51 53 -53 -54 -55 59 56 57 -59 -60 61 -62 -63
leaf_value=0.00086273352234072685 0.011807268329053188 0.023359906722216606 -6.2256771349334511e-05 0.0077927035931466063 -0.062193977771278421 0.032493914705569747 0.010888088692035365 0.0044866159855866698 -0.018586292327297041 -0.0064415031399824053 0.0071535391860537622 -0.040401734524786119 -0.039888988619151231 -0.021238071474966931 0.018993042553965563 0.027299219696193224 -0.038158308361171546 0.0026480742589642457 -0.016407423182382794 0.010619822071641217 0.064753583745274887 -0.021361437310761594 0.035665704056370526 0.014654767049692203 0.021184390779651924 -0.079801082187379566 -0.071262827029339323 0.012432056428126847 -0.0028659181412398578 -0.0012134482157461833 0.011230085989732063 -0.005634967525137583 -0.0047843722003278171 0.0017027663873860595 -0.0054741303822739701 0.014967496847480184 0.0020889349247324132 -0.0079450549906658185 -0.07266020503244848 0.0012709106220526864 -0.049476992866376829 -0.032091695183297346 -0.0042655875006807958 -0.0019040999316381143 0.053684846466656271 -0.01418099640117872 -0.0015693882432518047 0.025765132463124292 -0.020317216244097817 0.051745123147049245 0.014639115160252295 -0.075394677538110313 0.023095915548772002 -0.0023175841298162091 0.0052277658808370922 0.009243821992786774 -0.0059056709994162928 -0.071391584933342231 -0.0011852307013918862 0.0018277491030020149 -0.03521420545312455 0.011298583981929889
leaf_weight=28762.216530904174 203.80451986193657 374.79272706434131 5569.7854004949331 38.719815313816071 21.802766740322113 131.49321383237839 438.99536837637424 2908.7315658032894 191.55875346064568 1090.0881789922714 37.219123527407646 26.040081039071083 19.95837590098381 15.159224838018419 528.48671382665634 19.932507961988449 122.83107452094555 855.49045848846436 338.2715283036232 338.21136255562305 48.237831309437752 70.585347920656204 18.494636550545692 363.11430378258228 59.590401768684387 14.098530024290083 28.148530572652817 12.145592615008352 1022.5052697956562 348.85572558641434 581.05988743901253 1734.2108235657215 1031.9120394289494 9361.542866975069 114.19740673899651 864.11967648565769 3075.5516594648361 752.13249176740646 12.848172396421431 69.828303143382072 62.619463726878166 178.00306031107903 168.8914425522089 1258.9913016408682 82.845106944441795 35.981855675578117 6836.1155858933926 67.972034722566605 23.727201387286186 38.25265109539032 1023.3445343449712 15.253188103437422 16.852910727262497 57.474433653056622 505.96208973228931 27.45324395596981 19.812473632395267 13.213554471731184 196.17517845332623 209.90290857851505 10.888528771698473 1838.0506138950586
leaf_count=90315 1018 3788 17353 114 90 363 1303 8955 655 3620 118 95 72 48 1408 54 424 2616 1140 1021 106 232 49 1044 166 63 123 42 3134 1021 1711 5614 3288 31629 380 2533 9556 2449 60 232 289 699 627 4563 203 117 23307 204 82 101 6899 60 49 404 2499 136 96 73 986 1080 59 9273
internal_value=0.00125937 0.0107976 0.000647267 -0.00058266 -0.000394301 0.00252106 -0.00279729 0.0048612 0.003061 -0.00753474 -0.00209931 0.000956386 0.00867996 0.00431357 0.00293268 -0.00286006 -0.0290192 0.0013764 -0.00237558 0.0167434 0.0125114 0.0151414 -0.0166098 0.00879307 0.0406754 -0.0287641 -0.0196575 -0.0460352 0.00532434 0.0109584 0.00224184 -0.0013854 -0.00765388 0.000690453 0.00128159 0.00114177 0.00491369 0.000638279 -0.000421259 0.000134875 -0.022722 -0.00603165 -0.0185441 -0.00261888 0.0168223 0.0331345 0.000321775 0.00618203 0.0185503 0.0297547 0.00965095 -0.0484 -0.00228775 0.0137374 0.008191 0.00296941 -0.0133363 -0.0321063 0.00543493 0.00912843 0.00437577 0.0103279
internal_weight=74304.6 4480.87 69823.7 14024.2 13931.1 5140.84 1570.84 3569.99 3100.29 1111.89 8790.23 55799.5 458.954 4095.64 3505.2 1024.29 142.764 881.531 8674.18 469.705 590.435 541.528 48.907 433.7 107.828 93.1125 79.0139 40.2941 2480.91 877.342 1603.57 7304 1370.18 51703.9 33755 33454 3939.67 29514.3 17948.8 16330.1 132.448 1618.73 346.895 1271.84 300.996 118.827 16197.7 182.169 116.052 75.4718 4106.08 30.4124 40.5801 1080.82 3025.26 460.459 60.4793 33.026 399.98 2564.8 516.851 2047.95
internal_count=249808 26311 223497 44166 43824 16079 5085 10994 9610 3710 27745 179331 1375 12168 10463 3189 478 2711 27395 1384 1705 1548 157 1276 272 342 279 165 7274 2429 4845 22967 4428 167163 105757 104853 12089 92764 61406 55457 521 5949 1326 4623 904 320 54936 584 350 219 22523 108 131 7303 15220 2309 305 169 2004 12911 2558 10353
is_linear=0
shrinkage=0.05


Tree=69
num_leaves=63
num_cat=0
split_feature=25 33 15 14 17 15 16 16 1 15 7 27 27 1 28 18 17 14 14 17 4 16 16 28 10 15 25 14 27 14 6 17 15 15 13 9 15 18 7 10 6 28 26 28 27 10 28 12 12 14 21 17 28 15 14 28 21 7 9 9 11 17
split_gain=158.381 24.3638 10.4825 28.9567 46.0641 47.277 27.631 32.0607 31.597 22.844 52.2143 27.131 36.2556 31.3757 25.9245 21.7852 48.5749 45.0152 40.1877 32.0168 29.3255 23.0323 20.5257 22.7766 19.6395 19.4849 31.2203 25.7677 30.3311 26.938 23.7407 18.9253 18.0231 44.656 37.4963 28.0659 27.7563 25.6962 22.298 17.3208 16.9587 16.8408 56.2492 30.4387 15.0889 27.9939 13.7107 11.8243 10.3885 9.44353 9.2455 8.70622 7.57511 6.41746 6.07412 6.02036 5.27565 5.09926 5.37508 4.9276 4.95828 4.65211
threshold=1.0000000180025095e-35 1.5000000000000002 4.6095000000000015 291.05799261723615 14.297000000000002 2.8775000000000004 17.137500000000003 20.257500000000004 4.5000000000000009 4.6465000000000005 352.50000000000006 116974.50500000002 355555.93500000006 1.5000000000000002 320718.81000000006 2.5000000000000004 13.915000000000001 625.79602027506019 617.74555400405779 8.8520000000000021 1.5000000000000002 4.4435000000000011 22.724000000000004 165835.76500000004 0.96079258249606181 4.6815000000000007 9.5000000000000018 358.50811409609247 217858.06500000003 491.24092455256067 9.5000000000000018 13.841000000000003 5.884500000000001 5.900500000000001 122179.86666666668 416900.00000000006 4.7255000000000011 4.5000000000000009 178.50000000000003 0.95576425570825763 7.5000000000000009 106868.75500000002 1.0000000180025095e-35 98126.770000000019 80493.460000000006 0.99861454018881946 94210.310000000012 -0.0020159467295838497 -0.0010477415975338998 852.7547299558347 62.500000000000007 4.6475000000000009 94210.310000000012 2.5885000000000002 696.91692738966731 212423.02500000002 57.500000000000007 344.50000000000006 154950.00000000003 198650.00000000003 -162.28500000000346 3.3005000000000004
decision_type=2 2 2 2 2 2 2 2 2 2 2 2 2 2 2 2 2 2 2 2 2 2 2 2 2 2 2 2 2 2 2 2 2 2 2 2 2 2 2 2 2 2 2 2 2 2 2 2 2 2 2 2 2 2 2 2 2 2 2 2 2 2
left_child=1 -1 3 22 15 -6 8 -8 -7 10 14 44 13 -13 24 17 18 19 -17 -5 -18 -19 39 48 54 26 30 28 -28 -29 51 -14 34 37 36 -36 -27 -34 -35 47 -26 43 -43 -41 45 -12 -46 52 -24 -16 53 -11 -2 -3 -4 56 61 -52 -59 60 -60 -55
right_child=2 50 9 4 5 6 7 -9 -10 25 11 12 31 -15 49 16 20 21 -20 -21 -22 -23 23 -25 40 32 27 29 -30 -31 -32 -33 33 38 35 -37 -38 -39 -40 41 -42 42 -44 -45 46 -47 -48 -49 -50 -51 57 -53 -54 55 -56 -57 -58 58 59 -61 -62 -63
leaf_value=0.0084820730191231663 0.016982715310921586 -0.023438501266622863 -0.051936852652472991 -0.0040821136513248249 0.071869678652591709 0.0043495720132512442 0.031273235931376618 -0.00027834039451433149 -0.037293121142647628 0.074878995733269213 -0.069702898799683527 -0.065842073242892207 0.029703063173355072 -0.024488400847724662 0.06388753061225598 0.0032582181786504159 -0.039859050262701118 0.0048696680515861127 -0.0029255111504955132 -0.015419542463048519 0.029553015297555687 -0.0094918332472328018 0.014346540196845399 -0.080888645416263366 0.026720020589898037 0.0170280936447753 0.0036963004747576226 -0.031886543013618616 0.040220486601176754 0.0062511686371227206 -0.013491650725415756 -0.033348227524647965 0.035024811199999596 0.0074481631919193977 0.0005716583712456622 -0.0073087705897135792 -0.0078119611843385011 0.0039749270657814363 0.00039578628149266026 0.0023011238901140033 -0.0091484534501517761 0.0054881708445661459 -0.043198853526936636 -0.011667407518743785 0.041600676768673774 0.022356090833800295 -0.015387881989108884 -0.01924054007578354 -0.041668740042924889 0.021579176265355941 0.043510952012690896 0.037102554139573606 0.042181736334735202 -0.00072156948721181086 -0.010703512521825118 0.021400167191271587 -0.0021990409760993977 0.041474694684167222 -0.029284237773967312 0.022750005380652215 0.031878792421846061 0.016368313976058278
leaf_weight=3538.9291513562202 132.01192802190781 10.410182300955055 20.44767490029335 1966.9998299181461 27.029396027326584 2371.4063074439764 204.15383809804916 132.94413964450359 46.444194182753563 20.298886731266975 16.405608132481575 77.898444831371307 31.761261731386185 111.54884086549282 21.600546196103096 6293.2048002034426 110.44471378624439 1542.7570335865021 4510.6451962739229 911.17281468212605 17.648003160953522 340.85679569840431 21.94519783556461 14.691184341907499 61.771444901823997 117.81304454803467 219.03466711938381 82.565574049949646 76.762427225708961 105.4193222373724 20.669851735234261 19.033302649855614 149.9058786034584 1182.3887679129839 12639.598249971867 1240.7547779530287 2474.9187101274729 119.95127592980862 21523.452990680933 4068.955889120698 70.637707322835922 5969.4564322382212 59.919427946209908 431.34381097555161 29.179673656821251 16.627597853541374 16.534638479351997 18.666562840342522 13.289668053388597 33.87091526389122 44.782726764678955 61.344872891902924 38.527747318148613 45.043319456279278 15.858547851443289 312.74482621625066 54.693680804222822 27.351617693901062 10.40045343339443 48.833120502531528 4.8628257587552062 343.46207696944475
leaf_count=18670 378 91 79 6447 66 7289 546 399 160 48 67 334 95 396 49 20187 399 4916 14926 3017 50 1079 67 59 175 349 686 293 216 329 65 68 408 3609 40403 4130 8218 374 69026 12959 226 18548 214 1433 81 51 55 63 50 97 464 162 103 361 53 2585 458 284 116 517 51 2714
internal_value=0.00119713 0.0103523 0.000614762 0.00133641 0.000135242 0.006065 0.00541938 0.01883 0.00354966 9.46688e-05 -0.0100903 -0.0230863 -0.0314349 -0.0414925 0.00840143 -0.000915907 0.000313578 -0.00373852 0.00067649 -0.00767132 -0.0302958 0.00227083 0.00339723 -0.0285878 -0.00134796 0.000232854 0.00928252 0.00397556 0.0131747 -0.0104994 0.0343761 0.00607703 9.8402e-05 0.00100334 -0.00116376 -0.000132768 -0.00668324 0.0212232 0.000763033 0.00354621 0.00758489 0.00327678 0.00500432 0.000962271 0.0023832 -0.0233641 0.0209882 0.0185403 -0.00678096 0.038054 0.017685 0.0464948 0.0226756 0.0155514 -0.0339261 0.0160884 0.0123401 0.0296875 0.022918 0.0149994 -0.00979792 0.0143869
internal_weight=74264.1 4441.51 69822.6 29244.5 18475.7 2781.98 2754.95 337.098 2417.85 40578.1 543.176 318.989 240.242 189.447 224.187 15693.7 10931.9 4761.79 10803.8 2878.17 128.093 1883.61 10768.8 49.9261 168.715 40034.9 586.096 483.782 295.797 187.985 102.314 50.7946 39448.8 22975.7 16473.1 13880.4 2592.73 269.857 22705.8 10718.9 132.409 10529.7 6029.38 4500.3 78.7475 33.0332 45.7143 189.206 35.2349 55.4715 902.585 81.6438 170.54 766.354 36.3062 755.944 443.199 136.231 91.448 64.0964 15.2633 388.505
internal_count=249808 26311 223497 93355 59481 8460 8394 945 7449 130142 1826 1147 893 730 679 51021 35562 15459 35113 9464 449 5995 33874 176 533 128316 1799 1524 902 622 275 163 126517 73417 53100 44533 8567 782 72635 33698 401 33154 18762 14392 254 118 136 544 117 146 7641 210 481 6209 132 6118 3533 1432 968 684 167 3075
is_linear=0
shrinkage=0.05


Tree=70
num_leaves=63
num_cat=0
split_feature=22 22 6 16 0 16 5 16 15 15 9 2 3 5 25 4 9 9 16 15 14 4 8 0 7 16 15 16 25 2 11 11 3 35 6 10 4 15 16 13 7 6 16 16 16 9 22 15 7 6 15 7 14 3 8 10 10 15 7 11 7 7
split_gain=142.691 19.8545 13.776 22.6356 16.5537 20.4725 34.0439 32.3149 34.7737 44.8469 30.8491 26.1635 32.7164 24.6909 22.7064 21.9646 16.4619 31.0413 18.7769 15.4631 26.0603 23.4359 30.1639 27.5634 23.2689 19.8207 24.202 19.2112 14.7099 14.2856 14.1107 26.9103 17.7941 11.1373 15.9936 12.8832 18.1585 10.6608 10.5387 46.497 23.8513 23.655 13.1151 53.7338 20.6327 9.66052 6.78186 7.08787 6.33762 7.26865 6.9866 5.28271 10.0997 12.9508 6.45112 5.30744 5.57439 5.27452 11.1003 18.0997 4.84224 10.5848
threshold=1.0000000180025095e-35 2.5000000000000004 14.500000000000002 36.342500000000008 1.0000000180025095e-35 12.2385 2.5000000000000004 14.877000000000001 4.8685000000000009 7.2645000000000008 279950.00000000006 1.5000000000000002 1.5000000000000002 2.5000000000000004 11.500000000000002 1.5000000000000002 205450.00000000003 133050.00000000003 6.9715000000000016 5.009500000000001 1482.0096574291867 1.0000000180025095e-35 63988.770000000011 1.5000000000000002 340.50000000000006 20.849000000000004 6.4955000000000007 20.017500000000002 15.500000000000002 1.5000000000000002 -400.73500000001508 -176.95500000000172 2.5000000000000004 2.5000000000000004 6.5000000000000009 0.98200461065832123 1.0000000180025095e-35 4.4625000000000012 33.63750000000001 415144.11469889345 346.50000000000006 4.5000000000000009 23.015000000000004 24.045000000000005 21.251000000000001 205450.00000000003 1.5000000000000002 7.3005000000000004 178.50000000000003 4.5000000000000009 4.4385000000000012 357.50000000000006 819.74609761444856 1.0000000180025095e-35 107596.26500000001 0.98409068060543381 0.98185786450836532 7.4195000000000002 353.50000000000006 -137.37999999999008 238.50000000000003 288.00000000000006
decision_type=2 2 2 2 2 2 2 2 2 2 2 2 2 2 2 2 2 2 2 2 2 2 2 2 2 2 2 2 2 2 2 2 2 2 2 2 2 2 2 2 2 2 2 2 2 2 2 2 2 2 2 2 2 2 2 2 2 2 2 2 2 2
left_child=2 46 4 19 5 6 11 8 10 -10 -7 12 -1 14 -9 -13 17 -8 -18 20 21 22 -4 -23 30 27 -27 -26 45 -15 32 -32 -21 38 35 36 -35 -30 42 41 -41 -40 44 -44 -6 -22 47 60 49 -48 -51 55 54 -54 -53 56 -50 58 -49 -60 -2 -62
right_child=1 -3 3 -5 33 7 16 13 9 -11 -12 15 -14 29 -16 -17 18 -19 -20 24 28 23 -24 -25 25 26 -28 -29 37 -31 31 -33 -34 34 -36 -37 -38 -39 39 40 -42 -43 43 -45 -46 -47 48 57 51 50 -52 52 53 -55 -56 -57 -58 -59 59 -61 61 -63
leaf_value=-0.012617028010034115 0.012354441828234622 0.021185557404631721 -0.04678813819243894 0.053753111011564381 0.0002932425800648677 -0.03562121130648508 0.016337253014181687 -0.011455240726876911 0.016727646989926379 -0.052029678664387291 0.0070327267898054524 0.015913263067307431 0.018372666340841639 0.057136568296212401 0.0058252636560468547 -0.0035859031199156782 0.027972003019494082 -0.063944291529818564 -0.030780858175843341 0.0029498974121514102 0.027891182797658849 0.025587260843284117 0.0094623279382236771 -0.0091244762103261674 0.0024666682336707919 0.0019199532167503445 0.030671060310455651 -0.034080934602129291 0.027849677181670397 0.012609977687261721 -0.024291132714953343 0.0039577071150865128 -0.031336394455941469 -0.01253422237792335 -0.019645196888945001 0.046915730716647182 0.045937989439665095 0.065157648913263921 -0.0049644697151285735 0.049413107053764248 0.0066598601654577197 -0.025508772851434259 0.014619395426085924 0.00070792356442463524 -0.0047748004327320273 -0.016264563606690263 -0.033479975323834774 0.0069539233765807456 0.016067950118103094 -0.021541564890069347 0.019431158970556472 0.02796551294722327 0.01191016203032054 -0.055707678382134751 0.0090418937773681148 0.026159581789057904 -0.0043950806436171257 0.0074540986495642298 -0.069276320201859073 0.0080646791067520256 -0.0020736583320104716 0.0084084967908082814
leaf_weight=246.07301761209965 567.1060316413641 358.02025050669909 24.306008726358414 22.352227494120598 53610.572357699275 172.96347844600677 17.680112466216087 242.02871802449226 137.55690407752991 28.656075909733772 56.151884987950325 1040.4611619561911 130.2451398819685 32.014972493052483 885.95104444026947 167.69849081337452 28.921900361776352 37.747762590646744 25.667841389775276 392.23314367234707 22.946117654442787 65.995658323168755 1224.1340175122023 428.62433528900146 697.52592521905899 149.86415633559227 143.07358001172543 37.910707503557205 76.487252548336983 41.18924805521965 225.78207272291183 134.54384933412075 41.882800951600075 35.124929323792458 25.623589515686035 39.066057220101357 21.347051069140434 25.542649209499359 728.63161197304726 50.530681043863297 92.047308579087257 173.47118781507015 800.87731643021107 5207.8132733851671 2086.3903424441814 26.918280854821205 14.826628573238848 30.325207188725471 349.82110521569848 15.177084960043429 33.085663333535194 51.690346248447895 15.327130451798441 13.162657871842383 349.88035978376865 119.96631939709187 36.7802361138165 49.395125061273575 17.407505616545681 13.378591962158678 271.79783929884434 2114.1237404495478
leaf_count=779 2949 3766 88 51 173497 597 52 750 389 110 165 2888 371 73 2580 501 80 149 91 1211 61 173 3522 1341 2075 436 373 128 205 115 765 406 148 117 84 104 57 59 2445 125 304 595 2331 16274 6905 86 109 154 2440 109 225 353 104 97 2482 825 266 237 97 66 1404 10707
internal_value=0.00118656 0.00989775 0.000635583 0.00358779 0.000468696 0.00392549 0.00775336 -0.000137305 -0.012537 0.00487349 -0.0251675 0.00962085 -0.00189138 0.00394363 0.00211741 0.0132067 -0.0191422 -0.0383365 0.000346682 0.00328619 0.00644882 0.00471791 0.00836718 -0.00449299 -1.61416e-06 0.00496364 0.0159623 0.000582692 0.0263119 0.0320831 -0.00642895 -0.0137432 -0.000357988 0.00028775 0.0154324 0.0248403 0.00956894 0.0371895 0.000258508 -0.00472145 0.0218119 -0.00891507 0.000342819 0.00256213 0.000103395 0.0040546 0.00890317 0.00773626 0.012479 -0.00286008 0.00654655 0.0135122 0.00943685 -0.0193302 0.0114777 0.0169721 0.0141212 -0.00469618 -0.014517 -0.0356665 0.0082015 0.0072144
internal_weight=74323.9 4421.27 69902.6 3740.12 66162.5 3291.01 1694.5 1596.51 395.328 166.213 229.115 1584.48 376.318 1201.18 1127.98 1208.16 110.018 55.4279 54.5897 3717.77 1894.95 1743.06 1248.44 494.62 1822.82 1028.37 292.938 735.437 151.894 73.2042 794.442 360.326 434.116 62871.5 121.162 95.538 56.472 102.03 62750.3 1044.68 142.578 902.103 61705.7 6008.69 55697 49.8644 4063.25 3063.53 999.718 63.0894 48.2627 936.628 430.06 28.4898 401.571 506.568 386.601 110.506 61.1113 30.7861 2953.03 2385.92
internal_count=250046 26390 223656 11128 212528 9690 4911 4779 1261 499 762 4539 1150 3518 3330 3389 372 201 171 11077 5535 5124 3610 1514 5542 3012 809 2203 411 188 2530 1171 1359 202838 362 278 174 264 202476 3469 429 3040 199007 18605 180402 147 22624 15614 7010 443 334 6567 3036 201 2835 3531 2706 554 317 163 15060 12111
is_linear=0
shrinkage=0.05


Tree=71
num_leaves=63
num_cat=0
split_feature=22 19 6 16 0 11 16 17 17 17 27 10 5 28 15 15 13 17 8 29 10 16 29 28 28 14 15 17 28 3 17 26 16 15 21 16 6 12 11 5 10 19 15 21 17 21 16 0 1 8 10 0 15 12 21 16 28 8 8 17 10 16
split_gain=130.146 18.6258 12.4371 20.5787 14.9409 18.9387 21.9119 35.3237 45.8234 26.3509 43.6067 39.4866 23.7707 14.8448 13.9569 25.0274 26.1793 28.298 25.5956 18.7341 16.228 19.2243 18.2301 10.6721 37.3238 59.7997 38.0463 36.2856 29.672 42.5339 38.5554 25.881 24.7196 22.5217 21.8404 28.4526 18.8074 14.7245 9.72826 17.8492 7.99355 6.29805 6.43868 11.6745 7.29776 5.771 6.26251 9.46993 6.96667 4.96154 6.10077 9.38132 4.95295 8.46492 5.05233 4.91453 4.53974 4.49634 4.95089 6.86586 6.19665 4.79541
threshold=1.0000000180025095e-35 75.000000000000014 14.500000000000002 36.342500000000008 1.0000000180025095e-35 -1195.2950000000126 11.449000000000002 4.8145000000000007 3.8100000000000005 20.155000000000005 116974.50500000002 0.98544729340392678 2.5000000000000004 391037.46000000002 5.009500000000001 4.9665000000000008 278904.97833333339 16.449500000000004 300465.24000000005 58967.17500000001 0.97875334243518075 20.849000000000004 77365.710000000006 229422.285 241521.08500000005 376.63901070523144 2.8775000000000004 19.569000000000006 225694.25000000003 2.5000000000000004 12.550000000000002 1.0000000180025095e-35 26.498000000000001 7.3855000000000013 1.0000000180025095e-35 4.7945000000000011 2.5000000000000004 -0.0012398040788303497 -1431.8249999999823 1.5000000000000002 0.96907979652881138 45.000000000000007 7.3005000000000004 23.250000000000004 33.877500000000005 57.500000000000007 11.204500000000001 2.5000000000000004 1.5000000000000002 1.0000000180025095e-35 0.99203588930500952 3.5000000000000004 7.4195000000000002 -0.0011091443424095999 5.5000000000000009 34.205000000000005 244152.27000000002 384574.88000000006 307761.70000000001 5.5215000000000005 0.99436340743478879 7.2170000000000014
decision_type=2 2 2 2 2 2 2 2 2 2 2 2 2 2 2 2 2 2 2 2 2 2 2 2 2 2 2 2 2 2 2 2 2 2 2 2 2 2 2 2 2 2 2 2 2 2 2 2 2 2 2 2 2 2 2 2 2 2 2 2 2 2
left_child=2 41 4 14 5 13 7 8 -7 11 -11 -8 -9 38 15 16 17 -4 -18 -16 22 -22 -21 28 25 27 -27 -25 34 32 -31 33 -30 -26 36 -36 -6 -33 39 -1 -15 42 44 52 -2 49 47 -47 -49 -43 55 -52 54 -54 -44 -51 -46 58 60 -60 -3 -62
right_child=1 57 3 -5 23 6 9 12 -10 10 -12 -13 -14 40 19 -17 18 -19 -20 20 21 -23 -24 24 31 26 -28 -29 29 30 -32 37 -34 -35 35 -37 -38 -39 -40 -41 -42 45 43 -45 56 46 -48 48 -50 50 51 -53 53 -55 -56 -57 -58 -59 59 -61 61 -63
leaf_value=-0.01687217689584504 0.0075482589494674365 0.022086670603172726 0.0043835528415486292 0.051390010027602198 0.00041496074908670274 0.0014578402513370076 -0.0072381500164261457 0.012171928445574992 -0.050334995517497941 -0.04040567421548448 -0.0029553451345417157 0.011085325141106541 -0.018387076011636853 0.061362650052593309 0.035042243359578992 0.05734301901225141 0.032416602332623945 -0.018686622546572645 0.0079020265168270286 -0.046832140491655794 -0.00060742328505711295 0.017201520956063941 -0.0035088465822047093 -0.010019238964306013 9.1236127678036457e-05 -0.026469276923851315 0.0063054126915533353 -0.031643582120450514 0.018172588514072888 0.0078947173162683907 -0.074124132521428923 0.028722334984887601 -0.01361460992571949 -0.011788237747312209 -0.0076788201537998507 -9.6379418044486174e-05 0.0031717444855693827 0.00044554443290514075 0.041589488783539214 0.042126669117344112 0.023245166478432246 0.048733308157472489 0.0094292523637968181 -0.04610214144077357 0.040090615275459783 0.016812616466038773 0.014565246232275409 -0.073443756475784536 -0.010370987073579606 0.013762750352010498 0.010472393403136458 -0.018917019416824294 -0.012154598481856823 0.033237203720515987 -0.021505701477153739 0.045769178165076085 0.0037115124234339439 0.037212334354372975 -0.053332484943324522 0.01038105735876025 0.02845897277354776 -0.038061457214926098
leaf_weight=46.418759629130363 2893.9063118621707 275.28172544017434 1208.4336265921593 22.214533194899559 26558.650009259582 191.30456380546093 538.20891129970551 1214.6820302605629 54.979192614555359 100.94135646522045 338.00731261074543 648.0301304012537 67.154390782117844 27.113009765744209 37.354876831173897 23.556705519556999 150.74707378447056 149.34889344871044 362.57483993470669 24.841658860445023 454.72996383905411 227.27206879854202 1077.9027909934521 809.21143388748169 18763.370410695672 100.16416583955288 763.48805597424507 255.16547392308712 566.11813424527645 30.907613962888718 26.71154522895813 122.44136747717857 68.569315746426582 407.64365591108799 1697.304858610034 4564.0976575762033 8065.6171078532934 73.780077591538429 17.385665282607079 17.710657566785812 27.914988189935684 9.5567581132054311 23.177780233323574 14.595204904675482 28.013426952064037 10.754646681249143 24.09973656386137 9.0075738653540611 8.5183056071400642 771.07156968861818 107.70916434749961 36.30594489723444 17.393008165061474 25.082678630948067 30.656083919107914 12.183046899735926 12.359114415943621 36.213266089558601 5.2011531405150917 22.607197307050228 4.170063737779854 7.7341923043131828
leaf_count=147 14860 2945 3562 51 86378 586 1655 3414 203 362 1017 1856 226 60 100 56 395 470 1052 93 1375 627 3347 2770 60999 361 2437 911 1736 98 107 347 225 1488 5591 14417 24740 233 43 46 75 65 112 81 136 76 172 70 61 5459 756 268 89 112 160 83 64 384 60 246 44 87
internal_value=0.00112794 0.00948316 0.000603745 0.00340928 0.0004452 0.0037299 0.00294047 0.0072388 -0.0101041 -0.00110113 -0.0115675 0.00277178 0.010571 0.0219607 0.00312251 0.00612722 0.00548243 0.00184596 0.0151012 -1.85128e-06 -0.000735327 0.00532727 -0.0044848 0.000273328 -0.000636903 -0.00727126 0.00250429 -0.0152033 0.000739526 0.0110043 -0.0301282 2.35538e-05 0.0147384 -0.000161364 0.000565716 -0.00215178 0.00105715 0.0180901 0.00841521 -0.000578432 0.0420261 0.00852176 0.0073958 -0.00443018 0.00784278 0.0119879 -0.00416304 -0.0201227 -0.0427878 0.0128909 0.0125215 0.00306338 0.00188498 0.0146501 -0.00818688 0.0142606 0.028954 0.020527 0.0186088 -0.00153565 0.0205594 -0.0147593
internal_weight=74287.7 4385.6 69902.1 3738.98 66163.1 3289.85 3153.31 1528.12 246.284 1625.19 438.949 1186.24 1281.84 136.543 3716.76 1894.66 1871.1 1357.78 513.322 1822.1 1784.75 682.002 1102.74 62873.2 21295.3 1928.03 863.652 1064.38 41578 692.307 57.6192 19367.2 634.687 19171 40885.7 6261.4 34624.3 196.221 81.5151 64.1294 55.028 4034.39 3045.18 110.905 2934.28 989.207 52.3803 28.2805 17.5259 936.826 927.27 144.015 96.3096 42.4757 53.8339 783.255 40.3725 351.208 314.994 27.8084 287.186 11.9043
internal_count=250046 26390 223656 11128 212528 9690 9319 4429 789 4890 1379 3511 3640 371 11077 5535 5479 4032 1447 5542 5442 2002 3440 202838 69546 6479 2798 3681 133292 2166 205 63067 1961 62487 131126 20008 111118 580 236 193 135 22624 15614 554 15060 7010 379 207 131 6631 6566 1024 473 201 272 5542 200 3766 3382 306 3076 131
is_linear=0
shrinkage=0.05


Tree=72
num_leaves=63
num_cat=0
split_feature=22 19 6 16 9 15 15 25 9 6 18 0 11 16 5 16 15 9 17 16 28 13 28 9 14 15 15 0 28 17 14 17 14 17 17 10 20 11 5 10 19 15 17 8 10 0 15 28 29 11 12 12 28 15 8 29 10 14 27 28 27 12
split_gain=118.657 17.4603 11.2264 18.7316 13.9741 13.6861 19.738 19.9028 14.1444 14.6652 14.4855 13.487 17.1198 19.896 38.1622 29.0473 34.617 25.1038 22.8239 17.1573 13.468 13.0844 9.63234 45.7217 45.8424 27.0855 42.427 27.4468 26.7041 25.555 39.1028 33.5641 21.5972 21.5952 17.5613 27.5131 17.9879 8.79525 16.0801 7.31165 5.84153 5.84842 6.83143 5.43487 5.30993 9.74515 11.6062 5.82973 4.83142 4.5113 8.5989 7.42804 6.44006 7.06898 4.35763 4.6581 6.79829 4.47017 5.06531 4.34493 4.14245 4.14135
threshold=1.0000000180025095e-35 75.000000000000014 14.500000000000002 36.342500000000008 690550.00000000012 4.2815000000000003 2.7245000000000004 3.5000000000000004 506950.00000000006 20.500000000000004 5.5000000000000009 1.0000000180025095e-35 -1195.2950000000126 12.2385 2.5000000000000004 19.758000000000006 6.7455000000000007 245050.00000000003 5.1950000000000012 6.1225000000000014 391037.46000000002 577229.53333333344 229422.285 245050.00000000003 376.63901070523144 7.0785000000000009 6.581500000000001 1.5000000000000002 225694.25000000003 12.550000000000002 306.64001937031077 13.013000000000002 932.53942894372437 19.569000000000006 22.808500000000006 0.94291326956107946 75.000000000000014 -1431.8249999999823 1.5000000000000002 0.96907979652881138 45.000000000000007 7.3005000000000004 33.877500000000005 1.0000000180025095e-35 0.99203588930500952 3.5000000000000004 4.9075000000000015 106868.75500000002 1.0000000180025095e-35 -173.46000000001365 -0.0013947168271173998 -0.00079992003934889987 114115.21000000001 7.4195000000000002 384574.88000000006 305874.32500000007 0.99460403842948353 138.04115769079172 82681.710000000006 244152.27000000002 543431.33000000007 -0.0037040855686846998
decision_type=2 2 2 2 2 2 2 2 2 2 2 2 2 2 2 2 2 2 2 2 2 2 2 2 2 2 2 2 2 2 2 2 2 2 2 2 2 2 2 2 2 2 2 2 2 2 2 2 2 2 2 2 2 2 2 2 2 2 2 2 2 2
left_child=2 40 11 4 5 6 7 -4 9 -7 -10 12 20 14 18 17 -17 -15 -14 -16 37 -8 28 24 33 26 -25 -27 34 30 -30 -31 -26 -24 36 -36 -13 38 -1 -22 41 42 -2 -42 48 47 -47 -46 -45 50 -43 -52 -51 -54 55 56 57 -3 -59 -44 -56 -50
right_child=1 54 3 -5 -6 8 21 -9 10 -11 -12 22 13 15 19 16 -18 -19 -20 -21 39 -23 23 25 32 27 -28 -29 29 31 -32 -33 -34 -35 35 -37 -38 -39 -40 -41 43 49 59 44 45 46 -48 -49 61 52 51 -53 53 -55 60 -57 -58 58 -60 -61 -62 -63
leaf_value=-0.016040065452955124 0.0072141581740988977 0.037217275569125768 0.040904627976176819 0.049181509045380697 -0.041400928839302367 0.001702728539390381 0.0082086291539917779 -0.01524181213712881 0.045408246497521267 -0.010694477336002527 -0.0037824866993913446 0.00040000636900580682 -0.0045190443099067199 -0.01411176082971926 -0.0029702086013415406 0.013981922407955136 -0.0092342612027894629 0.004428181490432735 0.01141422440738849 -0.045114937411551176 0.058596710947223497 0.032056678461494979 -0.01041281374187188 -5.2608080484455535e-05 0.0072652039362414893 0.011891319466120405 0.0079795867269871028 -0.0085282094740675163 0.039178091453061399 -0.057750604185783289 0.0064098324438972816 0.0044522120382915458 -0.0057664146896984868 -0.026332312367683242 -0.017921450015699454 0.0041343193123677098 -0.0051607569316095663 0.039564769121678667 0.039909425748856364 0.022091249386557089 0.048655120837111716 0.0018782305312299834 0.039335470358366785 0.042641431325468965 0.032349176311647951 -0.062262994402882924 -0.0016181863211135476 0.0039701771679827294 0.0026269893245861775 -0.020424810719945386 -0.058588156830127594 -0.0036271388447480617 -0.00068070144129441792 0.046280367983913738 0.046586729565701493 0.00077330074122625343 -0.019416245172016719 -0.021558609419565 0.020394984985857959 0.0035363820595629421 0.0069750833111403444 0.013539309087180627
leaf_weight=46.386310964822769 2876.975114248693 39.639541305601597 17.709513023495674 22.055514320731163 17.663132056593895 2015.9609107673168 1127.5890322327614 145.14776246249676 35.335273206233978 270.56752264499664 25.962102174758911 34743.731945648789 273.72024631500244 534.43787541985512 48.771452665328979 469.91710041463375 243.90175528824329 277.33080148696899 1256.5868814438581 47.83436407148838 26.976545080542564 60.607149451971054 834.87994053959846 15425.461978808045 514.53293710947037 186.99932427704334 1840.1693460792303 1371.7747556120157 148.14288002252579 23.466526925563812 236.19912655651569 285.94947782158852 832.10830409824848 286.00594034790993 146.00273756682873 4480.6778504550457 1517.8275806754827 17.362158566713333 17.758547067642212 27.904686987400055 9.7499537393450719 39.295421913266182 27.145841613411903 13.251999303698538 23.002271555364132 11.163433846086262 26.900368612259626 84.850641224533319 99.05500228703022 14.221040673553942 14.647799700498583 10.593683682382105 18.277287364006042 14.270003274083136 26.182915441691875 34.86236335709691 10.431630201637743 7.4409100562334052 217.35994585603476 12.323543831706045 8.8245792575180513 711.21824133396149
leaf_count=147 14860 428 46 51 60 6052 3230 475 90 887 81 111947 853 1700 157 1299 777 819 3534 180 60 156 2877 50172 1644 563 5756 4782 422 94 762 888 2737 1015 487 13734 4958 43 46 75 69 199 136 91 156 86 191 608 702 73 78 49 91 64 284 383 114 85 2372 64 100 5107
internal_value=0.00107218 0.00908296 0.000573476 0.00323911 0.00296647 0.00317834 0.00718766 -0.00913631 0.000871175 0.000235753 0.0245738 0.000422852 0.00354412 0.00279379 0.00664025 -0.00130815 0.00604928 -0.00777782 0.0085643 -0.0238382 0.0208875 0.00942506 0.00025958 -0.000605279 -0.00700488 0.000233589 0.000803462 -0.00607857 0.000702429 0.0104299 0.0190402 -0.000265333 -0.000787214 -0.0144748 0.000537381 0.00343831 0.000167245 0.0079947 -0.000550411 0.0400353 0.00815398 0.0070683 0.0074976 0.011511 0.0111374 0.00234639 -0.0194042 0.0100227 0.0126951 -0.0041803 -0.0127494 -0.0355214 0.00764444 0.0199089 0.0198805 0.0179907 0.0201744 0.0217361 0.0190063 0.0281579 0.0366016 0.0122053
internal_weight=74253.1 4351.68 69901.4 3738.6 3716.54 3698.88 1351.05 162.857 2347.83 2286.53 61.2974 66162.8 3288.89 3152.5 1626.91 1525.59 713.819 811.769 1530.31 96.6058 136.388 1188.2 62873.9 21291.9 2467.53 18824.4 17265.6 1558.77 41582 693.758 384.342 309.416 1346.64 1120.89 40888.2 4626.68 36261.6 81.507 64.1449 54.8812 4006.94 3027.75 2916.44 979.192 969.442 145.917 38.0638 107.853 823.525 111.305 64.5369 25.2415 46.7683 32.5473 344.742 309.734 274.872 264.44 224.801 39.4694 35.0075 810.273
internal_count=250046 26390 223656 11128 11077 11017 3907 521 7110 6939 171 212528 9690 9319 4724 4595 2076 2519 4387 337 371 3386 202838 69546 8273 61273 55928 5345 133292 2166 1184 982 4381 3892 131126 14221 116905 236 193 135 22624 15614 15060 7010 6941 1041 277 764 5900 554 326 127 228 155 3766 3382 2999 2885 2457 200 384 5809
is_linear=0
shrinkage=0.05


Tree=73
num_leaves=63
num_cat=0
split_feature=22 19 6 16 7 17 18 26 8 9 0 34 16 16 9 5 17 17 9 16 16 0 9 10 16 17 35 6 20 17 17 18 21 9 28 10 4 17 21 19 7 8 11 6 7 14 17 10 14 18 0 7 10 0 11 9 0 17 10 9 29 14
split_gain=108.141 16.3473 10.1346 17.0672 12.7938 17.3299 27.907 17.0138 16.5488 13.6458 12.1785 15.5342 15.431 29.4767 29.1571 27.3127 22.7678 16.1015 13.4769 11.7974 55.5731 26.094 19.7394 19.3448 18.4885 16.7471 9.69437 14.4319 12.1481 25.0431 29.6612 18.126 17.0875 22.9259 13.6208 11.5832 16.1348 8.61113 6.65431 5.41142 5.80178 6.89983 12.6518 6.03715 4.7748 9.01925 7.65203 6.53174 6.29916 6.14977 4.51551 4.46475 8.41272 7.67509 6.14576 5.76082 5.43977 9.35288 5.64797 4.22277 5.99851 6.59701
threshold=1.0000000180025095e-35 75.000000000000014 14.500000000000002 36.342500000000008 338.50000000000006 26.851500000000005 11.000000000000002 1.0000000180025095e-35 185411.97500000003 475550.00000000006 1.0000000180025095e-35 1.5000000000000002 12.2385 19.758000000000006 245050.00000000003 2.5000000000000004 5.1950000000000012 36.185000000000009 205450.00000000003 14.428500000000001 13.049000000000001 1.0000000180025095e-35 186050.00000000003 0.96691585188524931 12.151000000000002 14.684000000000003 2.5000000000000004 6.5000000000000009 75.000000000000014 28.192500000000003 24.813500000000005 11.000000000000002 24.500000000000004 218450.00000000003 229422.285 0.98200461065832123 1.0000000180025095e-35 11.881000000000002 49.000000000000007 45.000000000000007 178.50000000000003 96588.025000000009 -493.59999999999121 4.5000000000000009 357.50000000000006 819.74609761444856 25.598000000000003 0.98327574308261456 507.3327926841738 3.5000000000000004 3.5000000000000004 238.50000000000003 0.95479515985978514 2.5000000000000004 -1934.1200000000533 466500.00000000006 4.5000000000000009 13.614500000000001 0.97568431768493247 391350.00000000006 311033.90000000008 395.83583314934589
decision_type=2 2 2 2 2 2 2 2 2 2 2 2 2 2 2 2 2 2 2 2 2 2 2 2 2 2 2 2 2 2 2 2 2 2 2 2 2 2 2 2 2 2 2 2 2 2 2 2 2 2 2 2 2 2 2 2 2 2 2 2 2 2
left_child=2 39 10 4 5 7 8 9 -7 -4 11 12 15 14 -14 16 -1 -15 -17 20 24 25 -22 -23 -6 -21 28 35 32 30 -30 -31 34 -34 -12 36 -28 -13 -37 51 41 -41 43 -43 46 48 50 -48 -46 -47 -42 54 53 -53 -2 -56 58 -58 -54 60 -3 -62
right_child=1 59 3 -5 19 6 -8 -9 -10 -11 26 37 13 17 -16 18 -18 -19 -20 21 22 23 -24 -25 -26 -27 27 -29 29 31 -32 -33 33 -35 -36 38 -38 -39 -40 40 44 42 -44 -45 45 49 47 -49 -50 -51 -52 52 56 -55 55 -57 57 -59 -60 -61 61 -63
leaf_value=-0.004204953150919938 0.037052793026857191 0.019855744800790665 -0.0018217924895683108 0.047109101537574166 0.0037845810605508451 -0.06974324228966719 0.025713536137114107 0.034977914924739111 -0.015798747517051154 0.029670777709011577 0.000815686549703768 -0.053456896743993648 -0.01318644540487399 0.0088071994119752282 0.0062533128164030879 -0.034828238139096634 0.011563850194108851 -0.034162069171757341 0.00070949826565459015 0.001809922721528506 -0.048761012853691922 0.037446353974069341 -0.01055863427179974 0.0096570041032228212 0.026060060183819563 -0.056770807663668092 -0.012137992352163252 -0.018999938056260799 -0.0032638200395804689 0.0072626691477722495 -0.033407133061211632 0.048159937069665926 0.00056650992640471009 0.019090233437143302 -0.00078653126543633256 0.024136942275322884 0.042872465955543101 -0.0066082819672140377 0.065294188386004315 0.04097723458659102 0.020414106584126693 -0.033044395042031563 -0.064726730342768851 0.010420784691941498 0.0084550361935537121 -0.047738901868312332 -0.019556153554107662 0.021277212374699556 0.034186042218625284 -0.00029163618468331889 0.0090821115363708665 -0.053878360984626651 0.012388153621000169 -0.0016619069071109917 0.010488658055008463 -0.021830996940341223 -0.0064640435912604296 0.011808609027518908 0.0057878246257276056 0.03718832015311492 0.026671775420203665 -0.020721529488096281
leaf_weight=278.40562972426414 21.276707716286182 277.19984913617373 1100.5670708566904 21.87898987531662 1433.9866731911898 27.902367889881134 20.558560237288475 34.155770674347878 28.986911445856094 35.506970062851906 39359.069987788796 17.878777384757996 537.79454283416271 713.96737121045589 300.75795862078667 54.333094373345375 1287.5591186285019 22.488410636782646 52.412416085600853 26.235023558139801 62.518697679042816 68.970890939235687 73.645412757992744 680.65034212172031 99.622345596551895 22.805969759821892 35.065896824002266 25.593617081642151 2454.00506067276 123.32529044151306 84.418054684996605 34.72027425467968 405.78957067430019 283.8958784788847 20007.723246589303 20.24159038066864 21.503623560070992 21.730072274804115 19.076466977596283 7.5814526975154868 325.44357249885798 10.308904729783533 8.8295549005269987 35.499342575669289 364.97012242674828 11.253501035273077 27.194685023277998 15.305361837148665 25.443491786718369 17.371182851493359 120.44361197948456 10.904121994972231 401.24867298454046 19.844953410327435 549.88169283419847 14.142282277345656 199.95184402912855 107.7765733897686 1686.0852273404598 29.891616508364677 11.660135369747879 19.830183770507574
leaf_count=867 108 3081 3426 51 4226 108 59 89 96 97 126136 64 1711 2042 879 200 3611 84 166 75 219 170 230 1937 266 79 117 84 7984 368 294 86 1282 844 65482 58 57 66 46 50 2339 75 68 250 2653 82 204 109 182 119 879 64 2076 104 2917 80 1030 545 8690 337 125 223
internal_value=0.00101917 0.00869698 0.000544737 0.00307765 0.00281841 -0.00130812 -0.024214 0.000207833 -0.0422568 -0.000837521 0.000401633 0.00336836 0.00374794 0.00019615 -0.00621412 0.00709227 0.00876039 0.00749509 -0.0173791 0.00490418 0.00251359 0.00990221 -0.028099 0.0122138 0.00523158 -0.0254324 0.000246521 0.0143574 0.000219204 -0.00306393 -0.00426627 0.0162472 0.000366613 0.00819145 0.000275709 0.023261 0.00877299 -0.027755 0.0441058 0.0077999 0.0110485 -0.00372171 -0.00992406 0.000639175 0.0120613 0.00814568 0.0154209 -0.00485101 0.0101319 -0.018945 0.0173531 0.00675377 0.00580804 -0.0201787 0.0106734 0.00967828 0.00614167 -6.4362e-05 0.00705661 0.0192441 0.0175065 -0.00317289
internal_weight=74219.1 4319.34 69899.7 3737.99 3716.11 1247.68 77.4478 1170.23 56.8893 1136.07 66161.8 3287.33 3247.72 1575.01 838.553 1672.71 1565.96 736.456 106.746 2468.44 1669.77 798.662 136.164 749.621 1533.61 49.041 62874.4 121.481 62752.9 2696.47 2538.42 158.046 60056.5 689.685 59366.8 95.8876 56.5695 39.6088 39.3181 3980.76 969.645 62.2193 54.6378 45.8082 907.426 419.038 488.387 42.5 390.414 28.6247 445.887 3011.11 2425.81 30.7491 585.301 564.024 2395.06 307.728 2087.33 338.582 308.69 31.4903
internal_count=250046 26390 223656 11128 11077 3875 263 3612 204 3523 212528 9690 9560 4716 2590 4844 4478 2126 366 7202 4941 2261 449 2107 4492 154 202838 362 202476 8732 8278 454 193744 2126 191618 278 174 130 104 22624 7010 443 393 325 6567 3036 3531 313 2835 201 3218 15614 12509 168 3105 2997 12341 1575 10766 3766 3429 348
is_linear=0
shrinkage=0.05


Tree=74
num_leaves=63
num_cat=0
split_feature=22 19 6 10 10 5 16 16 17 8 16 5 11 5 9 12 14 9 8 10 10 10 16 17 5 3 17 14 3 1 17 28 14 13 8 9 17 29 17 9 21 8 16 16 17 8 8 13 11 13 12 25 10 8 9 29 17 17 8 14 29 19
split_gain=98.5259 15.28 9.25543 17.5904 25.1228 17.3642 55.3742 32.8 31.6196 35.7687 22.0948 19.6674 13.0973 32.7933 24.5057 25.9887 19.2855 22.9533 25.1431 16.5338 19.7941 15.6352 14.8832 12.731 12.2256 31.7944 22.8609 15.3501 20.1008 12.1537 31.7248 35.527 53.659 54.1458 24.5111 56.6729 33.7246 28.6534 49.1816 27.3415 22.0791 28.5196 32.7666 39.6415 26.5638 24.0365 28.6405 22.9253 22.6316 29.0408 27.8412 22.3776 18.5685 18.2495 17.0746 25.5003 22.5963 16.7914 15.9728 5.76074 7.6257 5.01156
threshold=1.0000000180025095e-35 75.000000000000014 1.5000000000000002 0.96140661720286025 0.92377850063357558 1.0000000180025095e-35 26.238000000000003 19.012500000000003 8.9570000000000025 482488.99000000005 20.149500000000003 2.5000000000000004 -151.2299999999959 1.5000000000000002 52850.000000000007 -0.0007260588346204999 110.80150112069263 73850.000000000015 84581.380000000019 0.97546913430433135 0.96874458210672476 0.98917114532974504 11.530000000000003 3.6395000000000004 1.5000000000000002 1.5000000000000002 8.9570000000000025 352.63024626831583 2.5000000000000004 1.0000000180025095e-35 5.7500000000000009 168404.09000000003 429.20314434788878 221014.57333333342 145727.80500000002 141950.00000000003 5.956500000000001 180320.98000000001 27.564000000000004 142750.00000000003 13.500000000000002 146562.43000000002 3.6515000000000004 6.0730000000000013 28.598000000000003 167202.61000000002 181678.30500000002 258566.16 -1056.4850000000004 339573.1766666667 -0.0024157172183894996 6.5000000000000009 0.99242300966003005 171353.10000000003 103350.00000000001 96964.210000000006 4.6475000000000009 20.429000000000006 123348.01500000001 103.21477234746553 115291.98000000001 45.000000000000007
decision_type=2 2 2 2 2 2 2 2 2 2 2 2 2 2 2 2 2 2 2 2 2 2 2 2 2 2 2 2 2 2 2 2 2 2 2 2 2 2 2 2 2 2 2 2 2 2 2 2 2 2 2 2 2 2 2 2 2 2 2 2 2 2
left_child=2 61 3 4 24 8 7 -7 9 -6 -10 -8 16 19 21 -16 59 22 -19 20 -14 -15 -18 -21 27 26 -26 -1 -29 30 31 54 33 -33 35 36 -32 57 -39 -37 41 42 51 -44 48 52 -47 58 49 -42 -50 -31 -43 -34 55 -4 -56 -36 -46 -5 -61 -2
right_child=1 -3 29 12 5 6 11 -9 10 -11 -12 -13 13 14 15 -17 17 18 -20 23 -22 -23 -24 -25 25 -27 -28 28 -30 40 34 32 53 -35 37 39 -38 38 -40 -41 44 45 43 -45 47 46 -48 -49 50 -51 -52 -53 -54 -55 56 -57 -58 -59 -60 60 -62 -63
leaf_value=0.042782641036017782 0.0064517650925180262 0.018616345439620319 -0.0043667023254592196 0.00079737427060646573 -0.0030654917060676037 -0.0014897943055565627 -0.06324484811385904 0.020440180300115445 -0.017699063723717691 0.04879036956405422 0.0012203576370276893 -0.0028184422213894176 0.0089388726258638768 0.060094860519775153 -0.013057418039269714 -0.002906303721883388 -0.0053215619965960997 0.015145207478841597 0.00083172161429622489 -0.0038897564183625537 -0.019372636618623131 0.0037751829943378523 -0.033894347290333436 0.0016431460444500453 0.058888695997288854 -0.028843247265815122 0.0068865697487358038 -0.0035878602004078964 0.042269045302754396 -0.010898303358835003 0.059842630054588633 -0.014755847510336682 -0.051687576779743116 -0.059166855207839375 0.0091582259407339932 -0.084644309127293732 -0.0015715977059367774 0.0033818321970225185 -0.032686537051160203 -0.024287840180346968 0.038387397514353813 -0.0033399864764497803 -0.0074401531421843751 0.0066204832077302019 0.034133713124413871 0.010104565834239975 0.0012371900511018263 0.053127154585617946 -0.016688264544169534 -0.0023108006849237861 -0.002386936114942265 0.028330718519151882 -0.030954771821722623 -0.0015319643894183635 0.016292216411980497 -0.073042628091429931 -0.011401683436699754 0.029177101948808716 -0.0098336029256404778 0.016787651859618922 0.046573977847996322 0.01060221123504046
leaf_weight=22.961976662278175 2995.2740148231387 332.7033411860466 87.436157658696175 31.097381576895714 918.66177043318748 1306.0141096264124 46.290655240416527 196.10772784054279 786.08391797542572 34.503202974796295 192.01135915517807 18.989923685789108 87.278617009520531 22.457661092281342 933.08388574421406 1944.4425470978022 118.05333308875561 309.95425216853619 30236.004341647029 1205.1836938261986 210.96779246628284 27.307650297880173 74.233808949589729 7570.5049631893635 49.519656583666801 23.550367221236229 36.870192781090736 276.2984674423933 26.159552797675133 42.871479228138924 22.971307411789894 182.59535297751427 18.967336803674698 109.96282260119915 387.1017844825983 21.853093534708023 831.36731751263142 1640.8520278483629 100.28931011259556 132.71802946925163 69.581097617745399 1561.942609757185 576.51929506659508 3841.0408355146646 32.40633225440979 1014.2382684797049 8912.1181350201368 36.514931157231331 430.03973090648651 118.45066229999065 1630.979842081666 239.08478012681007 63.342804133892059 414.00732135772705 249.33388847112656 15.98858657479286 104.53788751363754 143.60853330790997 56.972304120659828 75.291113451123238 30.068942695856094 960.56052035838366
leaf_count=61 15614 3766 299 102 3100 4329 182 583 2731 98 611 63 273 58 3198 6412 395 923 98086 4126 732 94 275 24242 125 85 112 899 72 138 57 616 72 441 1153 88 2595 5056 355 447 181 4830 1825 11513 82 2967 27726 86 1422 369 5081 664 225 1349 766 68 339 390 175 231 83 7010
internal_value=0.0009688 0.00832512 0.000517469 0.000113386 -0.00308645 -0.00449593 -0.000585926 0.00137325 -0.00766927 -0.00118838 -0.013985 -0.045667 0.000406982 -0.00099468 -0.00559634 -0.00619796 0.000951818 0.000868557 0.000976963 0.000489836 -0.0110876 0.0291906 -0.0163523 0.000883301 0.00824049 0.0226558 0.0366948 0.00337039 0.000378297 0.00133667 -0.00100667 -0.00802693 -0.0149065 -0.0314485 0.00152438 -0.00496089 7.96973e-05 0.00440443 0.0013043 -0.032821 0.00189823 0.00255632 0.00584025 0.00478548 -0.0026049 0.00122033 0.00214323 0.0197456 -0.003856 0.0127496 -0.00537096 0.0223659 -0.00441623 -0.00372913 0.00288792 -0.0149834 0.00811111 0.0145753 0.00610778 0.0197072 0.0252884 0.00745958
internal_weight=74188.2 4288.54 69899.6 46810 3934.02 3498.66 1567.4 1502.12 1931.26 953.165 978.095 65.2806 42875.9 12001.2 2927.29 2877.53 30874.7 30738.2 30546 9073.94 298.246 49.7653 192.287 8775.69 435.36 109.94 86.3898 325.42 302.458 23089.7 4463.59 1182.83 725.533 292.558 3280.76 1008.91 854.339 2271.85 1741.14 154.571 18626.1 16251.2 4699.52 4417.56 2374.94 11551.6 9926.36 125.894 2249.05 188.032 2061.02 281.956 1625.29 432.975 457.297 103.425 353.872 530.71 89.3786 136.457 105.36 3955.83
internal_count=250046 26390 223656 152281 13051 11697 5157 4912 6540 3198 3342 245 139230 39135 9762 9610 100095 99679 99009 29373 1005 152 670 28368 1354 322 237 1032 971 71375 14091 3950 2478 1057 10141 3187 2652 6954 5411 535 57284 49888 14140 13338 7396 35748 30693 343 7053 550 6503 802 5055 1421 1472 367 1105 1543 257 416 314 22624
is_linear=0
shrinkage=0.05


Tree=75
num_leaves=63
num_cat=0
split_feature=22 19 6 18 17 17 16 3 15 16 16 16 17 17 18 21 17 11 3 15 17 10 10 15 14 15 15 12 11 11 17 16 9 16 8 17 15 29 3 16 9 16 11 15 15 15 14 3 18 12 16 6 17 28 12 6 29 15 11 14 17 17
split_gain=102.895 16.3588 14.2435 18.4545 31.9886 47.1135 39.1489 36.799 34.5448 30.3818 27.9141 38.0276 25.7902 27.2511 24.3386 31.8856 28.244 21.7184 21.5586 40.713 25.4719 13.8451 27.2887 24.9117 38.8004 24.7155 20.1326 15.7423 15.2447 21.8228 20.0759 21.1951 15.2653 22.2558 17.2937 35.1481 15.4912 15.2 14.3107 30.6507 25.5358 24.4822 14.8154 21.2777 13.9896 20.0878 19.7858 13.4176 11.9504 11.6219 10.5515 8.67422 9.3176 9.13087 8.62748 7.11309 6.92597 6.81101 10.4648 6.81986 6.30123 8.33435
threshold=1.0000000180025095e-35 75.000000000000014 2.5000000000000004 5.5000000000000009 2.8085000000000004 2.9640000000000009 15.019000000000002 2.5000000000000004 5.8655000000000008 3.2455000000000003 20.731500000000004 29.438000000000006 36.185000000000009 35.487500000000011 1.5000000000000002 13.500000000000002 3.0810000000000004 -452.79999999999558 1.5000000000000002 6.6295000000000011 16.449500000000004 0.96140661720286025 0.9264383580245088 5.4045000000000014 425.24956221249727 4.2815000000000003 4.4895000000000005 -0.0034279746639545492 -143.47999999998862 -82.510000000005661 3.6395000000000004 29.438000000000006 73850.000000000015 7.6070000000000002 84581.380000000019 5.5730000000000013 6.3055000000000012 348688.48500000004 2.5000000000000004 22.724000000000004 397050.00000000006 25.548000000000005 -381.80499999999296 2.5885000000000002 6.150500000000001 4.9275000000000011 113.24400790067442 1.5000000000000002 8.5000000000000018 -0.0010137124703054497 22.204500000000003 9.5000000000000018 36.185000000000009 414132.69000000006 -0.0017259276141912499 6.5000000000000009 283291.13500000007 6.8335000000000008 -205.30499999999299 486.33970436255362 31.512500000000006 28.958000000000002
decision_type=2 2 2 2 2 2 2 2 2 2 2 2 2 2 2 2 2 2 2 2 2 2 2 2 2 2 2 2 2 2 2 2 2 2 2 2 2 2 2 2 2 2 2 2 2 2 2 2 2 2 2 2 2 2 2 2 2 2 2 2 2 2
left_child=2 51 21 4 6 17 7 8 -4 -9 -8 -12 13 18 16 -16 -7 56 20 -20 -5 22 23 25 -25 37 -27 -26 32 44 31 -31 33 36 35 -34 -23 -1 42 40 -40 -41 47 -44 45 -30 -46 -24 -35 -32 -36 52 60 57 -19 -14 -6 58 -53 -59 61 -2
right_child=1 -3 3 12 5 14 10 9 -10 -11 11 -13 55 -15 15 -17 -18 54 19 -21 -22 28 38 24 27 26 -28 -29 29 30 49 -33 34 48 50 -37 -38 -39 39 41 -42 -43 43 -45 46 -47 -48 -49 -50 -51 -52 53 -54 -55 -56 -57 -58 59 -60 -61 -62 -63
leaf_value=0.0010935632469845176 0.0067940295847041645 0.019235431109156317 -0.010258491135451429 -0.0031327035945077812 0.086739249572773694 0.049852314364082072 0.058432497831754832 -0.015008228443032368 0.011518847429694175 -0.078099012074112753 -0.020023245852717808 0.06345659143244585 0.010750718416590706 -0.052605138468542825 0.0078092765080338593 -0.0047693515273707155 0.0008760630635406447 0.035136642927364563 0.0061760509760094701 -0.0090820344099063893 0.0038505205369675759 -0.0023205482973061003 -0.0033094644921039841 0.03236233068076709 -0.066356632005105332 0.061176473376232804 0.018114709117480428 -0.014166630131017811 -0.0020084627976731753 -0.0044936718624697973 0.016986497770656389 -0.041394025767382478 -0.015254978010708825 -0.042555834926906004 0.00049614706389539338 0.020540088648190898 0.051668692481211267 0.034841284798002491 -0.024338735657120612 0.063616741901226737 0.030616647499324141 -0.012144630500958672 -0.045014809241955125 0.0045163879892754647 0.0045574022229773982 -0.011508681214380827 -0.0055609100378946445 -0.01240354915571127 -0.012599108045164517 0.0011520485750265896 0.003296744621260523 0.013351618589774451 -0.033371408340363576 0.033076544825520623 -0.012555211680983428 0.048101693004071668 0.046721088346442639 0.031420682211840287 -0.0029251847023547034 -0.0064143153050865674 0.021383793360719085 -0.011795887890034608
leaf_weight=328.51388376951218 3139.9537340626121 328.77682291716337 747.65964305400848 5455.0425334870815 20.955604091286659 29.621052175760269 38.378332749009132 47.543046683073044 240.73482462763786 31.875535979866982 46.027597799897194 19.388338938355446 20.198660090565681 24.641315340995789 4090.0709706842899 574.58789864182472 4739.5831799507141 21.939905807375908 2538.3240814507008 528.16175210475922 1716.811282068491 87.770793780684471 2092.25499355793 26.341949120163918 29.563044995069504 36.312888339161873 107.4859454780817 28.261809483170509 1091.7896144241095 1072.0870736092329 118.05853845179081 40.380405873060226 91.037577390670776 56.282934442162514 28659.38150189817 278.00223404169083 15.656551927328108 37.1369798630476 267.30631178617477 21.138163983821869 22.953328043222427 21.518814846873283 22.369070753455162 706.33766543865204 871.10244883596897 1134.7273692190647 1084.8273925036192 503.13760614395142 81.498029112815857 6281.5321857482195 3810.3451002389193 371.54369182884693 14.523179747164248 51.813620425760746 16.701372727751732 34.5494614392519 22.336468800902367 66.481975041329861 134.49464148283005 14.509935837239025 72.101806148886681 61.47191721573472
leaf_count=1057 17975 3783 2560 17305 43 79 89 173 752 135 153 45 58 90 12069 1776 14437 58 7696 1739 5126 290 6989 74 118 89 323 97 3553 3698 363 159 313 206 93410 799 44 104 970 49 71 70 82 2252 2798 3845 3607 1747 292 20164 11860 2184 85 296 54 83 58 372 804 84 414 364
internal_value=0.000973102 0.00852182 0.000514374 0.00160376 0.00305994 0.00401978 -0.0047359 -0.00758546 -0.00495437 -0.0403304 0.0245798 0.00471897 9.54085e-05 -8.71714e-05 0.00369191 0.00625985 0.00118025 0.0417713 3.92272e-05 0.00354805 -0.00146105 4.76195e-05 -0.00267946 0.00726417 -0.0179357 0.0114275 0.0289889 -0.0408488 0.000306513 -0.00124518 0.000366466 -0.00583308 0.000855071 -0.0116774 0.000947125 0.0117099 0.0058522 0.00452112 -0.00429353 -0.0141769 -0.0199929 0.025398 -0.00330369 0.00299593 -0.00413985 -0.00685018 -0.00105457 -0.00507243 -0.0248363 0.00144416 0.000824799 0.00762483 0.006589 0.0129561 0.0145235 0.0343215 0.0660919 0.0111802 0.00902558 0.0246424 0.00676629 0.00643708
internal_weight=74285.9 4255.67 70030.2 21005.1 10687.4 9515.8 1171.61 1067.81 988.394 79.4186 103.794 65.4159 10317.7 10263 9433.86 4664.66 4769.2 81.9334 10238.3 3066.49 7171.85 49025.1 4250.63 593.617 84.1668 509.45 143.799 57.8249 44774.5 11694.5 7512.06 1112.47 33080 241.208 32838.8 369.04 103.427 365.651 3657.02 332.917 290.26 42.657 3324.1 728.707 4182.45 2226.52 1955.93 2595.39 137.781 6399.59 32469.7 3926.89 3288.05 638.844 38.6413 54.7481 43.2921 587.03 506.038 80.9919 3273.53 3201.43
internal_count=250432 26361 224071 64578 32481 28574 3907 3620 3312 308 287 198 32097 31956 28361 13845 14516 213 31866 9435 22431 159493 14092 1862 289 1573 412 215 145401 38187 24384 3857 107214 832 106382 1112 334 1161 12230 1160 1041 119 11070 2334 13803 7398 6405 8736 498 20527 105270 22578 18838 3740 112 141 101 3444 2988 456 18753 18339
is_linear=0
shrinkage=0.05


Tree=76
num_leaves=63
num_cat=0
split_feature=22 19 6 18 17 17 3 15 28 16 17 17 18 9 11 21 9 3 11 16 6 10 10 15 14 15 15 17 24 17 20 17 21 5 11 14 17 26 17 9 11 17 29 15 18 17 17 29 18 12 12 6 28 17 12 8 15 11 14 29 17 17
split_gain=93.6995 15.2836 12.8544 16.6502 28.8839 42.4094 35.516 34.2514 49.5267 27.8076 23.3662 24.6934 21.9517 30.6978 26.9271 21.2943 36.0303 27.0037 19.4693 18.8614 14.4052 12.5099 24.6283 22.5372 32.3682 23.7978 16.878 14.2568 51.5527 26.0091 24.1156 22.816 15.4755 15.2002 14.0038 20.6358 30.907 19.6789 15.0462 30.6857 15.6244 14.4913 13.6443 13.2225 32.6208 23.5049 13.1766 14.5415 11.0798 9.40329 8.31079 8.01464 8.64578 8.27158 7.76973 6.92703 6.38284 9.59851 6.41314 6.28322 6.21653 10.0988
threshold=1.0000000180025095e-35 75.000000000000014 2.5000000000000004 5.5000000000000009 2.8085000000000004 2.9640000000000009 2.5000000000000004 5.8655000000000008 215864.67000000001 15.019000000000002 36.185000000000009 35.487500000000011 1.5000000000000002 230550.00000000003 -843.40500000002783 1.0000000180025095e-35 176750.00000000003 1.5000000000000002 -452.79999999999558 3.2455000000000003 5.5000000000000009 0.96140661720286025 0.9264383580245088 5.3835000000000006 406.44893488375669 4.2815000000000003 4.7460000000000013 3.2375000000000003 1.0000000180025095e-35 3.4720000000000004 75.000000000000014 3.1675000000000004 8.7500000000000018 1.0000000180025095e-35 -173.46000000001365 134.30897617850164 7.4540000000000015 1.0000000180025095e-35 3.6395000000000004 78550.000000000015 -171.6850000000122 13.760500000000002 348688.48500000004 6.4785000000000013 1.5000000000000002 30.185000000000006 7.2870000000000008 156380.39000000004 9.5000000000000018 -0.0034279746639545492 -0.0010206676990010997 9.5000000000000018 414132.69000000006 36.185000000000009 -0.0017259276141912499 216569.02000000005 6.8335000000000008 -205.30499999999299 486.33970436255362 283291.13500000007 14.360500000000002 14.297000000000002
decision_type=2 2 2 2 2 2 2 2 2 2 2 2 2 2 2 2 2 2 2 2 2 2 2 2 2 2 2 2 2 2 2 2 2 2 2 2 2 2 2 2 2 2 2 2 2 2 2 2 2 2 2 2 2 2 2 2 2 2 2 2 2 2
left_child=2 51 21 4 6 18 7 9 -9 -4 11 15 14 -14 -7 17 -17 -5 59 20 -8 22 23 25 -25 42 -27 28 31 33 -31 -24 -30 -29 35 36 48 38 39 -36 -40 -38 -1 45 -45 -37 -39 -48 -23 -26 -21 53 56 60 -20 -12 57 -53 -58 -6 61 -2
right_child=1 -3 3 10 5 12 19 8 -10 -11 55 -13 13 -15 -16 16 -18 -19 54 50 -22 34 27 24 49 26 -28 29 32 30 -32 -33 -34 -35 37 43 41 46 40 -41 -42 -43 -44 44 -46 -47 47 -49 -50 -51 -52 52 -54 -55 -56 -57 58 -59 -60 -61 -62 -63
leaf_value=0.0010386864340141565 0.0051621782917623017 0.018606750714911077 -0.0097665145544850417 -0.00071074556051206703 0.082226387042822813 0.011810064098269388 0.02503394692528102 0.028761082796925765 -0.01357488217841981 0.030615331690319082 0.053087436435895967 -0.050171834340267701 0.0090312611581626658 0.00061646531389868825 -0.00019932413072651454 -0.013058825580547743 0.00068784728097964092 0.0055409557278149231 0.033313493998710191 -0.079210280309880171 -0.033642707879166366 0.0013695062996029394 0.0084333646161763916 0.033159863176717805 -0.052266913762747551 0.048661303477546602 0.013473655446121936 -0.012798872182603347 -0.037326128676078062 -0.003848321063194405 -0.024427405541359776 0.064814015868822017 -0.0019989705672361253 -0.067637682877213612 -0.02416823875274228 0.00047272960069666349 0.044604292680694504 -0.011424500035739542 -0.016982751432814341 -0.0031345875022417086 -0.00028580046569959641 0.015253966980839365 0.032948881855724428 0.010185624078623902 0.00082249146417519747 -0.014280314063862024 0.050703456039135057 0.0011198856833648633 -0.038851891189352922 -0.014095774083576987 -0.031122228428401795 0.012825384924696532 0.032301377368223146 -0.030867943362168932 -0.01194388557235565 0.01713514273383759 0.030635192535310048 -0.0027722248403867968 -0.0060616742719282199 0.044173492526576569 0.0095813557715681147 -0.045471961728019511
leaf_weight=328.57503771781921 2173.5348601900041 323.03984509408474 746.09689263999462 5749.2543279379606 20.998952209949493 524.41014857590199 15.597233429551123 180.5836838632822 111.88049839437008 45.215051636099815 23.658886477351189 24.546924889087677 2954.6781624108553 1711.7155013233423 4245.3091681152582 771.30650946497917 1247.8023535013199 2469.1130245178938 21.982403472065926 24.289329469203949 31.756984725594521 62.118707746267319 454.83483469486237 24.121828839182854 34.998299092054367 59.745112657546997 79.32581827044487 24.5450339615345 85.223929435014725 2845.4180791079998 149.85684108734131 18.680969640612602 48.724030360579491 26.043899655342102 191.54122976958752 24688.034990608692 69.717424973845482 21.348667994141579 141.72601060569286 1830.7212855219841 12284.377597987652 105.99247151613235 37.301976665854454 1233.4755028039217 3783.8596922010183 272.96749369800091 43.333719313144684 22.446022212505341 23.637373819947243 29.933806240558624 14.25947095453739 367.55294778198004 50.439484715461731 14.90568510442972 16.678974121809006 30.891269072890282 64.819997504353523 134.81136551499367 14.584388744086025 22.440581113100052 1072.4492722451687 9.8922486715018731
leaf_count=1057 12482 3783 2560 17950 43 1536 49 510 387 119 55 90 8599 5246 12980 2511 3859 7546 58 106 124 203 1515 67 136 152 243 88 325 9458 525 49 162 108 738 80133 190 73 482 6273 39662 320 104 3853 12296 908 108 71 91 103 52 2184 296 85 54 86 372 804 84 58 6209 62
internal_value=0.000924867 0.00815503 0.000488538 0.00152346 0.00290653 0.00381772 -0.00450821 -0.00205529 0.0125657 -0.00745912 9.05999e-05 -8.28915e-05 0.0035064 0.00594457 0.00112106 3.72093e-05 -0.00456343 0.00116751 0.0395982 -0.0354549 -0.0143162 4.5112e-05 -0.00254823 0.00689411 -0.0162971 0.0109842 0.0285903 -0.00408348 0.00291063 -0.00547838 -0.00487791 0.0106577 -0.0244758 -0.0410307 0.000291113 0.000904167 0.01489 -0.00098429 -0.00112716 -0.00512682 -0.000476238 0.0268995 0.004292 0.000782185 0.00312435 0.000311394 0.0227068 0.0337841 -0.00971692 -0.03467 -0.0614222 0.00728997 0.0124435 0.00629384 0.0137889 0.032728 0.0107219 0.00863971 0.023895 0.0625685 0.00646397 0.00493277
internal_weight=74253.1 4226.03 70027.1 21004.5 10687.9 9518.21 1169.68 1083.78 292.464 791.312 10316.6 10262 9436.11 4666.39 4769.72 10237.5 2019.11 8218.37 82.1009 85.903 47.3542 49022.6 4247.33 594.002 89.0539 504.948 139.071 3653.33 607.464 3045.86 2995.27 473.516 133.948 50.5889 44775.3 30239.8 261.466 14535.5 14448.4 2022.26 12426.1 175.71 365.877 29978.3 5017.34 24961 87.1284 65.7797 85.7561 64.9321 38.5488 3902.99 632.208 3270.78 38.6614 54.5502 581.769 502.364 79.4044 43.4395 3255.88 2183.43
internal_count=250432 26361 224071 64578 32481 28574 3907 3576 897 2679 32097 31956 28361 13845 14516 31866 6370 25496 213 331 173 159493 14092 1862 306 1556 395 12230 2051 10179 9983 1564 487 196 145401 97994 804 47407 47155 7011 40144 510 1161 97190 16149 81041 252 179 294 239 158 22578 3740 18838 112 141 3444 2988 456 101 18753 12544
is_linear=0
shrinkage=0.05


Tree=77
num_leaves=63
num_cat=0
split_feature=22 19 0 3 21 27 17 27 9 16 15 15 9 15 10 9 9 29 16 15 1 15 13 9 9 25 29 15 29 9 27 14 15 16 16 3 16 10 25 10 13 10 17 17 9 15 16 13 17 29 15 9 15 8 0 9 17 29 17 17 11 17
split_gain=85.2953 14.2609 12.3716 19.1316 29.0527 35.5477 29.8137 28.5934 28.5614 31.4404 36.5864 47.688 42.9492 29.1495 28.7653 28.5587 27.4386 24.2175 23.0592 26.205 44.8701 22.5143 20.2228 55.8112 42.3376 37.0691 36.514 37.3283 34.4367 12.681 24.9825 27.7561 25.3109 20.5803 43.555 29.0397 17.0714 34.447 19.7908 13.3001 12.1856 27.4564 46.3018 57.3853 33.907 23.8856 17.9738 17.952 42.7607 48.2224 28.0765 16.9059 31.3074 28.3974 7.73253 11.0146 5.86711 8.84581 6.0019 5.82041 5.73571 5.33651
threshold=1.0000000180025095e-35 75.000000000000014 4.5000000000000009 1.0000000180025095e-35 13.500000000000002 284631.49500000005 11.981000000000002 395321.88000000006 268450.00000000006 5.2805000000000009 4.0055000000000005 4.1875000000000009 422750.00000000006 2.5885000000000002 0.97479074919140063 252750.00000000003 104550.00000000001 452483.39000000007 35.612500000000004 7.2645000000000008 3.5000000000000004 7.1520000000000001 159978.22666666671 170350.00000000003 162650.00000000003 19.500000000000004 130924.705 4.1655000000000006 135707.29500000001 68150.000000000015 58858.605000000003 130.3383115759876 5.900500000000001 3.3285000000000005 4.2445000000000013 2.5000000000000004 6.4175000000000013 0.99764006976621911 10.500000000000002 0.95479515985978514 79310.218333333352 0.9758882650911711 13.375500000000001 14.222000000000003 78550.000000000015 6.706500000000001 13.489000000000003 106769.32666666668 15.794000000000002 99513.915000000008 5.5265000000000013 125450.00000000001 2.7055000000000002 125946.48000000003 2.5000000000000004 65650.000000000015 36.185000000000009 146922.61500000002 14.360500000000002 14.297000000000002 -66.090000000011045 33.877500000000005
decision_type=2 2 2 2 2 2 2 2 2 2 2 2 2 2 2 2 2 2 2 2 2 2 2 2 2 2 2 2 2 2 2 2 2 2 2 2 2 2 2 2 2 2 2 2 2 2 2 2 2 2 2 2 2 2 2 2 2 2 2 2 2 2
left_child=2 56 29 4 18 15 17 -8 22 13 12 -12 -11 -10 -15 16 -6 -7 19 21 -21 -4 26 24 -24 -25 27 -5 -28 30 31 36 39 54 -35 -36 38 -38 -1 -33 41 45 44 -44 -43 46 -31 48 49 -42 -50 52 -49 -53 -32 -56 58 -58 59 -2 61 -60
right_child=1 -3 3 8 5 6 7 -9 9 10 11 -13 -14 14 -16 -17 -18 -19 -20 20 -22 -23 23 25 -26 -27 28 -29 -30 40 33 32 -34 34 35 -37 37 -39 -40 -41 47 42 43 -45 -46 -47 -48 51 50 -51 -52 53 -54 -55 55 -57 57 -59 60 -61 -62 -63
leaf_value=-0.054108731053035979 0.0058852739464519471 0.017988520075910661 0.0022941186201487322 0.014271617526129333 -0.050210565815703226 0.044172206860700614 -0.059391355538375094 0.016743949822814599 -0.069705566744635003 -0.048862002838697197 0.049102776188136459 -0.011853437769548482 -0.0028930497382656842 0.019944307448418783 -0.0057783775975935835 -0.067015465865820564 -0.0086063076153268785 -0.015994635422715307 -0.058911921406799378 0.0074114791922954689 0.065335545518142121 -0.026496027375298298 -0.0019765783698312378 -0.018215852331900331 0.034935228352022105 0.0019162600919790974 -0.050415672720388695 -0.0052583704585597284 -0.010809449028727762 0.012016090880963396 -0.067819257205692013 0.015848761290816343 -0.056312987025549682 0.069484474671586638 -0.0095515112422770651 -0.065991274768911701 0.024499146861313263 -0.032561450439202048 0.0034069320874202656 -0.020570324566106191 0.0046984027968341212 -0.015742079632129476 0.066739127648996616 0.0064710228984400627 0.017889197302450394 -0.026688319694400098 0.034857765681897954 -0.016753765605741596 -0.020443780915253638 -0.0089519863574716516 -0.0042016430185847315 -0.0065685940572017603 0.004824414823602712 0.00090288387098304247 -0.059196450495355005 -0.0030341505337451642 0.0094666586291300599 -0.055586340061867606 0.0081893444421460848 -0.028317942815927272 0.020222072920398418 0.02696520030294482
leaf_weight=18.349293634295464 2561.9519015103579 317.57663380354643 4083.7092358022928 340.17415836453438 46.630868434906006 64.474405094981194 23.878558248281479 25.502860799431801 14.106350183486937 140.9808302372694 33.594649910926819 714.39125499129295 79.445571914315224 167.19238011538982 310.59418348968029 28.660422950983047 263.97322595119476 22.582462921738625 15.270283773541449 142.73765502870083 43.659601911902428 69.054569631814957 123.84734739363194 269.88915532827377 208.41593432426453 1496.436254709959 60.894485265016556 871.43840418756008 555.91313889622688 273.23829011619091 19.56121152639389 44.496792390942574 30.924550071358681 16.559024602174759 325.63859437406063 24.506092682480812 212.29936967790127 30.213761627674103 80.890186220407486 57.416851282119751 2148.5728548020124 398.44280672073364 45.729273825883865 289.81802816689014 92.307716444134712 30.504933431744576 125.76449303328991 175.1458312869072 453.22713433206081 925.7637787759304 644.3303964138031 1306.5035660713911 4176.1713195741177 47825.586619138718 16.029667139053345 19.171055689454079 11.829907700419428 9.3605656921863538 1123.5099593475461 12.498938128352163 121.89793859422207 39.163242854177952
leaf_count=69 14849 3783 13972 1094 181 192 95 79 61 583 102 2644 298 547 1154 122 916 84 71 501 104 251 418 962 615 5194 248 3088 1978 802 79 129 127 39 1070 101 621 108 261 202 6699 1369 108 871 272 103 328 584 1515 3063 2065 4198 12879 150724 67 64 65 55 6609 76 692 232
internal_value=0.000878985 0.00780176 0.000463983 -0.00114393 0.00114104 -0.0105912 0.0109619 -0.0200715 -0.00319258 -0.0091627 -0.0143914 -0.00911568 -0.032294 0.00113137 0.00322279 -0.019259 -0.0148523 0.028565 0.00242274 0.00263859 0.020979 0.00181538 -0.000972521 0.00237663 0.0211768 -0.00115987 -0.00481654 0.000224898 -0.0147196 0.000738679 -0.0051647 0.00270288 -0.0166919 -0.014024 -0.00975429 -0.0135016 0.0102416 0.0173902 -0.00722766 -0.00466929 0.000828471 0.005701 0.000370742 0.0146845 -0.0094162 0.0159555 0.0192157 0.000722341 -0.00243666 0.000587911 -0.0109087 0.000968754 0.00395587 0.000704205 -0.0426153 -0.0286093 0.00696802 -0.0192695 0.00711209 0.00571922 0.0099036 0.00882179
internal_weight=74222.4 4197.79 70024.6 10217.4 4830.13 475.703 136.438 49.3814 5387.31 1460.31 968.412 747.986 220.426 491.893 477.787 339.265 310.604 87.0569 4354.43 4339.16 186.397 4152.76 3927.01 2098.59 332.263 1766.33 1828.42 1211.61 616.808 59807.2 896.056 474.591 132.838 421.466 366.704 350.145 341.753 242.513 99.2395 101.914 58911.1 1255.81 826.298 335.547 490.751 429.508 399.003 57655.3 4171.89 3074.34 1097.56 53483.4 4351.32 49132.1 54.7619 35.2007 3880.21 21.1905 3859.02 2574.45 1284.57 1162.67
internal_count=250432 26361 224071 35554 16568 1669 450 174 18986 5389 3627 2746 881 1762 1701 1219 1097 276 14899 14828 605 14223 13597 7189 1033 6156 6408 4182 2226 188517 2937 1517 458 1420 1210 1171 1059 729 330 331 185580 3853 2620 979 1641 1233 1130 181727 13342 9762 3580 168385 13463 154922 210 131 22578 120 22458 14925 7533 6841
is_linear=0
shrinkage=0.05


Tree=78
num_leaves=63
num_cat=0
split_feature=22 19 0 13 9 10 17 13 10 3 17 14 10 9 18 5 14 13 29 17 5 17 4 9 18 9 2 8 17 9 8 17 10 18 0 11 17 10 7 10 5 13 17 17 10 9 7 13 17 29 17 9 13 17 18 13 17 29 17 11 17 14
split_gain=77.6139 13.2909 11.1813 17.9538 55.7151 50.7489 35.387 32.2309 41.0495 28.8612 45.9176 49.5918 30.9274 41.4753 35.4696 28.5748 34.3902 24.2455 23.7289 23.5187 39.2462 33.3637 22.4523 21.4421 48.4916 22.7928 23.7411 20.18 16.8877 11.4725 21.3139 18.6259 33.5976 25.1111 16.5264 30.1044 16.5113 16.0662 38.5869 26.1105 14.6698 10.9975 25.5624 29.5587 38.0419 28.2469 18.4399 16.2059 38.6551 43.5515 17.6215 16.0549 29.2721 22.8953 9.12928 8.09837 5.26405 7.58051 5.52172 5.34662 5.17944 5.14679
threshold=1.0000000180025095e-35 75.000000000000014 4.5000000000000009 159978.22666666671 185250.00000000003 0.98624273440383192 22.303000000000001 115503.94500000002 0.9264383580245088 1.0000000180025095e-35 29.831000000000003 1000.6568496111221 0.99217103441127719 219350.00000000003 4.5000000000000009 2.5000000000000004 295.37404103258092 171339.32166666668 140269.24000000002 6.2170000000000014 2.5000000000000004 5.1950000000000012 1.0000000180025095e-35 115350.00000000001 9.5000000000000018 113950.00000000001 3.5000000000000004 172208.92000000001 5.1950000000000012 68150.000000000015 63988.770000000011 4.7220000000000004 0.97787639389259273 7.0000000000000009 3.5000000000000004 -123.82499999999708 14.222000000000003 0.95165545401493945 224.50000000000003 0.97007048627700809 1.0000000180025095e-35 79310.218333333352 33.025000000000013 10.321500000000002 0.98341268983050856 76650.000000000015 177.50000000000003 106769.32666666668 15.794000000000002 99513.915000000008 19.003500000000006 141950.00000000003 139529.82166666668 36.800000000000004 13.500000000000002 59220.836666666677 36.185000000000009 146922.61500000002 14.360500000000002 -66.090000000011045 14.297000000000002 73.90624030029069
decision_type=2 2 2 2 2 2 2 2 2 2 2 2 2 2 2 2 2 2 2 2 2 2 2 2 2 2 2 2 2 2 2 2 2 2 2 2 2 2 2 2 2 2 2 2 2 2 2 2 2 2 2 2 2 2 2 2 2 2 2 2 2 2
left_child=2 56 29 7 5 6 27 23 28 12 22 -12 13 -6 -14 16 -10 -8 -17 21 -21 -7 -11 25 -25 26 -4 -5 -9 30 34 40 -33 -34 37 55 -37 38 -1 -39 -32 42 43 44 -31 -44 -45 48 49 -43 -50 53 -53 -49 -26 -36 58 -58 60 -60 61 -2
right_child=1 -3 3 4 9 19 17 8 15 10 11 -13 14 -15 -16 18 -18 -19 -20 20 -22 -23 -24 24 54 -27 -28 -29 -30 41 31 32 33 -35 35 36 -38 39 -40 -41 -42 47 45 46 -46 -47 -48 51 50 -51 -52 52 -54 -55 -56 -57 57 -59 59 -61 -62 -63
leaf_value=0.0044920189419623262 -0.0052401595732130069 0.01738118624031712 -0.0026762948898110882 0.010981023227495525 -0.014800573388593672 -0.0059646793342848668 0.093039246141388421 0.066182267688525726 -0.0040094261534903966 -0.0072107866794257668 -0.058623709045021712 0.042750741269306079 0.033822733865258379 0.002766712460684397 0.00539822962468156 -0.053237361890843021 -0.020791710754568787 0.02166763191249587 -0.011820727082601314 0.0011849343121126063 0.053518109064810741 -0.062626839424399477 0.0023920242827039171 0.069674829884023307 -0.037670303098520014 -0.05363933069331888 0.012609813825638021 0.03193820411156794 0.010506459589028508 0.0098646264276073987 0.023088489916000259 -0.076216454274129514 -0.028907632085401026 0.019817983283199725 -0.031636894515042466 -0.017904866164105228 0.024045454345360984 -0.028716484782206703 0.086435640626796914 0.0052067053385679149 -0.027558642203267134 0.0044604143684939777 -0.074761706164957809 -0.030405812413950423 -0.014701615660422744 0.01263302414350197 0.016668957219142438 0.0027750961261617771 -0.021136283910304768 -0.0085175901980434812 -0.0066419486783772146 -0.015687476842457224 0.00064217057651315673 0.055031313424132811 0.015096897676533483 -0.074094643626648665 0.0090625132329195703 -0.050557295448144496 0.0084423902415022255 0.019534282975061212 -0.026288390533622082 0.006082852427713688
leaf_weight=57.800956159830093 104.65336562693119 312.37466579303145 1088.1604103893042 469.6345499008894 432.88636672496796 165.13790610432625 26.229151859879494 23.520320534706116 1349.0071001499891 1900.5671741813421 70.837022915482521 14.540355309844015 138.79757675528526 1500.9538004845381 524.45359726250172 65.537941172719002 394.54081603884697 21.780206620693207 73.220967501401901 383.38344806432724 39.517450466752052 30.829422384500504 895.51022824645042 35.226282089948654 18.661729708313942 19.424441531300545 331.3550550788641 152.05907410383224 32.357194304466248 366.38894811272621 40.638854503631592 28.423402681946754 104.61659142374992 35.385465145111084 29.153934359550476 52.63699933886528 42.309664651751518 66.756267040967941 19.118301451206207 377.417694196105 22.057420000433922 2150.0128232836723 20.493824228644371 21.615036636590958 276.52535308897495 16.845518335700035 553.59196592867374 8550.2998604476452 282.51149989664555 924.36535608768463 813.56178027391434 276.13270209729671 44643.03123524785 21.012437015771866 14.617303177714346 18.268999919295311 11.741893328726293 9.7660041525959951 1154.42484427616 119.9313904941082 12.783071793615816 2445.2465375550091
leaf_count=174 586 3783 3784 1478 1554 586 57 58 4730 6961 289 40 442 5199 1824 275 1477 63 263 1286 109 126 3121 90 69 77 1002 444 103 1109 126 112 362 106 121 193 127 232 39 1179 87 6699 81 72 958 48 1585 26543 952 3063 2628 913 140878 51 47 79 65 55 6841 692 76 14263
internal_value=0.000835195 0.00746133 0.000440513 -0.00108851 0.000407415 0.00976218 0.0193008 -0.00402646 -0.00829123 -0.00179286 -0.00523819 -0.0413589 0.00202972 -0.00116569 0.0113466 -0.00954494 -0.00780703 0.0606604 -0.0313824 -0.000559991 0.00607514 -0.0148787 -0.00413526 0.00145693 0.0287871 0.000155791 0.000891915 0.0161069 0.0339419 0.000701594 -0.00491815 -0.0179943 -0.0266544 -0.0165923 -0.000362997 -0.0154603 0.000788829 0.00376179 0.0248591 0.000108285 0.00527013 0.000786924 0.00541646 0.00666559 -0.000701617 -0.0353339 0.0149 0.000686124 -0.00231589 0.000558351 -0.0103778 0.00092018 0.000541787 0.0029032 -0.0144931 -0.0479931 0.00665825 -0.0180088 0.00679652 0.00948626 0.00545898 0.00561813
internal_weight=74194.6 4170.92 70023.7 10212.7 6767.12 1288.57 669.703 3445.63 1938.18 5478.55 2881.45 85.3774 2597.09 1933.84 663.251 1882.31 1743.55 48.0094 138.759 618.868 422.901 195.967 2796.08 1507.45 68.5053 1438.94 1419.52 621.694 55.8775 59811 894.585 231.122 168.425 140.002 663.463 142.37 94.9467 521.093 76.9193 444.174 62.6963 58916.4 1255.46 1218.12 642.914 37.3393 575.207 57660.9 4170.45 3074.38 1096.07 53490.5 44919.2 8571.31 33.279 47.4229 3858.55 21.5079 3837.04 1274.36 2562.68 2549.9
internal_count=250432 26361 224071 35554 23579 4149 2042 11975 6906 19430 10411 329 9019 6753 2266 6745 6207 120 538 2107 1395 712 10082 5069 206 4863 4786 1922 161 188517 2937 793 580 468 2144 520 320 1624 213 1411 213 185580 3853 3724 2067 129 1657 181727 13342 9762 3580 168385 141791 26594 116 200 22578 120 22458 7533 14925 14849
is_linear=0
shrinkage=0.05


Tree=79
num_leaves=63
num_cat=0
split_feature=22 19 6 20 17 29 2 4 6 17 25 17 29 27 17 3 6 17 6 3 10 29 1 13 9 12 9 12 27 29 27 10 0 8 8 12 17 17 17 9 8 9 17 12 14 14 14 27 25 6 25 8 13 12 6 29 10 6 28 17 17 17
split_gain=70.5995 12.372 11.6798 15.7413 17.9465 11.9777 17.3825 52.2049 27.7357 19.8003 21.2474 18.582 17.194 48.6653 26.6412 29.4426 27.7326 17.7081 13.4197 11.6929 29.9999 63.4822 27.7548 35.3625 30.0207 27.0546 32.3634 43.8358 25.1542 35.3227 29.6221 23.9107 23.8064 22.9562 20.0032 27.1993 22.8838 19.4416 19.4182 19.0522 36.5422 24.9801 16.7104 27.1302 16.0769 15.8801 29.9945 23.6169 11.8919 11.0043 10.2647 31.839 19.4053 15.8225 13.6967 12.3302 9.45462 7.49286 8.28144 6.23365 5.3764 8.09133
threshold=1.0000000180025095e-35 75.000000000000014 2.5000000000000004 75.000000000000014 29.831000000000003 82898.010000000009 1.5000000000000002 1.0000000180025095e-35 6.5000000000000009 31.512500000000006 17.500000000000004 5.0855000000000006 106955.87500000001 111763.91500000002 24.813500000000005 1.5000000000000002 12.500000000000002 2.8805000000000001 22.500000000000004 1.5000000000000002 0.95377749476567575 211431.01500000004 4.5000000000000009 180179.45000000001 208750.00000000003 -0.0018432965563627498 518450.00000000006 -0.0020934686726494498 277456.36000000004 262707.39000000007 284631.49500000005 0.91706048225231107 3.5000000000000004 314992.64500000008 104115.70000000003 -0.0012764046695060499 4.5820000000000016 12.232000000000003 19.569000000000006 258650.00000000003 228934.52500000002 260050.00000000003 2.9640000000000009 -0.0022956656487542995 581.9767607190264 1260.9855049978055 486.33970436255362 305258.20000000007 10.500000000000002 7.5000000000000009 21.500000000000004 133472.345 93496.728333333347 -0.0035026332239012996 9.5000000000000018 129903.90500000001 0.97787639389259273 9.5000000000000018 414132.69000000006 36.185000000000009 31.512500000000006 28.958000000000002
decision_type=2 2 2 2 2 2 2 2 2 2 2 2 2 2 2 2 2 2 2 2 2 2 2 2 2 2 2 2 2 2 2 2 2 2 2 2 2 2 2 2 2 2 2 2 2 2 2 2 2 2 2 2 2 2 2 2 2 2 2 2 2 2
left_child=2 57 19 5 50 6 7 8 -4 10 -8 -9 14 17 16 -16 -7 -14 -15 28 21 22 24 -24 -21 26 38 -28 29 39 42 -31 33 -23 35 -27 -36 -33 -22 40 -1 -41 44 -44 -30 46 -32 -47 -34 -6 51 55 56 -53 -54 -5 -52 59 -59 60 61 -2
right_child=1 -3 3 4 49 12 9 11 -10 -11 -12 -13 13 18 15 -17 -18 -19 -20 20 25 32 23 -25 -26 34 27 -29 30 31 45 37 48 -35 36 -37 -38 -39 -40 41 -42 -43 43 -45 -46 47 -48 -49 -50 -51 52 53 54 -55 -56 -57 -58 58 -60 -61 -62 -63
leaf_value=0.00055640185159575462 0.005599326632026674 0.016785164053356682 0.0062616153431403285 0.0027286884257015542 0.049862923242042834 -0.010814925378910933 0.00093533892990609816 0.037909085072721345 -0.028090406266117397 -0.027406014144406684 0.020336985235152847 -0.0059176871522395591 -0.0037452676353335944 0.0013886847031963326 0.036157675237344693 -0.026352560133508035 0.0058992066373754377 0.018536057503685578 -0.024014380958732748 -0.011039388134216708 0.0021990268421194542 -0.031279435837805479 0.046339361445734258 -0.032275640464617943 0.02802089635109032 -0.023046717583700294 -0.051099102657686281 0.024813789905949873 -0.029004423408409832 0.053606349813049139 0.0046955714565993746 -0.013626674688423974 -0.019407887462145706 0.003251905265098551 0.0039437314575179756 -0.0039395445263469596 -0.0025233484776185137 -0.0019649668581625582 0.012735482000127149 0.024659964975165635 -0.0055339581312888256 0.0034364688931337126 -0.0066274212905079906 0.024028564018626724 0.02870909324323194 0.031729247045627074 -0.0024419667499108138 0.0050475561516756988 -0.061052909325126553 0.0009252930047640662 -0.057528821454851331 0.0080525569676222972 -0.0069450993637354477 -0.029685512445638374 0.0088026342415917207 0.051440255417365334 -0.0075039159797919463 0.0097105873459886229 0.031212626077345897 -0.026056651174692819 0.019384172311360966 -0.012847702542700993
leaf_weight=20662.026627615094 3073.9077683389187 307.42192197218537 95.725337788462639 74.122850298881531 23.202628552913666 880.19567212462425 213.90251049399376 85.199507609009743 152.15864115953445 30.673128873109818 414.68740278482437 33.772183954715729 105.8370913118124 16965.492203474045 75.823337987065315 25.063811853528023 345.63036827743053 566.32494515180588 52.148846462368965 305.21201455593109 3179.2053113877773 141.50640185177326 60.85003462433815 18.700599685311317 58.643045157194138 250.34774585068226 60.040709361433983 27.83214171230793 38.754163235425949 15.683333620429037 2790.2114300578833 807.32993337512016 23.138326585292816 72.937411114573479 1687.7727134674788 727.49841882288456 7217.3750264793634 641.28063774108887 507.01810236275196 153.38649287819862 2796.2172280848026 1442.5009904801846 90.325899258255959 359.07073506712914 17.522576779127121 87.471125945448875 3115.3800137341022 1599.0858546942472 66.14893564581871 22.750710278749466 22.743225336074829 32.630660399794579 324.37375892698765 186.65548524260521 240.41320641338825 15.751778483390806 16.153868660330772 570.42181792482734 48.595191929489374 15.68055212497711 68.683034498244524 60.616064187139273
leaf_count=66607 17975 3783 308 228 55 2860 632 234 542 101 1158 107 345 52190 194 83 1026 1602 180 1044 10298 513 159 67 180 894 230 86 141 41 8878 2847 90 228 5612 2443 23645 2072 1517 460 9395 4661 303 1063 52 251 10312 5109 295 65 85 98 1057 635 702 39 52 3444 296 85 414 364
internal_value=0.000793592 0.00713378 0.00041825 0.00140483 -0.0048538 0.00170423 0.00696617 -0.0017577 -0.0148247 0.0118207 0.0137348 0.0254681 0.0014203 0.00183204 -0.00406961 0.020628 -0.00610226 0.0150277 0.00131084 -4.42381e-06 -0.00120154 -0.0109574 0.00110521 0.0278587 -0.00474399 -0.000667834 0.00293338 -0.0270551 0.000493712 -0.000251098 0.00293279 -0.00779938 -0.0285671 -0.0195345 -0.00204306 -0.00883135 -0.00129766 -0.00846419 0.00364825 0.000190063 -0.000169568 0.00547634 0.0146504 0.0178669 -0.0110345 0.00215234 0.000930302 0.00643137 -0.0502608 0.0256347 -0.00638862 -0.0137976 -0.00259432 -0.0240699 -0.000241752 0.0112661 -0.0367536 0.00636069 0.0113986 0.00539187 0.00554582 0.00524259
internal_weight=74167.2 4145.33 70021.9 21001.4 958.798 20042.6 1026.12 366.856 247.884 659.263 628.59 118.972 19016.5 17689.8 1326.71 100.887 1225.83 672.162 17017.6 49020.5 14404.2 747.137 443.406 79.5506 363.855 13657.1 3774.1 87.8729 34616.2 26518.4 8097.82 1464.29 303.731 214.444 9882.99 977.846 8905.15 1448.61 3686.22 25054.1 23458.2 1595.89 505.673 449.397 56.2767 7592.15 5905.59 1686.56 89.2873 45.9533 912.845 309.161 603.684 219.286 564.787 89.8746 38.8971 3837.9 619.017 3218.89 3203.21 3134.52
internal_count=250432 26361 224071 64578 3016 61562 3082 1191 850 1891 1790 341 58480 54317 4163 277 3886 1947 52370 159493 47301 2576 1450 226 1224 44725 12131 316 112192 86083 26109 4960 1126 741 32594 3337 29257 4919 11815 81123 76002 5121 1559 1366 193 24550 19190 5360 385 120 2896 1000 1896 733 1759 267 137 22578 3740 18838 18753 18339
is_linear=0
shrinkage=0.05


Tree=80
num_leaves=63
num_cat=0
split_feature=22 33 27 27 9 7 9 18 9 17 21 16 17 17 14 3 27 16 10 27 16 14 5 5 0 16 17 0 5 2 9 17 21 17 17 14 27 16 27 2 16 9 27 3 14 7 16 3 14 16 0 16 16 9 16 12 17 14 17 12 16 10
split_gain=60.5857 14.1545 9.95426 30.9455 40.5437 58.1015 38.9476 42.0401 67.6162 32.1249 51.2976 28.9826 28.532 43.4162 26.0412 25.2415 24.7839 57.1134 47.5605 31.4162 64.5603 43.7212 42.717 29.9201 43.2006 31.0681 27.876 63.1155 50.9795 28.6482 25.524 33.8747 24.5309 24.4239 44.6743 33.9398 24.1685 21.1474 28.3302 23.7421 21.0087 34.5247 16.7572 43.9233 19.6236 28.2174 19.4798 22.5779 22.4868 15.818 15.1889 21.2926 33.5942 22.7121 15.0637 14.8576 17.3598 13.787 13.4627 12.7053 8.92992 8.33603
threshold=1.0000000180025095e-35 1.5000000000000002 277456.36000000004 229053.50500000003 245050.00000000003 351.50000000000006 271450.00000000006 1.5000000000000002 276250.00000000006 18.817500000000006 1.0000000180025095e-35 12.598500000000001 11.881000000000002 27.858000000000004 932.53942894372437 1.0000000180025095e-35 325196.99500000005 29.644500000000004 0.99118173979659796 334696.92500000005 19.122500000000006 450.18122810510948 1.0000000180025095e-35 1.5000000000000002 3.5000000000000004 16.048500000000004 3.0140000000000007 3.5000000000000004 1.5000000000000002 1.0000000180025095e-35 290550.00000000006 6.9605000000000006 1.0000000180025095e-35 29.526000000000003 28.958000000000002 568.1450187963834 238448.535 31.340000000000003 355555.93500000006 1.0000000180025095e-35 29.644500000000004 422750.00000000006 225330.58000000005 2.5000000000000004 349.92988688113832 352.50000000000006 26.498000000000001 1.5000000000000002 302.10430119469981 35.002500000000005 1.5000000000000002 2.7055000000000002 6.025500000000001 73850.000000000015 26.742000000000004 -0.0041489587151578985 3.1675000000000004 561.5424397637878 6.9605000000000006 -0.0033238093676728497 9.8790000000000031 0.92079361096708012
decision_type=2 2 2 2 2 2 2 2 2 2 2 2 2 2 2 2 2 2 2 2 2 2 2 2 2 2 2 2 2 2 2 2 2 2 2 2 2 2 2 2 2 2 2 2 2 2 2 2 2 2 2 2 2 2 2 2 2 2 2 2 2 2
left_child=2 61 3 42 5 14 12 8 -8 11 -11 -7 36 -14 32 -9 17 26 30 20 23 22 -22 25 -25 -18 27 28 -4 -29 -19 -32 -5 34 -28 -35 -6 40 49 -40 54 -42 50 46 -45 -46 48 -48 -44 -39 51 53 -53 -1 -21 56 -52 -57 -20 -23 -16 -2
right_child=1 -3 16 4 6 9 7 15 -10 10 -12 -13 13 -15 60 -17 19 18 58 37 21 59 -24 24 -26 -27 33 29 -30 -31 31 -33 -34 35 -36 -37 -38 38 39 -41 41 -43 43 44 45 -47 47 -49 -50 -51 55 52 -54 -55 -56 57 -58 -59 -60 -61 -62 -63
leaf_value=-0.035780924961399771 0.023674164086512284 0.012690468848361412 -0.0014264475297552088 0.012082055229691739 0.017192770781226042 -0.01577589087729268 -0.018928024977015699 -0.019434647588284906 0.022694497804025687 -0.034796257224872937 0.024871475611246075 0.0013903662378917235 0.009037647065895946 -0.012135650842189252 -0.061645127666795363 -0.0050118412587327309 -0.020108540136689518 0.04428685738533536 -0.011825988209663726 0.00028667671652609034 -0.036086504482279 0.013145116027410525 0.028466674656021138 -0.019086219788305034 0.037256398551144654 -0.066079533565438317 0.0068538303606001981 -0.014633238876704585 0.036455691066588213 -0.056712470481837612 0.043181176406503215 -0.030026971733226333 -0.017799867624164474 -0.024126460294404677 0.056982880357603842 0.01652027500017612 -0.0030078255030108183 0.063221955951163533 -0.035372272191006936 0.012348244946425294 0.011936228406751001 -0.054505901365691681 0.023890752524169761 -0.062523889078989564 -0.044928525248701084 0.044027222258456712 -0.025257453372795353 0.039677137105801528 0.0055093551558923707 0.0081561478536282695 0.0060517298253338148 -0.0076319536382845115 0.0030525366733395688 0.010712185200266249 0.010880712093418296 -1.1328446204149564e-05 -0.0069229191537385597 0.0033570956906611941 -0.066364858782141364 0.059655015795733436 -0.016098415918172404 0.0049072874611494005
leaf_weight=27.006715998053551 60.254269376397133 788.21285448223352 365.63615991175175 460.09311915934086 157.44866134226322 741.18140165507793 159.94108031690121 592.52621285617352 250.22986203432083 299.96270108222961 40.937139496207237 367.9448497146368 1738.6127861887217 281.28119711577892 15.215082585811613 621.6048863530159 390.71878641843796 22.59751033782959 14.162920996546744 9633.5518550127745 51.830890074372292 20.443334624171257 50.691666603088379 91.967071607708931 53.996865570545197 40.568592354655266 4463.5484015345573 265.28953830897808 117.30335159599781 47.725087970495224 19.956383302807808 75.894985526800156 80.732411459088326 143.51284456253052 44.891537040472031 79.976875931024551 2485.1658902913332 39.504544094204903 29.861527726054192 204.97865089774132 34.997474730014801 44.30040431022644 307.52058817446232 28.752155169844627 21.076287195086479 15.449466139078138 65.024300828576088 16.857022181153297 362.52915334701538 19.468651980161667 317.34145674109459 859.80864633619785 5096.4535221755505 959.82754157483578 347.65129733085632 32055.781814217567 1374.1754297614098 3355.7793581932783 56.27383816242218 52.117374762892723 36.765434712171555 3293.9966636858881
leaf_count=93 347 7607 1177 1394 476 2637 560 2057 736 1107 119 1193 5361 941 61 2063 1359 61 47 31167 183 61 141 305 164 161 13854 987 320 201 53 262 266 498 114 232 8324 96 113 615 104 164 902 113 78 43 223 43 1144 59 1031 2660 15171 2764 1030 103270 4498 10723 226 130 127 18530
internal_value=0.000785729 0.00666122 0.000438111 0.000102833 -0.00269598 -0.0088155 -0.00070751 -0.00737514 0.00646431 -0.0142071 -0.027631 -0.0100811 0.00161533 0.00608915 0.0043725 -0.0120505 0.00149821 0.00417315 -0.0228629 0.000121371 -0.00974393 0.0168515 -0.00416857 -0.0178105 0.00175677 -0.0244328 0.00509696 -0.0035603 0.00777492 -0.021049 -0.0035153 -0.0147849 0.00762139 0.00655319 0.00735298 -0.00958083 -0.00180426 0.000838174 0.0140606 0.00628026 0.000452017 -0.0251822 0.00062248 0.00771683 -0.0316252 -0.0073025 0.0111323 -0.0118893 0.0139455 0.0450432 0.000490855 0.00263724 0.00151019 0.00943981 0.000655673 8.92026e-05 -0.00448878 0.000307881 -0.0553986 0.0465513 -0.0294303 0.00524441
internal_weight=74158.9 4142.46 70016.4 53193 8329.64 2042.83 6286.81 1624.3 410.171 1450.03 340.9 1109.13 4662.51 2019.89 592.806 1214.13 16823.4 5716.77 188.886 11106.6 752.335 175.083 102.523 577.251 145.964 431.287 5527.88 795.954 482.94 313.015 118.449 95.8514 540.826 4731.93 4508.44 223.49 2642.61 10354.3 293.813 234.84 10060.5 79.2979 44863.4 817.209 65.2779 36.5258 751.931 81.8813 670.05 58.9732 44046.2 6943.1 5956.26 986.834 9981.2 37103.1 1691.52 35411.6 70.4368 72.5607 51.9805 3354.25
internal_count=250546 26484 224062 170178 27422 6904 20518 5416 1296 5056 1226 3830 15102 6302 1848 4120 53884 18032 649 35852 2504 515 324 1989 469 1520 17383 2685 1497 1188 376 315 1660 14698 13968 730 8800 33348 883 728 32465 268 142756 2546 234 121 2312 266 2046 155 140210 20688 17831 2857 32197 119522 5529 113993 273 191 188 18877
is_linear=0
shrinkage=0.05


Tree=81
num_leaves=63
num_cat=0
split_feature=25 33 8 15 9 13 6 9 15 17 28 28 9 18 9 6 16 14 2 16 15 9 21 15 16 18 15 9 15 18 15 3 29 21 2 2 16 8 4 9 15 15 17 15 14 15 15 17 16 17 21 9 25 28 15 7 17 28 13 18 21 9
split_gain=55.0687 13.0766 11.4203 37.3283 31.2864 48.1102 38.3544 30.9496 32.6052 57.4433 38.1873 33.7169 29.7937 34.859 44.6335 66.5777 36.0404 30.297 31.417 27.5026 26.309 43.601 40.1047 29.5436 26.7594 26.7254 23.5409 56.5797 47.8542 22.6881 22.6033 22.3112 22.0049 20.6557 19.8195 27.6165 18.2199 15.6959 63.8118 39.3552 59.3262 43.7948 40.176 38.1533 48.2177 29.6702 28.832 37.1018 33.4095 26.8834 25.8573 16.965 14.3306 11.4884 10.7914 8.73517 8.07498 6.49795 6.34707 10.1334 4.40575 5.21965
threshold=1.0000000180025095e-35 1.5000000000000002 277425.80000000005 7.3725000000000014 348550.00000000006 353805.50166666677 1.5000000000000002 290550.00000000006 6.6005000000000011 6.878000000000001 298980.08000000002 453456.20500000002 271450.00000000006 1.5000000000000002 276250.00000000006 9.5000000000000018 6.5320000000000009 486.33970436255362 3.5000000000000004 14.804500000000003 4.2415000000000012 281550.00000000006 13.500000000000002 3.5975000000000006 3.8380000000000005 4.5000000000000009 5.6995000000000013 372850.00000000006 5.6365000000000007 2.5000000000000004 2.6155000000000004 1.0000000180025095e-35 255419.69000000003 16.500000000000004 3.5000000000000004 1.0000000180025095e-35 6.5320000000000009 181678.30500000002 1.0000000180025095e-35 179650.00000000003 5.7425000000000006 6.2885000000000009 17.058000000000003 2.6155000000000004 625.79602027506019 2.5695000000000001 4.8485000000000005 23.089000000000006 23.485000000000003 27.564000000000004 19.000000000000004 202250.00000000003 17.500000000000004 323314.61500000005 6.7615000000000007 348.50000000000006 14.821000000000002 622748.51500000001 976127.62369317131 7.0000000000000009 62.500000000000007 191750.00000000003
decision_type=2 2 2 2 2 2 2 2 2 2 2 2 2 2 2 2 2 2 2 2 2 2 2 2 2 2 2 2 2 2 2 2 2 2 2 2 2 2 2 2 2 2 2 2 2 2 2 2 2 2 2 2 2 2 2 2 2 2 2 2 2 2
left_child=1 -1 12 7 34 -6 19 20 26 10 -10 -11 37 14 16 33 32 18 31 -7 23 54 -23 25 -25 -4 28 -28 -9 -19 -31 -15 -14 -16 35 -5 -20 39 45 46 42 -42 -41 44 -40 51 48 -48 -2 -47 -45 -39 -17 -37 -22 -36 -8 58 60 -60 61 -3
right_child=2 57 3 4 5 6 56 8 9 11 -12 -13 13 17 15 52 -18 29 36 -21 21 22 -24 24 -26 -27 27 -29 -30 30 -32 -33 -34 -35 55 53 -38 38 43 40 41 -43 -44 50 -46 49 47 -49 -50 -51 -52 -53 -54 -55 -56 -57 -58 -59 59 -61 -62 -63
leaf_value=0.0050037504966775267 0.0019481091077382323 0.0058445484006363164 0.019714019673660963 -0.065735080023513012 0.060833867748151561 0.031601668082566682 -0.032284970856301477 0.00073741569805957352 -0.0063602990299668665 0.0055398127574931956 0.028071009968369864 -0.011554685611185632 0.017825041451600101 -0.018829125743326972 0.023332835278286834 -0.062084676713587805 0.034252884514460041 -0.065615947939379179 0.05129239901422486 -0.012101479566650211 0.0060367337967430559 0.024722160858899739 -0.015360450634621143 -0.043114137438149208 -0.0050164795001206349 -0.0039866854446915165 -0.010425294479808559 0.0035690640078332235 0.026715485375103095 -0.06493922586792554 -0.014570209291136442 -0.00021085084248319755 -0.034712561651867126 0.07979182010933128 -0.025461636009276117 0.0022539821992448987 0.0073530555492155123 0.048765916372434562 0.044485461342522514 0.0054848167331664399 0.041227698921999255 0.011820998441277627 -0.019554370367808001 -0.0063620344528600228 -0.046122474699776837 0.0013540087142490001 -0.0021764608673159351 0.0039370404545990634 0.026810813878676155 -0.0078009544251608325 0.012972746577005374 0.01259730117244238 -0.0092289409781560333 -0.038352508797709579 -0.0091760902326893171 -0.074521086237564343 -0.072715571019084393 0.036274539863746978 -0.069620291655237462 0.024866915073264589 0.021549534308724777 0.014883183961284144
leaf_weight=3340.2475204393268 13334.544013977051 319.73815393075347 222.08767218887806 25.926139265298843 27.013716831803322 54.656954944133759 41.460481256246567 9599.2323527634144 100.27035981416702 1577.9820799827576 409.02246175706387 352.97703893482685 24.057418465614319 314.98520268499851 242.52440023422241 25.231397300958633 30.52307665348053 24.690747618675232 27.286355808377266 105.45423686504364 636.3903241455555 606.90741507709026 69.557895243167877 60.453801348805428 194.00695955753326 256.10763838887215 1551.4540099799633 1351.3805179446936 180.61010350286961 23.231335237622261 540.09823489189148 328.96004875004292 116.1845331788063 17.359501153230667 13.053985506296156 72.296017736196518 174.28964018821716 43.049873679876328 74.347857639193535 1231.2930595874786 185.61145381629467 398.3047399520874 184.16228003799915 5513.5546962469816 18.296320676803589 12526.319617450237 12465.751829281449 3098.6211956292391 136.50134189426899 856.72706508636475 178.51869222521782 131.31822969019413 26.078030869364738 22.947131484746933 142.71558763086796 29.7544986307621 17.58910958468914 27.047549229115248 6.102306015789507 5.3039166480302811 102.01318929716945 319.16649053245783
leaf_count=18877 41966 2885 655 118 69 177 160 30950 338 4928 1207 1186 75 1105 715 96 80 96 73 384 1973 1775 232 224 621 847 5070 4262 520 98 1867 1080 438 39 44 239 523 115 205 3808 495 1204 606 18152 71 40289 40533 9395 369 2782 542 410 81 88 470 138 79 258 61 49 1330 3024
internal_value=0.000746518 0.00636448 0.000415956 0.00151291 -0.0133955 -0.00212494 -0.00988523 0.00186614 0.00106194 0.00635472 0.0212921 0.00241496 4.42105e-05 -0.0060763 0.00555657 0.016828 -0.014984 -0.00998729 -0.00392552 0.00281741 0.00742397 0.0113136 0.0206006 -0.000303588 -0.0140676 0.0070206 4.35641e-05 -0.00391039 0.00121717 -0.0187036 -0.0166474 -0.00931796 -0.0257001 0.0271041 -0.0303157 -0.0199835 0.0133009 0.000276933 -0.000841011 0.00097368 0.0077589 0.0211686 0.00222701 -0.0052376 0.0265913 0.00103494 0.000506452 -0.000959359 0.00220004 0.000767946 -0.00575564 0.021527 -0.0352207 -0.00752942 0.00325007 -0.0595609 -0.044328 0.0121963 0.0113307 -0.0256835 0.0119005 0.0103598
internal_weight=74133.3 4119.62 70013.7 17721.3 410.152 246.174 219.161 17311.2 15122.9 2440.25 509.293 1930.96 52292.4 1915.5 481.958 311.193 170.765 1433.54 845.521 160.111 2188.23 1455.57 676.465 732.656 254.461 478.195 12682.7 2902.83 9779.84 588.02 563.33 643.945 140.242 259.884 163.978 121.169 201.576 50376.9 19342.1 31034.8 1999.37 583.916 1415.46 5784.72 92.6442 13557.4 29035.4 15564.4 13471 13383 5692.07 174.368 51.3094 95.2431 779.106 42.8085 59.0496 779.372 752.324 11.4062 740.918 638.905
internal_count=250546 26484 224062 56754 1496 869 800 55258 48461 7659 1545 6114 167308 6366 1524 931 593 4842 2781 561 6797 4450 2007 2347 845 1502 40802 9332 31470 2061 1965 2185 513 754 627 445 596 160942 62566 98376 6113 1699 4414 18970 276 43596 92263 49928 42335 43071 18694 525 177 327 2443 182 239 7607 7349 110 7239 5909
is_linear=0
shrinkage=0.05


Tree=82
num_leaves=63
num_cat=0
split_feature=22 33 13 15 9 17 16 9 14 12 0 17 21 14 13 9 12 4 9 9 21 9 16 15 17 16 29 15 15 17 17 17 6 15 6 15 13 16 13 3 15 7 16 10 21 15 10 10 15 15 16 10 0 17 2 14 10 9 21 6 2 12
split_gain=50.0457 12.0792 8.58786 34.4097 27.2321 35.3942 27.025 50.522 26.1229 35.3957 25.5447 25.3172 24.9993 23.2899 38.6005 22.5869 31.1528 21.4627 20.779 64.3215 56.3936 29.8678 49.4625 28.6331 46.4716 56.1217 34.9457 31.1478 28.9067 25.9498 23.1082 21.7125 20.846 20.7104 18.7853 18.5333 18.0753 17.668 15.7868 14.7493 13.2189 29.8016 30.4822 41.869 40.2708 20.2274 15.6264 18.5072 15.034 36.3604 19.1915 13.0395 12.4071 12.311 9.23801 8.40988 7.77435 4.71669 4.07838 4.37435 8.4566 15.4757
threshold=1.0000000180025095e-35 1.5000000000000002 277176.37666666677 7.3725000000000014 271450.00000000006 24.489000000000001 9.3010000000000019 272950.00000000006 518.78016261239316 -0.0031198853993513495 3.5000000000000004 3.8100000000000005 8.7500000000000018 1000.6568496111221 350041.10333333345 380300.00000000006 -0.00078004576287159992 1.5000000000000002 387550.00000000006 372850.00000000006 5.5000000000000009 329050.00000000006 19.472500000000004 5.4615000000000009 23.089000000000006 24.502500000000001 526168.43000000005 7.3005000000000004 7.230500000000001 22.808500000000006 7.3295000000000003 3.0140000000000007 2.5000000000000004 5.7795000000000014 1.5000000000000002 7.3855000000000013 284527.84000000003 7.448500000000001 712498.67166666675 1.5000000000000002 7.4025000000000007 170.50000000000003 7.448500000000001 0.98450128580931773 11.000000000000002 7.3855000000000013 0.98327574308261456 0.99387603526003754 6.682500000000001 7.0345000000000004 5.8520000000000012 0.96613569506740238 2.5000000000000004 7.4540000000000015 1.5000000000000002 932.53942894372437 0.92079361096708012 643950.00000000012 62.500000000000007 1.5000000000000002 1.0000000180025095e-35 -0.00095749187665739998
decision_type=2 2 2 2 2 2 2 2 2 2 2 2 2 2 2 2 2 2 2 2 2 2 2 2 2 2 2 2 2 2 2 2 2 2 2 2 2 2 2 2 2 2 2 2 2 2 2 2 2 2 2 2 2 2 2 2 2 2 2 2 2 2
left_child=2 56 4 18 40 6 7 11 39 55 33 -6 -9 15 -15 36 37 -12 19 21 29 31 -23 24 26 -26 -20 28 -25 -21 -29 -4 -22 -8 35 -16 -5 -17 -36 52 45 -42 44 -44 -43 48 51 -48 50 -50 -1 -47 -7 -38 -18 -10 -2 58 59 60 61 -3
right_child=1 57 3 13 5 8 10 12 9 -11 17 -13 -14 14 34 16 54 -19 23 20 32 22 -24 27 25 -27 -28 30 -30 -31 -32 -33 -34 -35 38 -37 53 -39 -40 -41 41 42 43 -45 -46 46 47 -49 49 -51 -52 -53 -54 -55 -56 -57 -58 -59 -60 -61 -62 -63
leaf_value=-0.00091142806996509583 0.022782549724435219 -0.035383753859646865 -0.0028935323883292397 0.006675343473772969 0.0059795399304910409 0.018866945112912894 -0.0016189591121516149 -0.0016545189304568129 0.041324479035355716 -0.067171573765091128 -0.036348730353833396 -0.056384530666848634 0.024945751281360781 0.063806635690630761 0.042164278971232871 0.018002313357310517 -0.0046669007450939153 0.004518082974774411 -0.0053116274182628169 0.01766520654748626 -0.026043173698501471 -0.0051018183000189274 0.0097546530881572387 0.0036612367991614319 -0.050533600069845357 0.041706979086507306 0.0063235851876036657 0.019083511481901318 0.036174857607000892 0.050374528862360816 -0.03317633958996672 0.004323737333731416 0.010295835529314802 -0.023302277373705604 -0.060992402537417549 -0.0066405622367903087 -0.063242384930438045 -0.044437868239109057 -0.0039944102025569334 0.0048481672258943636 -0.055773316938097256 0.024987607092303788 0.018797510323768255 -0.0077407226665589003 -0.023701013097602142 -0.014890385435519689 0.0062547665487807588 -0.031786473471426942 -0.005694212073988297 0.0016115290501458029 0.001364168707526465 -0.072658521042312255 0.06615151593902506 -0.030501361465414975 0.038666357081819966 -0.0069908182308494249 0.0044486984929567258 0.043868992311781242 0.020471877285982917 0.014532624839551977 0.0087618690298615215 0.03783855020246793
leaf_weight=14316.717839628458 58.863947622478008 27.660733632743359 1212.638505205512 24.945960491895676 22.489762589335442 22.151795640587807 316.48179207742214 548.01066470146179 19.165818452835083 18.012006178498268 189.92297925055027 58.87856513261795 105.29941396415234 22.099614456295967 25.418385967612267 15.14949284493923 18.863260209560394 38.669407352805138 2738.4385700821877 763.58569873869419 100.13897788524628 2824.6088039577007 698.87254106998444 2290.7446632832289 96.163842275738716 19.903265684843063 844.29973661899567 27.321371108293533 70.463672965764999 65.866445824503899 93.690586417913437 7409.2780801951885 65.136074393987656 168.88912773132324 24.390456482768059 82.872396931052208 39.427036598324776 44.926690876483917 24.203316375613213 28.770553529262543 19.333245843648911 318.48042459785938 217.40158902108669 469.78833691775799 49.004045858979225 18.906368419528008 80.745182797312737 52.930561915040016 3347.0519935339689 3467.4772235155106 26259.534228444099 20.210917547345161 37.120697900652885 105.63528580963612 35.3441461622715 16.991308271884918 3268.0730857998133 11.241931241005657 103.42185320705175 279.22415575385094 339.61300127580762 9.7631258741021139
leaf_count=46534 347 261 4089 81 79 61 988 1833 52 73 739 229 309 55 72 54 74 129 9116 2277 346 9280 2083 7244 358 51 2686 92 192 162 351 23142 191 589 95 289 177 190 80 91 73 941 638 1630 167 65 261 198 10954 11103 82751 83 91 409 111 54 18530 111 1376 2618 3156 85
internal_value=0.000709237 0.00607984 0.000394895 0.00127724 4.73504e-05 -0.00639 -0.00872673 -0.00199445 0.0174131 -0.00990713 -0.0156543 -0.0391474 0.00263287 -0.012189 0.00193995 -0.0210843 -0.00389491 -0.0294356 0.00160012 0.00272472 0.0149484 0.00172358 -0.00215508 -0.000790632 -0.00357844 -0.0347161 -0.0025697 0.00336354 0.00463152 0.0202626 -0.0213774 0.00330866 -0.0117217 -0.00916386 -0.00677493 0.00481508 -0.0326393 -0.0286922 -0.0326032 0.034222 0.000257905 0.00574339 0.00687105 0.000654997 0.018495 0.00013404 -0.016942 -0.00880813 0.000196302 -0.00197679 0.000561259 -0.0447377 0.0484799 -0.0394002 0.0235871 0.0186197 0.00477308 0.0117192 0.0112434 0.00978907 0.00627611 -0.0162815
internal_weight=74110.7 4097.86 70012.9 19784.4 50228.4 1590.85 1448.64 734.678 142.212 54.1691 713.963 81.3683 653.31 463.276 178.984 284.292 114.284 228.592 19321.2 13140.1 994.727 12145.4 3523.48 6181.03 3698.81 116.067 3582.74 2482.22 2361.21 829.452 121.012 8621.92 165.275 485.371 156.885 108.291 170.008 60.0762 48.5938 88.043 48637.6 1074.01 1054.67 687.19 367.484 47563.6 172.793 133.676 47390.8 6814.53 40576.3 39.1173 59.2725 145.062 54.2074 36.1571 3326.94 770.925 759.683 656.261 377.037 37.4239
internal_count=250546 26484 224062 63347 160715 5317 4895 2450 422 179 2445 308 2142 1687 591 1096 429 868 61660 41570 2976 38594 11363 20090 12211 409 11802 7879 7436 2439 443 27231 537 1577 536 361 667 244 175 243 155398 3449 3376 2268 1108 151949 607 459 151342 22057 129285 148 152 586 185 106 18877 7607 7496 6120 3502 346
is_linear=0
shrinkage=0.05


end of trees

feature_importances:
Column_17=626
Column_15=615
Column_16=510
Column_9=437
Column_10=255
Column_13=241
Column_0=210
Column_7=190
Column_14=161
Column_8=154
Column_29=146
Column_6=145
Column_18=137
Column_3=135
Column_5=118
Column_28=118
Column_27=106
Column_1=98
Column_25=92
Column_19=84
Column_2=82
Column_11=79
Column_12=78
Column_22=77
Column_4=70
Column_21=65
Column_20=43
Column_33=24
Column_24=16
Column_23=14
Column_26=10
Column_34=4
Column_35=4
Column_30=1
Column_32=1

parameters:
[boosting: gbdt]
[objective: binary]
[metric: auc]
[tree_learner: serial]
[device_type: cpu]
[data_sample_strategy: bagging]
[data: ]
[valid: ]
[num_iterations: 500]
[learning_rate: 0.05]
[num_leaves: 63]
[num_threads: 0]
[seed: 42]
[deterministic: 0]
[force_col_wise: 0]
[force_row_wise: 0]
[histogram_pool_size: -1]
[max_depth: 7]
[min_data_in_leaf: 50]
[min_sum_hessian_in_leaf: 0.001]
[bagging_fraction: 0.8]
[pos_bagging_fraction: 1]
[neg_bagging_fraction: 1]
[bagging_freq: 5]
[bagging_seed: 400]
[bagging_by_query: 0]
[feature_fraction: 0.8]
[feature_fraction_bynode: 1]
[feature_fraction_seed: 30056]
[extra_trees: 0]
[extra_seed: 12879]
[early_stopping_round: 0]
[early_stopping_min_delta: 0]
[first_metric_only: 0]
[max_delta_step: 0]
[lambda_l1: 0]
[lambda_l2: 0]
[linear_lambda: 0]
[min_gain_to_split: 0]
[drop_rate: 0.1]
[max_drop: 50]
[skip_drop: 0.5]
[xgboost_dart_mode: 0]
[uniform_drop: 0]
[drop_seed: 17869]
[top_rate: 0.2]
[other_rate: 0.1]
[min_data_per_group: 100]
[max_cat_threshold: 32]
[cat_l2: 10]
[cat_smooth: 10]
[max_cat_to_onehot: 4]
[top_k: 20]
[monotone_constraints: ]
[monotone_constraints_method: basic]
[monotone_penalty: 0]
[feature_contri: ]
[forcedsplits_filename: ]
[refit_decay_rate: 0.9]
[cegb_tradeoff: 1]
[cegb_penalty_split: 0]
[cegb_penalty_feature_lazy: ]
[cegb_penalty_feature_coupled: ]
[path_smooth: 0]
[interaction_constraints: ]
[verbosity: -1]
[saved_feature_importance_type: 0]
[use_quantized_grad: 0]
[num_grad_quant_bins: 4]
[quant_train_renew_leaf: 0]
[stochastic_rounding: 1]
[linear_tree: 0]
[max_bin: 255]
[max_bin_by_feature: ]
[min_data_in_bin: 3]
[bin_construct_sample_cnt: 200000]
[data_random_seed: 175]
[is_enable_sparse: 1]
[enable_bundle: 1]
[use_missing: 1]
[zero_as_missing: 0]
[feature_pre_filter: 1]
[pre_partition: 0]
[two_round: 0]
[header: 0]
[label_column: ]
[weight_column: ]
[group_column: ]
[ignore_column: ]
[categorical_feature: ]
[forcedbins_filename: ]
[precise_float_parser: 0]
[parser_config_file: ]
[objective_seed: 16083]
[num_class: 1]
[is_unbalance: 0]
[scale_pos_weight: 2.19368]
[sigmoid: 1]
[boost_from_average: 1]
[reg_sqrt: 0]
[alpha: 0.9]
[fair_c: 1]
[poisson_max_delta_step: 0.7]
[tweedie_variance_power: 1.5]
[lambdarank_truncation_level: 30]
[lambdarank_norm: 1]
[label_gain: ]
[lambdarank_position_bias_regularization: 0]
[eval_at: ]
[multi_error_top_k: 1]
[auc_mu_weights: ]
[num_machines: 1]
[local_listen_port: 12400]
[time_out: 120]
[machine_list_filename: ]
[machines: ]
[gpu_platform_id: -1]
[gpu_device_id: -1]
[gpu_device_id_list: ]
[gpu_use_dp: 0]
[num_gpu: 1]

end of parameters

pandas_categorical:null
